image,EN,AG,SF,MI_IR,MI_VIS,SSIM_IR,SSIM_VIS,SCD,VIF
I00000.jpg,6.8434985896979,3.5201942398479025,10.229970566630074,1.6462512094198196,3.833195620181799,0.48050389193538495,0.958590680592113,1.6577167182571082,0.09232795013765578
I00001.jpg,6.84199958220641,3.5097346207923663,10.222577347349787,1.6459387542400243,3.8361152169712085,0.4809089551473794,0.9583701577363486,1.6576555118444147,0.09285704441816757
I00002.jpg,6.846659578685908,3.515583008955349,10.247857409971024,1.6475784877663904,3.839788918652984,0.479994113057403,0.9577773293450833,1.6573214400378893,0.09332636782388172
I00003.jpg,6.848430952731387,3.5138061941667766,10.255178629623678,1.6488800801951078,3.8364615739565235,0.48012071970415715,0.9567053608261256,1.6568278802208438,0.09231354024606514
I00004.jpg,6.844226227989823,3.521224930100762,10.252285583291783,1.6448330196191874,3.8328280990346717,0.4797308941178298,0.9575355470582889,1.6562856131626285,0.09126539687402782
I00005.jpg,6.843520146327686,3.5019091655820707,10.23168722190347,1.6485496828752229,3.8323783987884203,0.4800291288644717,0.957681232389754,1.6564221467153306,0.09211465292581165
I00006.jpg,6.844450465460229,3.504447446571243,10.223058357525527,1.6458445729314746,3.8375394007508064,0.4807303037775621,0.9587379145514563,1.656398371109082,0.09296934028491459
I00007.jpg,6.844488416119595,3.511212689062759,10.258745073847779,1.6449232172117076,3.8274270793227236,0.48073286550594063,0.9565445173491466,1.6561803536432602,0.09178778305371228
I00008.jpg,6.844690748794874,3.509835503909321,10.214257984624757,1.6471152387517896,3.8360064451371727,0.48069703065491554,0.9588773378323411,1.65701575680361,0.09249842030574253
I00009.jpg,6.845914114273314,3.5103577800297128,10.228601078569337,1.6471558672347864,3.8437804176853376,0.4812277872605807,0.9580444914110247,1.6575060912909867,0.0931898950367267
I00010.jpg,6.840759079734506,3.4977756809550895,10.215146535904417,1.6441883739824776,3.835960601125822,0.480926045406936,0.9585949446348346,1.6571890834264558,0.09182629814391575
I00011.jpg,6.842083226983699,3.506870569620096,10.214997324675972,1.6475124900280311,3.8333940684842407,0.4806253849298234,0.9582907578645198,1.6574391648641629,0.0917336815633725
I00012.jpg,6.843478550092307,3.4986201858760326,10.200908414229106,1.6462019343377543,3.833801774527007,0.4810136270171286,0.9582880427580547,1.6574402291325896,0.09197089480157722
I00013.jpg,6.84226532427269,3.494036398387639,10.215430706035058,1.649039971970285,3.834676929198828,0.4812947042632084,0.958632210875992,1.65747343487647,0.09269800256291934
I00014.jpg,6.843040800215029,3.504221016400474,10.204818072227201,1.6434038640187785,3.8293990289656974,0.48032433008384334,0.9592356856796945,1.6575295154408796,0.09185226813437669
I00015.jpg,6.849848938960218,3.5260228097762107,10.261580318706027,1.649673232727126,3.8380506571778135,0.4809480571041874,0.9570298284912416,1.6571286047854938,0.09309369229838571
I00016.jpg,6.846511321559294,3.5240846622795443,10.251188058837233,1.646339904030774,3.83704999140008,0.48095063092813173,0.9579808840328388,1.656757356601253,0.09246322844401773
I00017.jpg,6.843332173519153,3.5086572516013095,10.228827217721491,1.6532752603536665,3.8457549153010397,0.48113172497338386,0.9585306107548304,1.6573036181945535,0.09306827046823209
I00018.jpg,6.845511078270528,3.5180807452714546,10.251759622993854,1.64520148112393,3.8342425425532856,0.480792469142998,0.9579116748346376,1.6565761834507367,0.09184696802942878
I00019.jpg,6.842666259516853,3.5100823757550277,10.216575554163027,1.6488526216507138,3.8326970443934383,0.48065665211879316,0.9580058689980981,1.6560035315743504,0.09327584474611648
I00020.jpg,6.843525902808272,3.5155076696401557,10.241037299780244,1.6465570181332425,3.837875035794175,0.48038240792821335,0.9574580705331153,1.6559314630092472,0.09322531873988142
I00021.jpg,6.844788889054815,3.5100036563382937,10.239766531882013,1.6453491871016257,3.8371941205565765,0.48063342164101724,0.9569861136404898,1.655085343726801,0.09252209500979712
I00022.jpg,6.842543450316698,3.5050235302833563,10.22135748797873,1.6476485111718975,3.8332452873160925,0.48113887083462686,0.9581978758038013,1.6558874973970115,0.09231155246243934
I00023.jpg,6.8431832557183,3.5140696800637805,10.240818909456143,1.6400973488865858,3.8284969619624225,0.4812466782251864,0.9571960948119292,1.656308256761903,0.09302555313098253
I00024.jpg,6.839391478556219,3.505195513559338,10.223333317350415,1.646795428531317,3.835689283033479,0.4815558101458733,0.9586711779358807,1.6566957648388374,0.09222487407968807
I00025.jpg,6.842214707450532,3.518655703401116,10.234004586546314,1.6463750093887102,3.83489264247887,0.48166644905831446,0.9580663091852875,1.6568912303277359,0.09217736781771586
I00026.jpg,6.83949412350868,3.5013442056673076,10.228287320935399,1.6430960462186093,3.828616133570991,0.481906901299722,0.9586644628167784,1.6570528656434291,0.09193809490013055
I00027.jpg,6.840922063719022,3.4919992411352143,10.193577520751418,1.650422434885315,3.8307495245159675,0.48237906794918073,0.9590025864107345,1.6581241530714945,0.09307699459218062
I00028.jpg,6.839504477058227,3.497327649099019,10.186694001557745,1.647302369245485,3.8264504511010253,0.4825115169779262,0.95862880256468,1.6583793040304902,0.09289916459595905
I00029.jpg,6.844484448815631,3.5128035343941644,10.254008960153193,1.6467834506121868,3.827967879698365,0.4820725211201509,0.9566741249434022,1.6582322979194033,0.09314631574826629
I00030.jpg,6.844226336610922,3.5122940232376854,10.231624340355586,1.6494824748291015,3.8348338670240807,0.48180366204674047,0.9577184416589061,1.657107200900584,0.0914533716655614
I00031.jpg,6.840669159100258,3.5092847135033556,10.223183476400925,1.64562321779579,3.832829785493457,0.481632474899394,0.9577252686260685,1.657398017229977,0.09200345683747152
I00032.jpg,6.84547136664485,3.5255034977486592,10.24927514175381,1.6455605463356597,3.830384502832882,0.48107001321163256,0.957499298434341,1.6564483229835592,0.09079294924858963
I00033.jpg,6.846640138861931,3.5358622574581355,10.275615857455941,1.6433543156335635,3.828696282622475,0.4812753889143644,0.9559220359781478,1.6573459582335568,0.09245424710636647
I00034.jpg,6.839719941505668,3.5117657265060016,10.218065089177435,1.6450793954315477,3.829725883655708,0.4817942166174031,0.9587096202585809,1.658044926465418,0.09248096171982927
I00035.jpg,6.844142634418731,3.5298866968609737,10.250168877135827,1.6404217187707637,3.8207374385226935,0.4822605733730066,0.9563874493953255,1.656848907176649,0.09194226811381452
I00036.jpg,6.843654843189306,3.5122250271709303,10.243607523623659,1.6410719021060627,3.831994213972923,0.4824829743343483,0.9578842470587337,1.6574713453720515,0.0922130042882794
I00037.jpg,6.842841563427858,3.5092592833873923,10.223576055027966,1.6427055600745895,3.8370400198436254,0.4815395183213067,0.9583488659880841,1.6561541792728462,0.09145700394047825
I00038.jpg,6.842353483658576,3.5086080585658155,10.22871489757547,1.6478155712930627,3.838356964084525,0.4816268646881879,0.9579624220868397,1.6566528942963887,0.09237393152145269
I00039.jpg,6.845332003083742,3.5106618915888643,10.239497997470194,1.6406311231675532,3.8308953620723627,0.4819815842525659,0.9572513504375243,1.6568524643995306,0.09223050203458356
I00040.jpg,6.839974533483598,3.5111457967272437,10.216434610565507,1.6461783512040178,3.827881278999172,0.48228223717313284,0.9580103373913925,1.6565418289857718,0.09229290855656704
I00041.jpg,6.838783414910486,3.491493619429309,10.206040658912375,1.6442044899033368,3.8357190876072904,0.4818250314268377,0.9585663881561433,1.6566186440498019,0.09150243983485634
I00042.jpg,6.838832707471272,3.499248280046021,10.208366096386,1.6429905036604564,3.8364618334757274,0.4822125454880915,0.9589118562927283,1.6562653981906785,0.09203650383135908
I00043.jpg,6.83797151096165,3.4976891328576905,10.191259230629075,1.6449847636401413,3.830488807254817,0.48068252034019454,0.9592285194794532,1.6561078301889487,0.0922387410732721
I00044.jpg,6.841099527135183,3.5037596806700995,10.219127196672165,1.6427709815389124,3.8402109476678046,0.48137467866832956,0.9581457883196224,1.6561457197787424,0.09265530635310933
I00045.jpg,6.837078457425754,3.4986181934452234,10.195653389519267,1.6468299194844507,3.834000832481096,0.48096640509267685,0.9592871253415973,1.656662893196535,0.0928178542874847
I00046.jpg,6.845238829922179,3.5047698250232617,10.23355402896401,1.6454882615015207,3.8427115545367005,0.48154655825395687,0.9576840722944897,1.6562528032679436,0.0922833760455782
I00047.jpg,6.843360937480626,3.505796543239466,10.217368700490587,1.6466870973248589,3.8360957941892098,0.48197694263093754,0.9576483193906729,1.6572327977943986,0.09281312001891813
I00048.jpg,6.8416711112954856,3.503576340021234,10.21995461958959,1.6429804247185427,3.835428668477168,0.48199296792869817,0.9584427716887088,1.657079124891173,0.09253186135231659
I00049.jpg,6.843494749586825,3.5104689503639577,10.240602010346546,1.6458607439429198,3.8326130308348,0.4822868679496233,0.9574596435491155,1.6567729182674948,0.09230019124556257
I00050.jpg,6.844843151607099,3.508600437912079,10.23852777406948,1.6443711186469399,3.8340700924902444,0.48199440563507695,0.9578000932005681,1.6567914523221736,0.09242660969502152
I00051.jpg,6.838739003744401,3.511724740508669,10.23521395865332,1.6476052193961663,3.828036641510834,0.4820958081025145,0.9584043095006733,1.6585203136576228,0.09146328672380187
I00052.jpg,6.847782470475207,3.517026842684521,10.259611108518646,1.643575361189039,3.829314479319631,0.4825037392489579,0.9557973221056036,1.6578980034266508,0.09266040961438976
I00053.jpg,6.8470976407394275,3.5192302723281887,10.25505390111168,1.6448634522769263,3.8350927459271853,0.4821650468182664,0.9569656612206068,1.6571659628304305,0.09271609971960364
I00054.jpg,6.839689952028051,3.501502242551594,10.212174647420193,1.641760604335336,3.838018681995681,0.48269345698988986,0.9584830074804976,1.656749453123305,0.0927316633111614
I00055.jpg,6.843963718774998,3.51214740736989,10.247964288522063,1.6444496623360028,3.830590403797509,0.4824928812149463,0.9570461959919897,1.657025328726523,0.09126640713427679
I00056.jpg,6.840715464332978,3.502366556912351,10.2200018346378,1.6464667459374214,3.832302432884556,0.48315057679935386,0.9582446984978974,1.6577176700831358,0.0924315042412111
I00057.jpg,6.845233737126049,3.517011575708867,10.230091857445109,1.6427255704230985,3.8369690976424984,0.48258571907351766,0.9576845849944637,1.6585877603839003,0.09256238533904751
I00058.jpg,6.842446271753689,3.506916327832724,10.232491173352905,1.6439727157232542,3.834423604141162,0.4832841604769591,0.9583678362411646,1.6583803280722158,0.0935371722112872
I00059.jpg,6.839332407144468,3.5027131654945314,10.219892415304193,1.6433521544137868,3.8378937957642636,0.48267835335557174,0.9583063531402387,1.6577306214595502,0.09315002450800024
I00060.jpg,6.839273377217538,3.496398666308623,10.2160590013766,1.641086806406767,3.840099687794917,0.4830947257653984,0.9589390114058636,1.6582505441075934,0.09332576441458752
I00061.jpg,6.8362005660208105,3.487985140469222,10.194225195100968,1.6355449654136165,3.835348500668952,0.4829570801578465,0.9610093476090138,1.6607634554269257,0.09472593771673522
I00062.jpg,6.8379723526739085,3.497268324753922,10.217778743493147,1.640813348594976,3.839520944732079,0.48348746842062973,0.9607490226345451,1.6620323595683995,0.09471094221322593
I00063.jpg,6.836648662083943,3.48209864863215,10.182487790222938,1.641596632086277,3.8483229367811567,0.48299049847601744,0.9611692994604232,1.6621354596930757,0.09608533554618812
I00064.jpg,6.841347390558095,3.492784657791387,10.208420867972041,1.6403108073474475,3.8435027268751467,0.48064831967437666,0.9597770947853214,1.6616228797306172,0.09447712676601414
I00065.jpg,6.840777121714208,3.4886734423908385,10.214604416341974,1.6429834858814991,3.8462180301026754,0.48026051518191576,0.9599905116887338,1.6634845699433094,0.09498586941560963
I00066.jpg,6.847455484874657,3.5108469649559146,10.25812163294404,1.646640881507168,3.8442596836385667,0.4802807620632482,0.9574296987345319,1.6629233829191468,0.09402094597630158
I00067.jpg,6.841694106041758,3.5071320336342335,10.258792856976543,1.6394443741488662,3.8352076762680163,0.4801490177146599,0.9577750460752572,1.6627967533637684,0.09204078693856022
I00068.jpg,6.8427772279345085,3.52106055233807,10.25218547360972,1.636300979328106,3.8288468992973295,0.4803583980598471,0.9577717025089887,1.6613382217467303,0.09138972454168645
I00069.jpg,6.820242989855958,3.4678268147139564,10.121102644969074,1.635810759000529,3.82169309719214,0.48003319350032614,0.9608570213003927,1.6612532368423747,0.093854383568978
I00070.jpg,6.818901733132843,3.458315842603237,10.108663594009979,1.6373894037316121,3.830565620729149,0.48034527784755837,0.9611111575479967,1.6605250907098936,0.09370218832010861
I00071.jpg,6.819371896522983,3.4725896339209616,10.128377099593429,1.6416887568204976,3.8301169618989968,0.4806588707348383,0.9611344809341229,1.661292340338695,0.09457483852971253
I00072.jpg,6.821369252276689,3.469865635672199,10.11080613676744,1.644285292193147,3.830607671979348,0.4813934790882896,0.9610785440387891,1.6625635250556794,0.0957308374273621
I00073.jpg,6.823494746020523,3.4687698309146664,10.100056269256962,1.6448400166550539,3.8400850135280447,0.4810583555116416,0.9618904457844721,1.663494845655454,0.09656615479493018
I00074.jpg,6.829910700635355,3.4800865209749032,10.119797895031033,1.6426198919433346,3.8372173555610303,0.48154298733072,0.9617020043940571,1.6632593528557587,0.09858655055004642
I00075.jpg,6.838196132780407,3.486961967743437,10.15891122751013,1.6458719464530391,3.8468826565336327,0.4824004068850289,0.9605464499469468,1.662949355289975,0.09683040609020829
I00076.jpg,6.838487219678262,3.4990622420038564,10.17482897192101,1.6419864123464623,3.8440758837578866,0.48189975570418314,0.960005704223579,1.661703012283468,0.09763512946376623
I00077.jpg,6.832882698700469,3.4825539226752213,10.10716020947526,1.6364741391816795,3.8417188161530995,0.48152601558281555,0.960522439626605,1.6621700570764162,0.09804889627836869
I00078.jpg,6.825244808601512,3.4926406132894834,10.144231010486584,1.6329744644757842,3.8312839422795184,0.4804920815894591,0.9606592759611816,1.6617479219706173,0.09769182640419793
I00079.jpg,6.823373568895979,3.4950850233994677,10.168764348845583,1.6360800180415207,3.835445138170946,0.4798816805141797,0.960967381666928,1.663641979953423,0.09461469585736544
I00080.jpg,6.828098354694322,3.518394943341855,10.248878316196173,1.6397082123882245,3.838100793965236,0.4816185419863885,0.9600247711449391,1.661506202888392,0.09549683436764297
I00081.jpg,6.8373519982365405,3.5326123638590956,10.247309546470062,1.6281198806321688,3.8414490094933913,0.4821203087744844,0.9597961749702678,1.6616376335148333,0.09604528806707145
I00082.jpg,6.837475553512142,3.5451855103545413,10.333141848716018,1.635118836045082,3.843532481275687,0.4834081206446936,0.9594880139058188,1.6618551810816218,0.09757952318149545
I00083.jpg,6.831962007013096,3.5447740613406666,10.329699709015328,1.6407153597046729,3.833787732004825,0.4830273994042129,0.9606179642267767,1.661873529978029,0.09505023686627166
I00084.jpg,6.83147615196469,3.5167217825902255,10.27094345285596,1.6424892828562176,3.8434622071433058,0.48220974190379734,0.961153287099635,1.661705479335252,0.09300546347857587
I00085.jpg,6.850935468585348,3.55879156249879,10.441647496970024,1.6451353315469737,3.8345753994974583,0.48410649660294514,0.957909340823666,1.6625453472347993,0.09388287105208111
I00086.jpg,6.834596837666526,3.5278411893776704,10.32344710109078,1.6337631048272485,3.831539119111052,0.48815081416963474,0.9594860537635252,1.6609835215627735,0.09664811613288307
I00087.jpg,6.827800025070057,3.5095051883148667,10.284181260128415,1.6398466090570012,3.8282012894732143,0.4875869998341377,0.9603000659108234,1.6622755679487327,0.09603978340775363
I00088.jpg,6.835634449061041,3.528652418106432,10.415186904698539,1.6402379649466976,3.8342784529431944,0.4881813992851228,0.9576516761770788,1.6611846040029161,0.0964941467845441
I00089.jpg,6.841593810885482,3.537509631574383,10.467400227588024,1.6454663567475887,3.847526960231543,0.49014008791989444,0.9563110128665779,1.660206789502149,0.0977377428891773
I00090.jpg,6.837152476458372,3.5102848024050415,10.402142325068446,1.6424773839835685,3.8468010094951373,0.4941234275749931,0.9573030924337761,1.6593259956936657,0.09914431793253868
I00091.jpg,6.845129295389054,3.52472677486539,10.442719870048883,1.6446025807874882,3.8531661000810677,0.49144697556627637,0.9585521487142593,1.6617487808155258,0.10013820185237676
I00092.jpg,6.831292156485277,3.4676664358263616,10.35240200767104,1.6400488021773825,3.8355278569472078,0.49471814505789624,0.958395916405876,1.6582873432245875,0.09955872469673362
I00093.jpg,6.833409015889139,3.4963727060390037,10.415929630788094,1.6429974825562117,3.8378145662869017,0.49600384497550537,0.956006462807604,1.6563597135903736,0.10031171131720557
I00094.jpg,6.82583096107868,3.4632848078686194,10.296800289457904,1.6483653038649493,3.8441461837221245,0.4985798263478081,0.9578302954063199,1.6548336234890701,0.10210476621213035
I00095.jpg,6.835771539224156,3.4785038147065865,10.336785130698775,1.6283995757309224,3.839099493504808,0.507084961104261,0.9543917218778291,1.6501620059806181,0.10770875601410414
I00096.jpg,6.836086384547572,3.489862203103141,10.38795184359756,1.6609129946420975,3.8444022889935514,0.4997159650308745,0.9525694075334529,1.6521547264208187,0.1065501893985525
I00097.jpg,6.830293482531348,3.4619197197814153,10.327308144182682,1.6581629770876707,3.8259014564696576,0.5036493269141956,0.9545077330425604,1.6501452875757758,0.10920100614000768
I00098.jpg,6.808172775507065,3.430806555016623,10.245867621086248,1.6552045755658524,3.8107187704224468,0.505925200402392,0.9568401156008667,1.6502723237755672,0.11111603283277958
I00099.jpg,6.829283349691918,3.4689786407754566,10.353530970346375,1.6497445124027275,3.8113040758331964,0.5118423250312893,0.9503790253431122,1.646188937324243,0.11688025469614444
I00100.jpg,6.805170798320035,3.3978423844778174,10.146491352418622,1.6551333840145517,3.7943693543728854,0.5135332720320493,0.9553776520243937,1.6460210524476548,0.1188268481177039
I00101.jpg,6.804740442403646,3.3867757993185097,10.131765169069824,1.663674966017338,3.7738060991083477,0.5159103627089474,0.9545649117731473,1.647008388539828,0.12583923913142103
I00102.jpg,6.810872915094037,3.40087257108548,10.171379191479529,1.6598770909481924,3.764912221678512,0.5202706164554242,0.9511082261966711,1.6459956246261007,0.13023290869452384
I00103.jpg,6.810763146066034,3.379658903672857,10.018876179590242,1.6612010087018074,3.758777250554105,0.5220245797542752,0.9491990873711351,1.6457569775203056,0.13476941492298194
I00104.jpg,6.817071407312558,3.3746783493560737,9.93340879527857,1.6596103524756605,3.747941515295264,0.5239377450712494,0.9445788347839276,1.6471323507382636,0.1398615864566171
I00105.jpg,6.797326922343226,3.3409822974606413,9.821373376468284,1.6654769340463862,3.736963488347861,0.5242774718623483,0.9480147177352543,1.6464534535670665,0.14009110052697166
I00106.jpg,6.8195141987254155,3.4030565038981164,9.950465552218265,1.6563378796133883,3.7296333681012754,0.523762016793957,0.9463353786321925,1.6452170235300745,0.14461027392932382
I00107.jpg,6.824171026922923,3.42147073619297,10.016840904980286,1.6519201083512933,3.7288123100188106,0.5250628506152353,0.9403461894769,1.644246849786803,0.15198141370995014
I00108.jpg,6.810379941652934,3.4144149526374323,9.960232662010087,1.6503012431747859,3.7149234038864187,0.5278080469131947,0.9435832985878702,1.6427668660075276,0.15400441989562977
I00109.jpg,6.852216259825034,3.5349342106083967,10.290437630035328,1.6509613175782865,3.720009463105812,0.5229883533436626,0.9450683063874937,1.6421794205819829,0.15859577875287525
I00110.jpg,6.861255819069083,3.5729384997563245,10.424641310188012,1.6389495042748572,3.722790436828078,0.5258272684651705,0.9427317419317605,1.6366107569758293,0.15907757113548465
I00111.jpg,6.82504696766256,3.4923189517519373,10.180650740979376,1.6431090043413303,3.700295722593343,0.531816373762338,0.9429586994520642,1.6364406063598946,0.1654822964825497
I00112.jpg,6.797291664370039,3.4249667638395596,10.010073051681491,1.6378424843248571,3.68824448934051,0.5354407516842212,0.9425688900148137,1.6322425124802613,0.16405005859988298
I00113.jpg,6.812250080995853,3.4419992092944387,10.095367100172975,1.6686255379350214,3.689040083634141,0.5331544166777226,0.9381776241184907,1.6371746108631764,0.16879467026923625
I00114.jpg,6.781601509473066,3.3918039419561965,9.972340731085293,1.6688296530870448,3.670821523393956,0.5382644003277798,0.9385459712307322,1.636771451084193,0.17259236101350042
I00115.jpg,6.766332764659151,3.356906046183094,9.87733901313467,1.6585107638966645,3.671067922364877,0.5421029112309622,0.9412429486302513,1.63434926924946,0.17615638496640437
I00116.jpg,6.793830440106533,3.400200646727842,10.00382662691495,1.6659851666834542,3.6675241643894587,0.5395183114712105,0.941000265090049,1.635673821442797,0.17956641664011583
I00117.jpg,6.76669919370479,3.331363019102183,9.840866952532737,1.6666286768551535,3.665887053968149,0.5459762113866422,0.9402972499957533,1.6362131926069814,0.18078377029864803
I00118.jpg,6.770818085650339,3.3161537220586066,9.795481369979111,1.6894986213886516,3.656818175346682,0.5440224503440291,0.9407273911489523,1.636320729255106,0.18820848150831176
I00119.jpg,6.817492975518133,3.399205357545499,10.04386061379845,1.6896022428216932,3.6818609472870074,0.5472913664607373,0.9342710625250332,1.6348307788109881,0.1969878955611129
I00120.jpg,6.811612665195622,3.3653400499007864,9.923978808530219,1.6808437464336725,3.6827204335112373,0.5524005229410404,0.9377764661762463,1.6299803294143516,0.2042717713727756
I00121.jpg,6.8344390599052405,3.415592074870982,10.075288731083882,1.6818072303495302,3.680255521333173,0.546244138505974,0.9384607382670282,1.6326811669178607,0.20715306445022857
I00122.jpg,6.766778128517357,3.252586105742599,9.580789570751442,1.6758026616738841,3.6610208172634255,0.5565805350500314,0.938938912870699,1.6361836292285457,0.20720353832627325
I00123.jpg,6.824509340649828,3.3738844095777614,9.981433438158676,1.7099938406782529,3.661676535948215,0.5518680931656518,0.9360220853070498,1.640604175629731,0.2161429331232022
I00124.jpg,6.844397198737411,3.395604650165866,10.035160307736035,1.7051764085284018,3.668391568207262,0.5529197421160119,0.934618808883289,1.6404523076499355,0.22259835362579028
I00125.jpg,6.818049769772219,3.348899606796188,9.876043162821919,1.6804054955176444,3.653084217161538,0.5554353530991423,0.9357879041114293,1.635736105619686,0.22553599068609964
I00126.jpg,6.878630293916421,3.4553253864954976,10.20298804632885,1.6919652853112224,3.654128391168199,0.5551492688304512,0.9310883864003802,1.6330492792038533,0.2385994388428445
I00127.jpg,6.828317145976296,3.2967338574937193,9.708449833097184,1.7046339106594557,3.6475347357726644,0.5638297084515945,0.9317164339422858,1.6322886774834902,0.23627882235247305
I00128.jpg,6.832494192397714,3.2967699008963645,9.719851893590423,1.735906657941206,3.6395459594630113,0.5714843350779566,0.9305946625642986,1.6366660951229748,0.24346252557762235
I00129.jpg,6.888083258933372,3.3771736006915645,9.978104859798641,1.7167964561396865,3.6610570429478897,0.5658605586585027,0.9274878417413406,1.6335769987680155,0.24724752972795977
I00130.jpg,6.839387887699879,3.270076676973219,9.619405682591546,1.7391947602411342,3.6465562415014237,0.5775605185744115,0.9284847914992,1.6358500473291575,0.25198063152828865
I00131.jpg,6.852727528276789,3.260701506072319,9.629994566101127,1.7598646037465226,3.653918960565318,0.5819319526584413,0.9274414049979216,1.6359618359762278,0.2596443393099174
I00132.jpg,6.860489534305201,3.2492752848930824,9.633886272210315,1.7763455559756165,3.6598971751384575,0.5799947903877727,0.9247760440206476,1.6347264194301656,0.2665028127020481
I00133.jpg,6.862031180648804,3.2240160416696866,9.657114744895518,1.7747933832729532,3.670136018798969,0.5871317564153453,0.9267797652382811,1.6339733295568868,0.26894837117539866
I00134.jpg,6.891183692300704,3.258472580861761,9.797077145160962,1.7714080637240472,3.6752392275480847,0.5871315631999128,0.924433032595407,1.6319189794475353,0.2655447441965028
I00135.jpg,6.900722073305868,3.2812736728989957,9.900744395414586,1.7873953421995492,3.6780830346196645,0.5901583934691578,0.9229442347989398,1.6322462814174221,0.2716066372804768
I00136.jpg,6.88043709908174,3.2409603425450824,9.805796542521842,1.8080665236819715,3.6718155009069893,0.5912632613970618,0.9212045012569648,1.6317955846995884,0.2738834383056779
I00137.jpg,6.867446078762464,3.187732043710832,9.650635106856244,1.8449626505131866,3.668424241926135,0.594067676334473,0.9234260613766077,1.6364565253624468,0.27881214178683406
I00138.jpg,6.891496012788697,3.1993722958601407,9.639170241321422,1.8454452847459704,3.663408646871855,0.5993549480605193,0.9207765765425755,1.637274131472409,0.28464826110057345
I00139.jpg,6.882122543742074,3.146668100821601,9.46906809631999,1.8278963145411975,3.67778930203298,0.603105269605956,0.9243529544564387,1.6347402772366828,0.2835248826616752
I00140.jpg,6.870159176986965,3.1231271129106206,9.353794645207147,1.8268382765067623,3.6623431923971888,0.6046868234113607,0.9246610923458835,1.6381792359024139,0.2842310387420579
I00141.jpg,6.881648628578446,3.134617958558049,9.41293143427033,1.8548084418053714,3.669321351823092,0.6039687584851307,0.9211716856502244,1.6382102618979517,0.29070721397413246
I00142.jpg,6.891812349198946,3.1436270898760275,9.413648277743269,1.8483708085700785,3.661160794314009,0.6058641080553688,0.9217400173668236,1.638362652912096,0.2898370605769877
I00143.jpg,6.899425562858307,3.1502425162861725,9.434270970774584,1.8276180916583542,3.6625758987176527,0.6074375092223179,0.9210836264471428,1.6349645200498406,0.2872419548322623
I00144.jpg,6.887186599347514,3.116213499187518,9.295462438000301,1.8483427563817414,3.6725950441344537,0.607373832940394,0.9209386768905499,1.6375369674519926,0.29248471880814775
I00145.jpg,6.8760994032159175,3.076030223687146,9.202463804521559,1.8452889569881514,3.652066416511949,0.6121410238458574,0.9233199984404779,1.634799657409678,0.294757650945783
I00146.jpg,6.885925508474218,3.0874180779209315,9.230582096126621,1.836934500111,3.6570139189748607,0.6090793719838485,0.9195078392782053,1.6322186290200364,0.2965757652335359
I00147.jpg,6.885863254266349,3.0748050555465016,9.216883119377966,1.8466801059391393,3.657113227009126,0.6114769171346223,0.9221386195307137,1.6320410490031727,0.3021471335660559
I00148.jpg,6.870368023953943,3.047417846475021,9.157570966413635,1.8299036787206029,3.645453602065707,0.6133473044804479,0.9205664578573737,1.6309206400256826,0.3036401004933386
I00149.jpg,6.880091175321569,3.085764882407705,9.232941676941532,1.8484910339846126,3.6494625873416195,0.6076953124817425,0.9181737514356424,1.6326859163421203,0.3015848710882321
I00150.jpg,6.866639412896379,3.0481685199465884,9.134977254283369,1.8511269022637893,3.6288183534490845,0.6136550113707685,0.9207582322258171,1.6302213691460876,0.30492447773794645
I00151.jpg,6.864620445545999,3.034687526202989,9.078418237560903,1.8476526319935054,3.6411059871051403,0.6148478112063508,0.9197997994766445,1.6292529495253,0.30627833888875583
I00152.jpg,6.861551287265296,3.0210942575824653,9.002151159039492,1.8510756875814347,3.624575672451316,0.6143478249910552,0.9166567931358381,1.6286367719760368,0.30709145311153535
I00153.jpg,6.870919204189246,3.0170244670308772,9.010327340030983,1.8398391968956451,3.6371236823306,0.6140537637352256,0.9174060749576648,1.6283534412735103,0.3095284234594226
I00154.jpg,6.870664487946918,3.041919417313387,9.049868648163885,1.849162388584555,3.628289721901035,0.6145525758886721,0.9172294242271666,1.6279175560213064,0.30493928696314593
I00155.jpg,6.877336885990834,3.027048918943082,8.98901239013497,1.8516603066002433,3.6345927230344963,0.6172200819030723,0.9180393447191515,1.6246973017567643,0.3071968282519456
I00156.jpg,6.875579849932949,3.0234665633413265,8.987602947404612,1.8448122954159984,3.624737369419555,0.6156248614967235,0.9151520171109055,1.6229330428280084,0.3054493239411466
I00157.jpg,6.8742665380611605,2.976812813977254,8.918527614125638,1.8530171471062684,3.638933211293034,0.6180416891919954,0.9179329240421026,1.621699802528,0.30987830560775537
I00158.jpg,6.865253546810512,2.9739268694952177,8.834666531374472,1.8509581525773893,3.619222887416936,0.6204591774444401,0.9198347742603963,1.6166947560693252,0.31316322650550377
I00159.jpg,6.8620571938239285,2.9588722103156986,8.831936048384017,1.8647054445680653,3.627442146230411,0.6191009638703565,0.9197051099134606,1.617958703327901,0.31097005242328934
I00160.jpg,6.859806846488558,2.9660430424036988,8.838917086929136,1.8668715987950335,3.606996252199691,0.6198650964184377,0.9181797945622252,1.6168046706313233,0.3111906318075755
I00161.jpg,6.8505273324340346,2.95675198955667,8.824886997276844,1.868521259126302,3.6010569860417627,0.6221238677531591,0.9175347348844367,1.615377887830881,0.3090458428939117
I00162.jpg,6.858452253088024,2.988305140370137,8.907730140164777,1.865315918942389,3.5896993671273885,0.621010612400968,0.9145903036419147,1.6131402840953035,0.3123310722942557
I00163.jpg,6.847772768086302,2.962748769185707,8.87003019508754,1.8677400444992223,3.5854070482957545,0.6208477836961459,0.9156821001345083,1.6128634776447295,0.3105069276381068
I00164.jpg,6.842985044747769,2.9495064077364317,8.792026175160414,1.8520187085059243,3.581846496398357,0.6234161886669681,0.9191065373743772,1.609450751821535,0.31178324902518617
I00165.jpg,6.834740403721895,2.937608490140393,8.795108691042703,1.8644851776992115,3.570639640402992,0.6224410887126625,0.917397116902299,1.6081745249384747,0.3071163985427717
I00166.jpg,6.830199484087923,2.9535283041711917,8.833685076700082,1.845015746528976,3.560245617756161,0.6236582524871833,0.9178737981340329,1.6070571380743566,0.308100374726189
I00167.jpg,6.830998886569369,2.9622798502488172,8.858644484786774,1.8432860289492927,3.5649411464457152,0.6223832083009743,0.9173322183721162,1.6017267779300592,0.3065468014732712
I00168.jpg,6.821173672618443,2.9436177950400206,8.847569630008184,1.8360558523481392,3.559961213591011,0.6238427397350029,0.9175743262239574,1.6010044918475252,0.3089086852423952
I00169.jpg,6.816526799055849,2.9642170145655657,8.886442326960331,1.8324218118439712,3.555305905506447,0.6234827763239672,0.9154217682398712,1.5987664207133083,0.30863335160176936
I00170.jpg,6.803017410043466,2.9384797840829795,8.841042464706586,1.8442664555779347,3.567358047739772,0.6241366961399318,0.918150244419154,1.5961320350088433,0.3048315878977519
I00171.jpg,6.790486203265144,2.945839159057954,8.916079671901002,1.8245375078209398,3.566438854479818,0.6250960184675305,0.9156859981727248,1.5925405656436102,0.30590985991771413
I00172.jpg,6.783682349663347,2.9536106016440837,8.932197110486772,1.8200895794988936,3.565177724665987,0.6241485405767868,0.9170430045517388,1.591140994856595,0.30684229616278746
I00173.jpg,6.7807970934772746,2.9775230987607126,8.951474232291156,1.8090253779014662,3.556663792046894,0.621579275664844,0.9159815880834185,1.5887735056319026,0.306250129727782
I00174.jpg,6.770295580430174,2.9492542966346633,8.876478232318464,1.8257643760970415,3.5611232728223055,0.6224823033131529,0.918257510702223,1.586585739448343,0.3092298075920241
I00175.jpg,6.759487798243918,2.947401435465164,8.881115850499869,1.822248704323326,3.5539594434698554,0.6209958205030641,0.9178319587552275,1.583074352996864,0.30862375331241
I00176.jpg,6.753225018839904,2.9640524255794287,8.925640012478262,1.8004957902247196,3.532440600894958,0.6201912718106736,0.9182258145664303,1.5804036680017401,0.30920607607667416
I00177.jpg,6.737219599050515,2.9735917079887932,8.918729432008382,1.798513041411878,3.5176910872589615,0.6192592062748503,0.9179810782664057,1.576816957368818,0.3091125922390359
I00178.jpg,6.737085904543143,3.0186533326338436,9.009450886131066,1.7983908432267923,3.4994180074169687,0.6149666446556478,0.9160877430114548,1.5739040587136195,0.31324289998812715
I00179.jpg,6.70734900357641,2.987790752754724,8.959172612304041,1.790670919217858,3.474149256820116,0.6167772163524996,0.9173848005802762,1.571498231133074,0.3127722139723567
I00180.jpg,6.699507915519042,3.0179110488490113,9.001597250695315,1.7848208773914616,3.456301113314021,0.6154759884258357,0.9164136970645819,1.5686490104304855,0.314406428041013
I00181.jpg,6.693050626352933,3.044643461865478,9.120483874386336,1.7718286571442903,3.447384833391486,0.6129941523937172,0.9159002782008419,1.5671240962840653,0.31640000638580656
I00182.jpg,6.688062067798676,3.0478204944905998,9.10911019147272,1.7777682188347734,3.4304121314526457,0.612234456603701,0.9166978464286324,1.566565215323496,0.317280720970277
I00183.jpg,6.675333502726755,3.0470072079137034,9.072377139470357,1.7588437263953667,3.4135512471931397,0.6130097030232489,0.9162578173076854,1.5632137908350676,0.31566430732159
I00184.jpg,6.660641041349145,3.0306046446308677,9.015966569718108,1.7484098958784302,3.393673314174564,0.610408168806503,0.9147230463946663,1.5617500536686657,0.31674594963781516
I00185.jpg,6.671354033602744,3.050764198048231,9.12476832904943,1.743567971717627,3.407484485728486,0.6095376263041425,0.9138583771524573,1.5598524312346052,0.31907198513235213
I00186.jpg,6.676323994990566,3.0785810838987135,9.215319027543853,1.7376282322929448,3.3933414149964856,0.6117763883472274,0.9148233187704115,1.5563783890101153,0.31977355418025044
I00187.jpg,6.684008632513719,3.0814777996554,9.239344518544211,1.7449818606325747,3.4034187435130416,0.6132174460533096,0.914332084240426,1.5531543707412687,0.31717156732095747
I00188.jpg,6.6822731216441404,3.0959385592705337,9.264162614401716,1.7367060149762286,3.395359261715171,0.6129458461266036,0.9148113750159478,1.5512175868825904,0.31876677096848693
I00189.jpg,6.67068819721235,3.091634973614109,9.241099321328965,1.7386292555633243,3.377740368265683,0.6121124791737385,0.9157252665605004,1.5473570687401388,0.31722138618015866
I00190.jpg,6.658669943282396,3.0566746195093213,9.160701044540804,1.7316940189339816,3.371591191157589,0.6084413670160345,0.9147505533978461,1.5451874660570244,0.3197731760871563
I00191.jpg,6.647978283813749,3.0392235522395725,9.13362220229815,1.7263642121755582,3.379469357359602,0.6088845929459874,0.91511691687411,1.543505437501973,0.31707275640459864
I00192.jpg,6.661600064739783,3.0796241713818704,9.216096120162725,1.7316492509072954,3.364582378727577,0.6100384522740351,0.9144198338849744,1.5405005219136023,0.31807035727071264
I00193.jpg,6.66440733312849,3.0924810285365676,9.311447170384568,1.7385182000743038,3.3658961131770884,0.6106694455474645,0.9130266391994752,1.539091101831509,0.31804351826631366
I00194.jpg,6.655273504148502,3.0537226607404135,9.175605044964417,1.7420469838434984,3.36225368731648,0.6112209127918122,0.9156352512008736,1.5418140369611755,0.3205202260813253
I00195.jpg,6.639623230476345,3.065284708183592,9.2279505019092,1.742132804554846,3.3605428595379134,0.609498884553819,0.911636171528969,1.5388559694263115,0.3184186477309695
I00196.jpg,6.640977655206362,3.0786282313876274,9.294592270007668,1.7298676684111078,3.3475745766742633,0.6108415913528106,0.9096058624173421,1.5347700157542792,0.31236624216449455
I00197.jpg,6.663172588136065,3.085768132465483,9.348638590987566,1.7440035900914714,3.371064361450133,0.6114985488842872,0.913497001130243,1.534250794751156,0.3156210612236364
I00198.jpg,6.652735332270454,3.1085849212172327,9.339323456361761,1.7353052961522426,3.357771221409843,0.6120749150519309,0.9085506148383077,1.5304955915433927,0.31733449901464983
I00199.jpg,6.668539905557731,3.1293764654993974,9.338186708612222,1.7185840262548435,3.3460364969501337,0.6104862101427851,0.9070709681771624,1.5270248661611743,0.3139256319512875
I00200.jpg,6.656301965914787,3.092143779939592,9.198121444770399,1.712093091103815,3.333571856815506,0.6103302606797907,0.909407094163203,1.5239492144738152,0.316206720629286
I00201.jpg,6.664432081673669,3.1018159414171107,9.189065492875375,1.7042384806407118,3.3419732983704873,0.6109995471539857,0.910157961146536,1.5214561730052345,0.3125623929049271
I00202.jpg,6.674269738094937,3.087203457684312,9.094598328128626,1.7006713035225784,3.339808060694797,0.6051284425460055,0.9087165360616086,1.5200615407446452,0.31310888911405005
I00203.jpg,6.676432841129413,3.0835045246102344,9.04587640319946,1.7026428673004068,3.343368647333718,0.604832413484203,0.9088956454041206,1.5180734400488278,0.31417745008240466
I00204.jpg,6.682853821447268,3.0802199050845265,8.9648363309754,1.702071093071465,3.335626920965293,0.6036115235350922,0.9087186308647054,1.517973646605773,0.31143708149658544
I00205.jpg,6.69313169393996,3.0784537553077245,8.920432249594626,1.689880496109066,3.3413956407008536,0.6024089459051031,0.9086205736987573,1.52063545485813,0.3094094369741353
I00206.jpg,6.714814277222894,3.1131606855268767,8.956640856994126,1.6953214564604338,3.3541362127506007,0.5983274315480382,0.9088069264955054,1.5213891197511562,0.30730704550888416
I00207.jpg,6.738547018915307,3.1734932338725073,9.140407184852432,1.6980626047807295,3.3620858149172124,0.6018917934077201,0.9098576797005671,1.5197385766733378,0.3110160118717955
I00208.jpg,6.753372842325406,3.1812616398544704,9.184255629640774,1.6899875126800943,3.3695756149583262,0.6007155720785847,0.911118797419138,1.522451432026767,0.3069075766727099
I00209.jpg,6.765383757686272,3.1892936182382288,9.179160380673041,1.6798752887264088,3.378612053142558,0.5998369298094389,0.9115186337988929,1.5230190293169814,0.30062390628222013
I00210.jpg,6.760696862460611,3.1939682771815447,9.229659339304341,1.675966144404991,3.375062710627305,0.6011560479449951,0.9104535439316352,1.5201197668821609,0.2976634211023976
I00211.jpg,6.767866732649582,3.2044752078169996,9.24987248189793,1.6725177551339403,3.3789236139973866,0.5990704739292319,0.9111472699011595,1.5193246933831421,0.29709633553588727
I00212.jpg,6.77318795246818,3.207141301617231,9.215940706880938,1.6808660670788744,3.380960138032944,0.5977565323770818,0.9111700212301027,1.5180231580592307,0.300733359519022
I00213.jpg,6.769137753895786,3.2255545586725844,9.23347755957295,1.6692120050801145,3.3805289825886216,0.5988719043797446,0.9118139836657947,1.5134920456703975,0.29496934813287745
I00214.jpg,6.80341089612002,3.292891460427734,9.3902123310684,1.6642904470165059,3.3890954455111406,0.5924489289859051,0.9115972337901158,1.5103298058203012,0.2933404353625657
I00215.jpg,6.815044064422358,3.295123894538141,9.398446986593259,1.6568756813933345,3.385301796384881,0.5912115589679234,0.9118560336087407,1.5073540335870879,0.29023209905898345
I00216.jpg,6.820596101968175,3.307677901339359,9.50852542510162,1.6523346045412441,3.3933718497921683,0.5884840233350246,0.9126927816316791,1.5050987956376682,0.2849698616233507
I00217.jpg,6.8155827383659275,3.2579521528715745,9.339540784151197,1.659184120187207,3.4174712862656382,0.5905777977089217,0.9172968134323637,1.507452586459248,0.2871701219510664
I00218.jpg,6.813219403047801,3.289476881776617,9.429036264510334,1.6591405066892264,3.401791266975481,0.5885883273803966,0.9155697063892875,1.503944921010586,0.28085988646645177
I00219.jpg,6.839336655583666,3.4141702395695703,9.75286534065457,1.6512800025238992,3.3844455273478884,0.5819754142133511,0.9118833140421279,1.500389264985871,0.2791624490917978
I00220.jpg,6.888237578899698,3.516077750873672,10.022371574896537,1.6608553650043123,3.3956767361811293,0.5737433925727085,0.9099998166671897,1.5009400252195124,0.27672072719180435
I00221.jpg,6.935258997221139,3.6019231679161714,10.267376023924841,1.6742765960965276,3.42202588437545,0.5645846796283077,0.9067742895123853,1.4976926494492537,0.27752224472307263
I00222.jpg,6.957751699230987,3.640717210789727,10.347095861622615,1.6649817029824499,3.4409757322629657,0.5543001411874507,0.8998733156192822,1.4945593129270978,0.2669035866834178
I00223.jpg,6.9808067925800374,3.6772867433640744,10.438944070586045,1.6707417500955353,3.4701425078804276,0.5587008453550866,0.9090737927105185,1.4949515603547965,0.2655366041165166
I00224.jpg,6.987460479826709,3.6705034945595467,10.418339816607716,1.6735944459526444,3.4808153007030187,0.5578951958386732,0.906795222096396,1.4952958712112505,0.2632615798456819
I00225.jpg,6.982798880022634,3.654156692937899,10.347465974011865,1.6724298752649367,3.4855169664364887,0.5594996155244372,0.910406311468072,1.4912988325106435,0.25634233612015916
I00226.jpg,7.001374283068078,3.698218140237711,10.474138757940352,1.671473423558002,3.4929943281421636,0.5571109276349661,0.910483882081274,1.4865355822249458,0.2527876372276605
I00227.jpg,7.033491963344003,3.724021886992986,10.60497175186446,1.6662045021784935,3.528813058516242,0.5515981042094891,0.9095766679855899,1.4903223044486635,0.24827269314539344
I00228.jpg,7.030281280542912,3.707432758665279,10.511229114618327,1.6627111187764787,3.5327440268875443,0.5515931288867384,0.9105024012374412,1.4875585176116566,0.24433164096434792
I00229.jpg,7.044980590818318,3.732065527120794,10.537787252149695,1.6633479494317491,3.5504659571916104,0.5452133100423415,0.9079202654921298,1.4882227533346308,0.23987079364763944
I00230.jpg,7.085873486435268,3.831399383468792,10.774028378466431,1.666437009937395,3.5670172345110553,0.5431755259211084,0.909767721875939,1.4886465264614586,0.23912428794096158
I00231.jpg,7.087109873262674,3.806862987958873,10.728941554843837,1.6726079174093478,3.5790167790104195,0.5409051952432038,0.9107404162289414,1.4905478398233842,0.2374002489059942
I00232.jpg,7.08142028363974,3.7881480576254907,10.665593590708248,1.6712868717683804,3.5765523048265435,0.5405996907043109,0.9118318678470263,1.4910686578929315,0.23182910911994686
I00233.jpg,7.104602021312871,3.826791633978893,10.724843741720143,1.6638071410542288,3.5858361481857326,0.5362787993311815,0.911502925238978,1.4908204047591649,0.22821111832718777
I00234.jpg,7.130655240653698,3.884410905879474,10.89821727191573,1.6637550945670752,3.5952386030326555,0.5332866675450747,0.910721780075396,1.4930274170363944,0.22534736596065283
I00235.jpg,7.129817515717259,3.8680091119345494,10.817145239269507,1.6579778459146928,3.615410321900646,0.5337593858321988,0.9111065145115104,1.4925399428696733,0.2204606941594739
I00236.jpg,7.124587679836106,3.852142874221054,10.850586045210177,1.6625203488318774,3.612374205904217,0.5283105333528555,0.9100108639011856,1.4945410859124648,0.21783102676034163
I00237.jpg,7.129338775073988,3.879005654993931,10.860533114645605,1.65068235792606,3.6191330021503347,0.5288802800368095,0.9097047600681462,1.4936375720220543,0.21351995262322887
I00238.jpg,7.1362386288035164,3.9210336431338226,10.896407400615859,1.637990964317638,3.597574704486102,0.531108132276368,0.9078305199574368,1.4853287924733294,0.214522315376628
I00239.jpg,7.1395847420401495,3.937755316978463,10.998289054773608,1.6459967209442676,3.6098648144754137,0.5286146792891343,0.9094748295838375,1.483761792642385,0.20701683979850508
I00240.jpg,7.120843120302679,3.9946884900335617,11.105632099895768,1.622583051836528,3.5896701845373555,0.5315285014226898,0.9082591542849258,1.4725914738654224,0.2099136848064492
I00241.jpg,7.093228686180613,3.9016452546321445,10.90919165761373,1.6155880434401206,3.5708672342427548,0.5383107818708784,0.9126512262058526,1.471880292803868,0.20083428905969547
I00242.jpg,7.00159542524618,3.6629103434377766,10.260545746674874,1.6070288745629053,3.5719450544772773,0.550224808070883,0.9190253401466114,1.469437017411049,0.19406819954156745
I00243.jpg,6.964558346796313,3.5195360488395293,9.833481845006803,1.5910337195104867,3.563931865290317,0.5548305301699412,0.923179107291466,1.472172509382458,0.18564101994629786
I00244.jpg,6.9452719396872915,3.4634398210481425,9.673015737394536,1.598210855087309,3.574302657723136,0.5540625045837773,0.9238838503930411,1.4709864827447263,0.18091148088553677
I00245.jpg,7.012012661485334,3.609641886164051,10.088189561435241,1.595509739977687,3.5970074533193013,0.53943884571104,0.9225193762896383,1.472028772409161,0.1803403900920987
I00246.jpg,6.978623392248188,3.4891767642852414,9.715799903744818,1.5948882542721674,3.5850903137534016,0.5446806724703578,0.9209854681584873,1.4739786273340032,0.17313026023382538
I00247.jpg,7.047594957640447,3.618549554455634,10.007823991953574,1.6015282337182946,3.6018627411699287,0.5308419543221605,0.9209285592623393,1.4719334489902465,0.1692905352308098
I00248.jpg,7.225798530226959,4.022886234826735,10.89976754789015,1.6281025593066774,3.632845853646619,0.499162610207641,0.9076213734211378,1.4704735152019301,0.17968762090089924
I00249.jpg,7.239160164485787,4.060445614090235,11.009577631878207,1.6207836997509513,3.64888033611002,0.5013475910346854,0.9070088177586483,1.4643372839622169,0.18182249478247448
I00250.jpg,7.238053751183988,4.046160371371142,10.993073799835397,1.6357727370055646,3.652417795404788,0.5055514438305865,0.9123570193858911,1.4659430406781175,0.17333625635886826
I00251.jpg,7.225829901541924,4.009694580497919,10.963459389682424,1.6338580872494715,3.662704142694089,0.5047429480643719,0.9174852382785883,1.4716388151301434,0.1670721137005171
I00252.jpg,7.226406402032537,4.012955946398277,10.964317263912308,1.6335216979776592,3.6873662553087456,0.5021322097931223,0.9206998256275921,1.4727058404135351,0.16031070730362232
I00253.jpg,7.218152178484522,4.0250812859572775,11.063206884471946,1.6299158049813884,3.7169242899279347,0.4943162783398329,0.9233391448889794,1.4716693375082848,0.15760656779535728
I00254.jpg,7.2086904188299545,4.07222135596046,11.208028323351918,1.6095351049697464,3.7577512153660795,0.48771499822999453,0.930233460698842,1.4724199629717845,0.15388907461648282
I00255.jpg,7.205118512375262,4.058153016679057,11.239175756752648,1.6175300954251473,3.7819757023130385,0.48908658402530414,0.9314462201274311,1.4709289176159108,0.15330623447618263
I00256.jpg,7.216974041658712,4.12560737685709,11.441586246379185,1.633023953990651,3.795863735435455,0.49252597220973576,0.93252313187724,1.4688838491091776,0.15227695757013618
I00257.jpg,7.204170935688956,4.120784853554159,11.403782132971259,1.6408784282341309,3.7905102634421612,0.49141256971709957,0.9335484181733754,1.4677024118813269,0.14924316414644476
I00258.jpg,7.1951708990593835,4.116817520194725,11.432182949257509,1.649042946516517,3.800631628485407,0.48917591446126174,0.9353664867785021,1.4648868276826454,0.14549230465416915
I00259.jpg,7.205322602647913,4.146519964766708,11.517918824341386,1.6421369660116447,3.7943620666837314,0.4883613097636881,0.933977699264742,1.4607805929413644,0.14218339073726488
I00260.jpg,7.189162167839221,4.1492639157275715,11.535451935144943,1.6534665965776454,3.784948467586173,0.4905528614620952,0.9344338607500668,1.459170130925427,0.1390707090728501
I00261.jpg,7.181033567198154,4.177105599071077,11.610807275475521,1.6508070278539217,3.7791816910902396,0.4848211828619105,0.9350099950232366,1.455821117542731,0.1340921513603413
I00262.jpg,7.179522308030593,4.191187528326148,11.6508567597106,1.6507090329554852,3.772916827540361,0.4828694158066098,0.9352484737678676,1.4558098246566766,0.1334378069388571
I00263.jpg,7.180467541416142,4.188509102886318,11.619648778904553,1.6501055765089672,3.7876302610474335,0.48217568098701274,0.9369286073486104,1.4520831667419904,0.13203367700565666
I00264.jpg,7.1869820546841865,4.220757525164218,11.727196792407089,1.6414336899513975,3.79135601260608,0.4783805864798947,0.9363176270654028,1.447618694540948,0.1304654408717929
I00265.jpg,7.194659775753962,4.2941686012942615,11.84319981002584,1.6320411697643111,3.7980170272070497,0.47659286513061294,0.9354942676952828,1.4453796401939085,0.13008294873145912
I00266.jpg,7.186901374114574,4.274602577830182,11.820396909082001,1.6324406098871003,3.807463203045935,0.47173009445421094,0.9376668000209287,1.4410626232701331,0.12749318349010477
I00267.jpg,7.185992298922684,4.3204767709511716,11.851453047548024,1.625989131067357,3.8154642599187167,0.47038994007524637,0.9380439435344357,1.436691907549184,0.12766363996825256
I00268.jpg,7.186942795923189,4.348493180228361,11.954148640969466,1.6190700169037133,3.8080012326938357,0.47216595123534294,0.9386240925648739,1.4339319967506523,0.1282661871131033
I00269.jpg,7.197832042438944,4.402220305549858,12.06045713169655,1.6105468131527487,3.7948691530776584,0.4674976026988189,0.9381761739832414,1.4305812407807268,0.13164088165183138
I00270.jpg,7.199759299196122,4.429576768104967,12.170090632567286,1.5981757926593543,3.8050835172069206,0.46186551482163046,0.939369743492823,1.429072400374801,0.12694452930719605
I00271.jpg,7.206517857332731,4.473558576999548,12.247574414720559,1.5994130983496158,3.8077135376076114,0.46385020628724144,0.9381323887093257,1.4270965256654287,0.12709783083956122
I00272.jpg,7.209903387417553,4.4982210266142815,12.323509559684979,1.5909894002024456,3.8156279480703454,0.46266345795904196,0.9382297157279166,1.4237502026527862,0.1258445928419531
I00273.jpg,7.203896628732991,4.478007397850548,12.247815806678092,1.5795306862774021,3.809715968534411,0.46112311074680506,0.9391138366123654,1.4213097347455532,0.12372691708112159
I00274.jpg,7.195471167451446,4.502455487576648,12.323518882488834,1.5834894502423278,3.801028663118615,0.4575212511319096,0.9384743408159321,1.4177268180578508,0.12529280069601034
I00275.jpg,7.177084888453809,4.522079149996079,12.312179004475011,1.5790209799577597,3.784681134344484,0.4596872521462152,0.9385578426608485,1.4145864589248152,0.1240029287113599
I00276.jpg,7.190453671040805,4.5581947339326065,12.46220327296368,1.5851848740718553,3.7772197605082956,0.45590996711038967,0.9376422050748412,1.4127084222499862,0.12410079864074167
I00277.jpg,7.186777959777177,4.589408532297249,12.498830827674384,1.5743805784012852,3.77337804057142,0.4551815397520912,0.9378387764348926,1.4103744312235502,0.12198241849792198
I00278.jpg,7.198281002855596,4.6502023708408275,12.668913266647742,1.5787184898832654,3.772342072645842,0.4589973121005943,0.9353252552095377,1.4097985589815143,0.12463979899304949
I00279.jpg,7.177177266103702,4.6076649644651315,12.579028975858597,1.5706475575160137,3.764862807360174,0.4576858817913963,0.9375791862491224,1.4063411445818237,0.12095602159521836
I00280.jpg,7.181494961002025,4.66208363856153,12.691142744712419,1.5623338731004432,3.7602149569443895,0.45245500401811534,0.9365613476774157,1.4039197117143323,0.11983653380312884
I00281.jpg,7.185159432735682,4.684832622487433,12.800860925780597,1.5637619295802612,3.7617379490948997,0.45017707911329186,0.9374841879312085,1.4008382137222366,0.11630693850596568
I00282.jpg,7.186165836366201,4.710417385994363,12.79806934830866,1.5672022637859073,3.7497853924897853,0.44857856986823824,0.9370480617213442,1.402121670368897,0.1143804266710068
I00283.jpg,7.181109633836688,4.708963332410587,12.80262173001158,1.557065977143439,3.7588817967335326,0.4476327239424933,0.9385634173925965,1.4022407849465206,0.10864402629129097
I00284.jpg,7.194276022977731,4.74970145454506,12.93513760755836,1.561238843718555,3.7638898055720547,0.4452853801260482,0.9373926082479895,1.400470366994317,0.10552588332924379
I00285.jpg,7.1983162909540015,4.7715181369820385,12.937181487033078,1.5500868384718487,3.767039904043066,0.4422671714475391,0.9381114173037122,1.3980372692626293,0.10165798613087332
I00286.jpg,7.210498045007405,4.808143804921012,12.963476219219693,1.5352929196710716,3.762187926409974,0.44041436036707715,0.9394029872571721,1.3931700726332985,0.09730995770765395
I00287.jpg,7.225388590520261,4.863336649510396,13.086702412162882,1.5319791764182007,3.765775067584317,0.43664827809691265,0.9406131101472969,1.392142131727638,0.09566432459624635
I00288.jpg,7.219169952307661,4.880340603430952,13.147619980512092,1.5330272313208666,3.77261454558241,0.4334999104932401,0.9437671808901023,1.390818732722174,0.09293459207035196
I00289.jpg,7.220886892013003,4.8649144498338295,13.155485137982799,1.5197295597567622,3.799279000394254,0.43088389996392035,0.9464126627030653,1.3856684398144987,0.08887925107306897
I00290.jpg,7.217527353516624,4.880110310917717,13.144717332449565,1.5120153575894153,3.805246866573023,0.43124750198231415,0.947350900618522,1.3865563273999482,0.09020404313086605
I00291.jpg,7.199678639019312,4.790050931821317,12.855856222581453,1.503096438071228,3.807472740369335,0.4345731975135027,0.9492110640576761,1.385187955830489,0.08859574971937678
I00292.jpg,7.234814261115355,4.882439029448642,13.09218236088194,1.5037782175866339,3.8084755127219925,0.42526512345997897,0.947840184313768,1.3855653436677997,0.08634374851190078
I00293.jpg,7.222201354219895,4.8526685669055185,12.94574367936291,1.4865537095071115,3.807226598905424,0.42552800363923604,0.9494106112624128,1.3831349982764642,0.08621639528800659
I00294.jpg,7.247946781228724,4.920103319122496,13.12300521722721,1.485943906921149,3.8150819002721335,0.4203667210666761,0.9480457528913312,1.3829338682445886,0.08661184989078659
I00295.jpg,7.252885948513189,4.978630047507762,13.192033534467301,1.4805818984869914,3.8298869303721186,0.415642206416601,0.9484459821299233,1.38450552244977,0.0849972203982281
I00296.jpg,7.241892305479702,4.985553603904886,13.19888401402506,1.4840963258321844,3.829906353782532,0.4161020748732043,0.9501751061950597,1.3892334825128394,0.08590996866267148
I00297.jpg,7.235742285059427,4.9764421671289645,13.101454721091986,1.4614791572496078,3.8449820723687678,0.41799010071731196,0.9505613870028237,1.3867128974812126,0.08417804215585346
I00298.jpg,7.272813287383789,5.091300451763193,13.38491649519463,1.4476965429987687,3.854526194983551,0.40541955688657816,0.9508691974002602,1.3871786497174972,0.082684331116701
I00299.jpg,7.196449005289335,4.857676035802966,12.731707851027748,1.432699148147628,3.846061580348396,0.41926980454941154,0.9539600883774485,1.3871779102009365,0.08212043120581497
I00300.jpg,7.2816508385984315,5.161543025094106,13.51839931715435,1.4348146342946242,3.8538612892659714,0.4001699317732015,0.9503435879167931,1.3874720367376046,0.08291538886351552
I00301.jpg,7.305629195298908,5.2820607750649025,13.782624509063691,1.417760927876142,3.8652712064839103,0.40074682442338055,0.9500310145475274,1.3869442025508287,0.08521790757484912
I00302.jpg,7.314051224288775,5.30688942422915,13.74295273949525,1.4165429815414863,3.8945317171986664,0.3975387024389225,0.9515591133180852,1.38987521814584,0.08522579595308145
I00303.jpg,7.342177612930685,5.382786040561949,13.908334141026069,1.41494345771611,3.9173953852608454,0.3885733287745468,0.9518077627180755,1.3964673919536872,0.085850262072564
I00304.jpg,7.357503195507702,5.431371768442597,14.024694825591764,1.4127560739446174,3.9297063026549646,0.38065606791763396,0.9518040913841271,1.395550639095687,0.08474484383865993
I00305.jpg,7.3637241484184806,5.453140935208308,14.026903749545713,1.4201538526575883,3.9292528924820127,0.37395137636807774,0.950835271122655,1.3983737802354301,0.08166490405094587
I00306.jpg,7.381928522216,5.512412232738049,14.106320613469693,1.4179248624055165,3.9497095491487464,0.3673510202171718,0.9513583708205835,1.400631265791671,0.08009868496366691
I00307.jpg,7.397059916652534,5.560997740747373,14.129772640685024,1.3937802860109298,3.970469013508031,0.36434407505801,0.9517989360982878,1.3963842321928808,0.08142770910999778
I00308.jpg,7.419538474944501,5.63999276230602,14.228641651956941,1.369194913118576,3.994033543497371,0.3575323367542135,0.952359676621364,1.3947949754958733,0.08060562868322821
I00309.jpg,7.433165742515071,5.684545929401941,14.27253174378852,1.353539570455991,4.042326916518418,0.3525206710473304,0.9541256571221638,1.3903702911056928,0.07845285739317116
I00310.jpg,7.461941605427505,5.784498818205882,14.355426251687794,1.3421577836286858,4.0481493527295065,0.3460980589914687,0.9539756104917234,1.3842988562655305,0.07671320577580171
I00311.jpg,7.460442626452311,5.8115473736445855,14.329839547970808,1.3178571327290372,4.082482518177109,0.3406488021958124,0.9561529406263488,1.3761835112075467,0.07662394326523422
I00312.jpg,7.495715945807847,5.964006455087387,14.594167369225982,1.292580102055607,4.1110916641269775,0.33193044078339784,0.9565105738395508,1.3691130999931533,0.08003748627877036
I00313.jpg,7.4912310820057275,5.9374017163391635,14.524681073748837,1.3011945848953372,4.132848314686907,0.3279087742375593,0.9577774128896944,1.37404215521301,0.07421694301336522
I00314.jpg,7.516057471526824,6.0335799948824915,14.6881132537805,1.2797521512299925,4.157275321311355,0.31559185417455843,0.9599304997286198,1.3689436898300997,0.07712033550220171
I00315.jpg,7.538364213279945,6.152852010751698,14.919633050703595,1.262481852707525,4.18493219974418,0.30574655389812627,0.9598298130793774,1.3645108367990724,0.08028157825301561
I00316.jpg,7.5676739925941385,6.286376289878817,15.110674730428935,1.2420459856683421,4.195570821028879,0.29611147764466,0.9602828693235964,1.3578301927374647,0.08508141655304555
I00317.jpg,7.589767688523711,6.329502094881947,15.324364151316585,1.2377164225299766,4.205871216720947,0.293793147539206,0.9617786762292492,1.3491097788717128,0.08990463582665001
I00318.jpg,7.592999447916034,6.42983781273083,16.043613486399515,1.2118249664682983,4.203046578841432,0.3023268197075866,0.9590951266601743,1.3580863157509893,0.08250224427236162
I00319.jpg,7.545250675595544,6.346341764155154,15.681604333128172,1.1938817554743646,4.117341539060353,0.3114699876781704,0.958343487006938,1.3879512384852994,0.07312916528598394
I00320.jpg,7.548004379028501,6.309388083708054,15.495979079976161,1.2281988404542639,4.092290928596022,0.3137151032785999,0.9546963287110434,1.4006182910652112,0.07192302184531696
I00321.jpg,7.556679823134608,6.324992572612672,15.534666325452157,1.2279464172480776,4.17024550211727,0.3037960802162946,0.9598792180779923,1.39873093149925,0.07072060907421161
I00322.jpg,7.581495356023474,6.428031459198209,15.687458011036691,1.22247541837066,4.208343627027435,0.29490267730036096,0.9609715224506761,1.3935736827976506,0.06953312598403573
I00323.jpg,7.616084864561264,6.552371870257115,15.935126216915245,1.2305399006041167,4.252063654104287,0.2887664507441144,0.9600743343554865,1.3919916420238523,0.06634617915089727
I00324.jpg,7.630636610644193,6.5978465812903115,15.986247057251749,1.213383745239529,4.283612879013668,0.2805531552249816,0.9617623933172726,1.3896547051085553,0.06676020174342204
I00325.jpg,7.665057864959305,6.74857757413193,16.268167634563966,1.1905869923807768,4.3197233868034255,0.2675824895723683,0.9619726941720576,1.385208045638374,0.06582887584685639
I00326.jpg,7.674833683959636,6.752180111441996,16.211020368025853,1.1768814596606592,4.338210493382151,0.25704238343886654,0.9640523609854638,1.3747816615285628,0.06412065997988477
I00327.jpg,7.714304579817781,6.866121140247058,16.661403733997172,1.1459479526643115,4.3456650876909695,0.2597000599939363,0.9604052262719258,1.3608596277724148,0.06302088560102384
I00328.jpg,7.7198282000757406,6.860740394807482,16.799592774884776,1.1533955412293435,4.33910797852392,0.25629644647799116,0.9607067157058556,1.3730878582745754,0.06377551904188344
I00329.jpg,7.712473404820936,6.779912295263617,16.580890640622247,1.1575054003050198,4.3123478817906955,0.25550859222639544,0.961718557020347,1.3891694339384617,0.0634519280952346
I00330.jpg,7.7087324213165305,6.778025008703275,16.618278255624816,1.1666333441169805,4.305211483093093,0.2585244567754279,0.9597993954935167,1.3952400055467495,0.06524710620126152
I00331.jpg,7.692103135807113,6.721128436611234,16.48539999484987,1.1610081816816977,4.297747289655255,0.26370007965839365,0.9612180556926888,1.3972678314878446,0.06660334886158599
I00332.jpg,7.686502334624503,6.730078781406342,16.515737722684683,1.1440885096419873,4.280661988482682,0.26947751151176547,0.9606446820454587,1.3916809895415008,0.06723274776032166
I00333.jpg,7.679636665393857,6.691565374668193,16.499319931766408,1.1326114317025813,4.258871531978554,0.26804279718306356,0.9619781221680983,1.3948351965761505,0.06871216594473653
I00334.jpg,7.671055910911196,6.670852651075376,16.450064161177693,1.12385428705597,4.2438415050041645,0.2713557660301106,0.9611557936769689,1.3971547401814737,0.07123228961197228
I00335.jpg,7.670119387515356,6.646911366015717,16.424295281387145,1.113222778089617,4.22680015861651,0.2736309338524748,0.9604070146416177,1.4019854127696472,0.07282510554804027
I00336.jpg,7.656355681639522,6.571773150088361,16.248598167286946,1.1404970177160314,4.227246158584833,0.275187612674217,0.9608172402516688,1.409954621304721,0.07071705326820643
I00337.jpg,7.6347955754597425,6.422946316476454,15.924299127311016,1.1244597901370041,4.2095040680711335,0.28457564685244713,0.9609942243231703,1.413337965324592,0.07282948540611263
I00338.jpg,7.630609009732031,6.271254010009045,15.661532781583912,1.13958396049314,4.18805559084442,0.28935731429002015,0.9599349288291898,1.4261517825762633,0.06956494693120573
I00339.jpg,7.607020285910127,6.162809935222224,15.398981476536228,1.1662945674196532,4.165546949875035,0.2926095446338669,0.960512218387543,1.44041292162183,0.06956628794651468
I00340.jpg,7.606570235205176,6.183037497852181,15.467102184960181,1.183773170187129,4.156093970780912,0.29604060646840064,0.9597821800618616,1.451229718056729,0.07078446155353635
I00341.jpg,7.569597500847126,6.041787411121833,15.19764800559484,1.1705449608691842,4.145232376489517,0.3030751126007446,0.962649818900829,1.4568937597632268,0.07231495461023764
I00342.jpg,7.525680974140257,5.917087808476179,14.874594243930442,1.171260623638428,4.105847136547226,0.31731654494499156,0.9627266046870967,1.4658084961775404,0.0742714975382322
I00343.jpg,7.528654269627144,5.960672145650339,15.085127621854813,1.1560395325805193,4.089124728669021,0.318441286450377,0.9624581106839863,1.4691524524458421,0.07622945321414842
I00344.jpg,7.516456016904405,5.937972597125188,15.024440872438873,1.1584181798862199,4.074264896532969,0.3214311179956175,0.9614323964460832,1.480488983474828,0.07802595283535033
I00345.jpg,7.455002553506647,5.810002381781595,14.814383101944422,1.1492669527701167,4.01749104600386,0.33813700750435793,0.9618751699998846,1.4891265338267872,0.08122005914951705
I00346.jpg,7.391255751950801,5.627967320996742,14.391208360096991,1.1470667819955511,3.9649857875223358,0.3512668945610209,0.9630127425525973,1.499832797726679,0.08363864119920317
I00347.jpg,7.3793036164247665,5.538752087169234,14.06253267970059,1.147818207325206,3.966436339707653,0.3554753405711072,0.9639658848089941,1.5061419856539386,0.08456593658733416
I00348.jpg,7.35547123232473,5.499796451024423,14.011438888650666,1.1557340282174844,3.9731445692546603,0.35436997639610757,0.9654873077882743,1.5139288674726115,0.07979506669185744
I00349.jpg,7.344812275734766,5.488991787245161,14.021075151601703,1.1776924774685815,3.979225411844281,0.35668613840961816,0.9648089698730237,1.522740016732977,0.08263453560664533
I00350.jpg,7.357018555801778,5.555743608233346,14.153890396560344,1.1700273683262252,3.9751015628377795,0.35154398425153505,0.9643066871195356,1.528007803558366,0.08207202717567348
I00351.jpg,7.353657719711364,5.557165065799058,14.18590623336291,1.159847623082313,3.997231568991244,0.3496808366729986,0.9650579127408129,1.532919751041049,0.08222640230711198
I00352.jpg,7.347575191590604,5.570817734885308,14.243771751224475,1.1507120721175852,3.9864583567115264,0.34855708628367893,0.9653660139581374,1.5372868265737964,0.0833694759304002
I00353.jpg,7.349250493150711,5.581904460689494,14.291466049297927,1.1466666937273011,3.987327861895114,0.35349525942247406,0.9629848671201754,1.536415058549808,0.08357039847685137
I00354.jpg,7.339586532990044,5.551352237653858,14.210394415225585,1.1501327383645479,3.983009205103595,0.35133622386496993,0.9643590297834755,1.5415292054746912,0.08441652619988242
I00355.jpg,7.336743188161194,5.553644811325849,14.202108743760832,1.1445854433102034,3.976392252795993,0.3522470029726692,0.9633995132398321,1.5447795548290266,0.0831455483417196
I00356.jpg,7.315366358181773,5.521540788253239,14.079212291531086,1.1355073396423996,3.9544452575262303,0.3508176332594521,0.9645828728629448,1.5477895713635794,0.08307461571251741
I00357.jpg,7.304591785355503,5.538088667536374,14.15477838842736,1.1221015618038044,3.9456947944836687,0.3509615648369192,0.9653853056428486,1.5512217061752192,0.08443969853046088
I00358.jpg,7.296779674384031,5.558120028813608,14.178156204452085,1.1057570318964764,3.9400629009733548,0.35154152425811425,0.9645228466828495,1.5549593182804873,0.08613531852205282
I00359.jpg,7.295910633516363,5.586861016146922,14.284476804333066,1.0929467812998552,3.946762951792621,0.353203490993923,0.964855935632663,1.5523055550938842,0.08874880433182687
I00360.jpg,7.288665537483431,5.5883318022236725,14.24446110533398,1.0760348296610402,3.922413180176039,0.3516244729177987,0.9654404993533781,1.5517055294761204,0.0877248192589043
I00361.jpg,7.27883082047426,5.517146325696013,13.986361967231915,1.078322091812361,3.9277025848441944,0.3499133962173703,0.9658082134738988,1.5539753877308096,0.08784196407341718
I00362.jpg,7.268488694233221,5.516710591995385,13.932849505508099,1.0713224032582747,3.9232402866083547,0.35386250928223734,0.9651283698213707,1.550588623963292,0.08766779469518075
I00363.jpg,7.256322344807103,5.476057301358874,13.85397464115779,1.0820151238650024,3.9172881428521302,0.35747086698354735,0.9647261039861957,1.5485711797823938,0.08603790298852113
I00364.jpg,7.232747277475952,5.408694571038288,13.641781691574904,1.087454245815787,3.903727357112794,0.35558822806749896,0.9664092271349515,1.5496052523114945,0.08625813006343215
I00365.jpg,7.230307968338686,5.414103962462435,13.619377887558507,1.0838560947701257,3.8808410442914956,0.3514730316247056,0.9658696893644164,1.5544288105364994,0.08637053406822427
I00366.jpg,7.222298512511153,5.42605221558407,13.610117344007254,1.0856103465132727,3.8547961028909374,0.3511290616809211,0.9645663329050668,1.5577407378721146,0.08631819742596072
I00367.jpg,7.213108556929142,5.396770606749054,13.526019995244894,1.0797041266079312,3.845211254973502,0.3503284348635312,0.9645974454613284,1.5602278270798582,0.08590378054061878
I00368.jpg,7.2074185538142865,5.384848547840672,13.494183342041394,1.0674223846501558,3.8436648856218585,0.35114356189085993,0.9653229378883877,1.561153643607084,0.08478665164877398
I00369.jpg,7.211606673025073,5.436705635185401,13.593095403441367,1.0732442076835702,3.8438110725347827,0.347232083928629,0.9647253588633246,1.5622385642572845,0.08718411545958268
I00370.jpg,7.207471083030053,5.416773169494921,13.560162896130999,1.0636554025124463,3.8407001410211237,0.34791148951829903,0.9653109332477853,1.559385543072284,0.0877923028635846
I00371.jpg,7.199504135167778,5.4104868074004235,13.562873289341942,1.0517707756162304,3.8279304383024053,0.3474934153894318,0.9656160300028434,1.5581160628349093,0.0895831914316299
I00372.jpg,7.1897601777290685,5.393579408658857,13.540287448617052,1.043031168931663,3.8183005957551344,0.3476868802704633,0.9649621039960259,1.5556990285009176,0.08722502545133508
I00373.jpg,7.180716108504157,5.355044374268516,13.39130740333401,1.0397706056686644,3.80407967687096,0.3484796537234961,0.9663955226037958,1.5507568389020792,0.086365788838223
I00374.jpg,7.17581302526153,5.341884524044359,13.294203458208216,1.0184456883095445,3.785049566861972,0.34469794613356386,0.9660118330853897,1.5566484815114001,0.08748345168911495
I00375.jpg,7.170659431173677,5.339948759911956,13.209949180558613,1.00031610994865,3.778397459917281,0.3425190902174396,0.9656829020258421,1.5661794779426021,0.08570417309890012
I00376.jpg,7.182318831871545,5.386583119511014,13.323248330584827,0.9919581525125845,3.783260209603246,0.3424245718029808,0.9651452094026417,1.5677049271650358,0.0838533461127437
I00377.jpg,7.162946259751822,5.369283254083224,13.321853590556957,0.9916662705538088,3.771533259199259,0.34114783421148087,0.9661360298044946,1.5692530851772677,0.083307037992038
I00378.jpg,7.1637185685301805,5.399678308481217,13.472113422679065,0.9867966640639019,3.764698018527505,0.3429716874866566,0.9659164664746094,1.5658839713238446,0.08522892081843508
I00379.jpg,7.160087365024484,5.432607355725859,13.454656739961672,0.9743365661305137,3.7632916038739515,0.34127414975254905,0.9662099739563689,1.563411444158346,0.08597180319910694
I00380.jpg,7.158754442413134,5.44794653970956,13.516428026410573,0.9699044478070427,3.7580530190024057,0.3363280172953348,0.966770167475532,1.5696957422956044,0.08318227092054667
I00381.jpg,7.1553519252778495,5.491502830562542,13.573566687593539,0.9616075922971601,3.760150927997511,0.3326929031806722,0.9673620223315136,1.5746621423911988,0.07900851450261312
I00382.jpg,7.151096561299056,5.479288208907436,13.59640257532102,0.9401383213835698,3.7532983675534908,0.3282546194126502,0.9681449527979643,1.570428580468967,0.07855395317033077
I00383.jpg,7.143747783459794,5.467274422930739,13.503549483449188,0.9391591293408067,3.748863508614867,0.3298269939375334,0.9683080029610706,1.5686336685055935,0.08359664791160656
I00384.jpg,7.134124557836057,5.413010452765153,13.328549425177961,0.9284404863090248,3.742359990459189,0.3332925605869223,0.9690460245468658,1.5620301499875815,0.08601489871742199
I00385.jpg,7.140728118014962,5.432979737189482,13.354331083995948,0.9137494571205117,3.7457329596554656,0.33153385002875646,0.9678799804149477,1.5605005763053197,0.0840461254565866
I00386.jpg,7.15184146528106,5.456649019819683,13.387789377330549,0.9052881627705631,3.7613483949058626,0.3291903886896968,0.9681265104861753,1.5609084434295972,0.08340980839245418
I00387.jpg,7.152992224090179,5.439433674690876,13.309261550315476,0.9049818598771424,3.7512032898143,0.3290665777366047,0.9674672529482503,1.5624114545204604,0.08263156600621499
I00388.jpg,7.159090611560006,5.468482692320879,13.343288639450407,0.8927459539099811,3.7551854243228564,0.32734371071058077,0.9685809558047295,1.5565599592951296,0.08469569096648528
I00389.jpg,7.144592046948269,5.467406705323086,13.358231196018226,0.8794892200274363,3.7480183454565057,0.3242657364816227,0.9690974874178678,1.5545724943556376,0.08159751980002491
I00390.jpg,7.147439531285558,5.541822892262075,13.545978009010211,0.8698380477894693,3.747323095816123,0.3203406659663669,0.969014544804919,1.5567162244385069,0.08096370936478174
I00391.jpg,7.1564863693190235,5.617756965545656,13.75368600326729,0.8766760150296238,3.737139422556309,0.3191630096748288,0.9674781098440156,1.5590683032926296,0.07598160027277545
I00392.jpg,7.163003453600832,5.670364396475588,13.847740843566802,0.8687926017838162,3.734721111671364,0.318536465551855,0.9666959355369144,1.5612080590816573,0.07700981314775343
I00393.jpg,7.16967915998132,5.665212159301918,13.831927270261506,0.8719051720109456,3.732154909665682,0.3155566566686495,0.9668399545715289,1.5604328944650232,0.07785814040075983
I00394.jpg,7.154671324567985,5.58101477984933,13.637089887077641,0.8694645589955179,3.740496252432595,0.3112402135788928,0.9691126612313958,1.557276080072858,0.07889550069194654
I00395.jpg,7.163839111336905,5.552244758878421,13.551303885966249,0.8708366159516303,3.7413703448655924,0.3116664804144578,0.9687262517719485,1.5522523412541345,0.07981329507052906
I00396.jpg,7.17700732573382,5.5782711864301024,13.543623915869407,0.8574079992583338,3.7305068948724767,0.310299576439743,0.9682168344414103,1.5473361625730133,0.07927856525625833
I00397.jpg,7.178582704465768,5.564002625611977,13.501943056427827,0.852144998077351,3.735411259724497,0.31088740616829635,0.96866231421982,1.547207446745088,0.08220447406268333
I00398.jpg,7.1992947778854175,5.639550561396957,13.676585988075228,0.8481131110118452,3.7475486974712466,0.3102792765645657,0.9668467165810746,1.546717073989145,0.07871054810480532
I00399.jpg,7.207880210791873,5.637895379264256,13.604784089523399,0.8515152996114266,3.743560991210594,0.3088664811530757,0.9661743093106764,1.5456313090140443,0.07746243923318323
I00400.jpg,7.2092023747342395,5.640989716597687,13.600720970112677,0.8528973580288339,3.7450794465247794,0.30692523713331965,0.966709787011884,1.5402674294586842,0.08102951013645004
I00401.jpg,7.233596083287332,5.698235705571958,13.696123279678702,0.8500191200731788,3.7657514744858167,0.30482489233458837,0.9653872702225903,1.53382342873915,0.08302302923413699
I00402.jpg,7.233100289811638,5.65427057035322,13.585794804342006,0.845101489261258,3.7716712296339736,0.30537120472955426,0.9665015216981105,1.5277724688723426,0.08530334262716287
I00403.jpg,7.223516135110287,5.597435295603874,13.334900719760997,0.8388705606641924,3.78056559166958,0.29797836112895637,0.9686545292758536,1.5243743980780726,0.08338244242169135
I00404.jpg,7.219575429105721,5.51672010931076,13.097910887154605,0.855865000034889,3.7969993046130046,0.29212333243604116,0.9680527790587458,1.5256580887979996,0.08250354370210693
I00405.jpg,7.258952738824021,5.596763121531397,13.191257828131299,0.8639598525579055,3.8160374792797063,0.29143830716093916,0.9682414942969948,1.5221906203054116,0.08324465616328676
I00406.jpg,7.276663784779708,5.614608372668609,13.154437692463405,0.8541880190697173,3.8295579162115274,0.2875007761870362,0.9677140432407491,1.518154796057952,0.08253001499462438
I00407.jpg,7.309255228540039,5.652178599169478,13.19486540436149,0.8448605464352326,3.858474661892436,0.28618584302979205,0.9668139935356709,1.5119154109373691,0.08291131322429242
I00408.jpg,7.33486198486864,5.658708274586721,13.180107815731771,0.837173150657612,3.881126614324848,0.28148921640715613,0.9666368646787,1.5098430105681941,0.08093838035783772
I00409.jpg,7.361314191322086,5.720470392490503,13.270325812932121,0.8508963959425251,3.89877460305837,0.27551055954115383,0.9654962591034056,1.513846945034768,0.08302251639932116
I00410.jpg,7.3728291674447854,5.672454281141099,13.12091206179408,0.8478260051648354,3.935678374902844,0.26753100705814953,0.9677975927706792,1.509134774637948,0.08480460604737532
I00411.jpg,7.3903595121794545,5.649784799657835,13.02990409539894,0.8370704210189797,3.9684359273554417,0.2627286429756286,0.9675997748773825,1.500767644594453,0.08524116764656618
I00412.jpg,7.43077787635866,5.727163415878903,13.158464574219153,0.8169331083635379,3.996143828821399,0.2606098890789976,0.9664854368951824,1.4878405561432952,0.08666498431499284
I00413.jpg,7.462831792397235,5.782137521932728,13.266440272356409,0.8125443664449299,4.030999603338901,0.25332549597406584,0.9657065006223136,1.4804785051643892,0.08739021129552561
I00414.jpg,7.496493578690242,5.8856041638894006,13.487214238554479,0.8121530998043516,4.066596629428772,0.24282792921318871,0.9655049572958131,1.4761188305245128,0.08395950893212945
I00415.jpg,7.517839293445828,5.950037279723375,13.59453048807411,0.8024831223456584,4.083979094172426,0.23186125679687444,0.964882536459651,1.4692053372592757,0.07984869971733477
I00416.jpg,7.540957157771332,6.011180556690022,13.728939419107705,0.8012632695236709,4.089944183598015,0.22423533527398953,0.9644407549357082,1.460197621254026,0.08033016072290455
I00417.jpg,7.551501686462352,6.025662910125553,13.900030967838264,0.8118869352973264,4.090638309375791,0.22201847311102543,0.9628052407372389,1.4616620770232798,0.07991917980144392
I00418.jpg,7.551366419248336,5.98360849603189,14.126266102374613,0.8147999155936183,4.067129509933634,0.22116163981663503,0.963706670296599,1.4543468280386929,0.08335352633365303
I00419.jpg,7.544030285046363,5.971655292520131,14.198189050154305,0.8418019371997945,4.00917734844958,0.2276744077046287,0.9601100240976734,1.4584559006823032,0.08589463558764393
I00420.jpg,7.514302314866544,5.942884801815003,14.236684848155003,0.8367875240709375,3.956633534574017,0.23607461267913588,0.9569325077639644,1.453683436310433,0.0901732867964651
I00421.jpg,7.481169724101777,5.912919104538878,14.218795383465602,0.819153539208169,3.8841431688540595,0.24268319412397035,0.9579434894021588,1.4449627331737245,0.09190010563929368
I00422.jpg,7.38150742790748,5.603132643961953,13.60116641840605,0.7972170426655241,3.8246206845121637,0.26428478571925573,0.9553227006854322,1.4331085330101008,0.0934661090156352
I00423.jpg,7.383230540653607,5.6822382551280235,13.818257494925994,0.7890511553428073,3.7581938268862825,0.26198781531702076,0.9570738499092843,1.4265605727394814,0.0968233616985865
I00424.jpg,7.3368991664361936,5.61305426081222,13.847970382008347,0.7792188565668767,3.6812052659726264,0.27113612630652306,0.9534298277978355,1.4233960965704153,0.09249266073616125
I00425.jpg,7.309168924605087,5.579869179251821,13.828126973246786,0.7916778710071106,3.6432235012724727,0.278468173402908,0.9463877457317266,1.4241632550498595,0.09396666486516528
I00426.jpg,7.238513070994062,5.512907949569569,13.720462369124046,0.7598942198769223,3.5473509413964495,0.29089829495767916,0.9453520447258209,1.4159765914016922,0.09131329530712738
I00427.jpg,7.142895762274915,5.331240813471749,13.411052404384126,0.7344693924632582,3.457615483890267,0.30535341808158517,0.945443933704792,1.408739215941823,0.0849236235204255
I00428.jpg,7.060463181334094,5.202354342204127,13.33354740943339,0.7186556677148279,3.3680460394752862,0.3167804582910087,0.9467865971849176,1.3932171889690599,0.08768111126204212
I00429.jpg,6.909266816296235,4.945384842695337,12.713180930150608,0.6961853018312778,3.2633198702791097,0.3278323076337048,0.9525026639253759,1.376075982993361,0.09047610776979058
I00430.jpg,6.851070239734212,4.81775322298332,12.294911294921976,0.704223931437856,3.1509352981873384,0.3578327734494607,0.9356371874588962,1.3752676398202857,0.09485196752979044
I00431.jpg,6.799282383357999,4.645655075285101,11.872397805703056,0.7265828281162354,3.158069467128716,0.3710701309395574,0.9324913217397128,1.3727181119945389,0.09931604529409385
I00432.jpg,6.823056330157929,4.743449261001664,12.130699716535114,0.7367385811061218,3.1475836166933204,0.35909585912219194,0.945881022609037,1.376635121090351,0.09010241544991023
I00433.jpg,6.7916294916883295,4.663420980511247,11.953067049391755,0.7436133535561404,3.1089225057553893,0.37084320446423036,0.9442354213834325,1.3745737780672262,0.07837533226152858
I00434.jpg,6.792516059054267,4.596897430701722,11.802664101886522,0.7327346087811738,3.1291234615628056,0.3613243286830593,0.9512899914528078,1.3754951295494227,0.07203069674747352
I00435.jpg,6.810067122590258,4.5257922955565295,11.694649564282487,0.7669731997297149,3.1367794176371846,0.34264796514830753,0.9511712662304809,1.3865469233945573,0.07440857648496894
I00436.jpg,6.852924760736879,4.544300097975348,11.728915035785137,0.7637335477282565,3.1549825364678803,0.34315445892787816,0.9439298301647269,1.3909517841998167,0.07117066971692962
I00437.jpg,6.825514473379178,4.480273023810786,11.616296420310125,0.7688658167354898,3.112849471219045,0.3254261231267478,0.9472481364160746,1.3856777543016343,0.07717384504985983
I00438.jpg,6.8043119426152945,4.490912132983934,11.589231156509893,0.7700606226811488,3.065112745957733,0.35357526302970643,0.9366477509733487,1.346028499437704,0.0998729840405301
I00439.jpg,6.776308153072192,4.479405129763726,11.63275489811454,0.76880643433842,3.0146846559567706,0.36057792020962187,0.9367023196569855,1.32279553928971,0.10580281766793963
I00440.jpg,6.735435023702413,4.43862924806715,11.45238169852138,0.7428376049657209,2.95486211078791,0.3680900289189389,0.9294666773809819,1.2986085057766639,0.10777729155928663
I00441.jpg,6.703585970795907,4.411030297348648,11.28125560126959,0.7345953733200036,2.8640828455048615,0.37250986984569284,0.9400894376933022,1.2466953359849242,0.12487290590826668
I00442.jpg,6.641435394742683,4.322093122757935,11.088936231225974,0.7241349249111537,2.815227285714326,0.3713460539226526,0.946643849102231,1.217093935192492,0.123573045541839
I00443.jpg,6.597458011313367,4.414159511624009,11.251575325434283,0.7280581104432714,2.725549826359305,0.3922342229457477,0.9373318364238552,1.1715292644327908,0.12086799892915653
I00444.jpg,6.573344730392916,4.414047051154331,11.342669120167786,0.7356424243776132,2.7074194849992343,0.3779479753907231,0.9102271303508245,1.1808497686842236,0.10337425848849896
I00445.jpg,6.586105525160464,4.446076276677553,11.424401183517707,0.7431606187712627,2.699812364398195,0.36535687670378597,0.9157124493424554,1.175614813721971,0.08641624185680276
I00446.jpg,6.594323240942347,4.373038974142987,11.194918944394757,0.7447742168540097,2.7430214330049942,0.35641259543832043,0.933474447077776,1.171266583368344,0.07777961573016032
I00447.jpg,6.655999017783009,4.381482765447893,11.28198272428993,0.7265301675995923,2.799081834106815,0.34832761054164324,0.9331335460900844,1.1824452666948855,0.07784051442856031
I00448.jpg,6.734465565762712,4.2753277722864516,11.071898356234323,0.7245161416406434,2.9540484405971723,0.3151372243401327,0.9436958851191241,1.2527873879424707,0.06443158905308481
I00449.jpg,6.754745472310168,4.289279211966386,11.135664914509384,0.7595188256836837,3.0059399778767606,0.3089406457270632,0.942356088694708,1.2547651703855893,0.07692427223514647
I00450.jpg,6.807336993552684,4.296393827423492,11.118097247148851,0.7714724579787922,3.0838671191845988,0.28915456490469904,0.9436864102812402,1.2829745652771127,0.08044665865949366
I00451.jpg,6.827001579927193,4.311332680292609,11.055779225781222,0.7481051205861642,3.0724839809807,0.2836218821405695,0.9387459354388462,1.2813725136852498,0.07658014389004812
I00452.jpg,6.805179697636163,4.270735468728108,11.01220356926716,0.7418671451193796,3.0737022323990293,0.2846022806592031,0.9369478038059549,1.2680780225618478,0.09228087736582781
I00453.jpg,6.794080423442354,4.348143560244401,11.07680821117071,0.7259522012495545,3.032639168566984,0.3088779962766639,0.9325725403083607,1.2376490610573374,0.11018587823978702
I00454.jpg,6.746569333735835,4.264021549973671,10.893624180873765,0.7212564643839324,2.984393507994577,0.31353159713947787,0.9282826314294854,1.2115626464409222,0.11386009891218775
I00455.jpg,6.73215257640582,4.277526122346934,10.933288404827582,0.7162947238090236,2.956074481109568,0.29949533476783446,0.9288557668645543,1.1983847735057833,0.104236201013055
I00456.jpg,6.692592255230019,4.212809524785767,10.806769846249336,0.7130254575287149,2.9352165201073204,0.2960676488283108,0.9324069327902536,1.1900626021444953,0.09920498218548883
I00457.jpg,6.700613102110912,4.246617090019035,10.921510020480271,0.717681124178775,2.9439585585903076,0.27742934053589746,0.9352517726135569,1.1861748321310541,0.0945968475392472
I00458.jpg,6.737513823456189,4.369245677298981,11.272291368487528,0.7149350857008037,2.9581097783272066,0.26576462504172604,0.9335717073712877,1.1827035750531316,0.08670891303848871
I00459.jpg,6.764588671356434,4.452441279543103,11.494099482633107,0.7139544348566694,2.9728388353982647,0.2637127975818172,0.9303735836842494,1.1810469741112806,0.08039753375110252
I00460.jpg,6.771109206374019,4.451228042820759,11.41087520379864,0.6954406986838116,2.9918074785928837,0.26360089455795305,0.9291363104079389,1.1862121758144306,0.07933711572937842
I00461.jpg,6.767429956603532,4.380872981617423,11.197649848622387,0.6880134488597373,3.032687049041161,0.25704174692833326,0.9314011850266773,1.1929867312078835,0.07726937379420185
I00462.jpg,6.764115174660094,4.324157228724572,11.05212832178384,0.6898812673324557,3.0506926278052147,0.245869302975169,0.9369439961023848,1.201004354064814,0.07713810098091205
I00463.jpg,6.777056448693387,4.340828559035117,11.0392785523277,0.6781908451068502,3.0736379454920417,0.23851871518131487,0.9316063269877557,1.2026131683782764,0.08030052846108751
I00464.jpg,6.715459068524927,4.160103914312327,10.548196313383928,0.6648363757562177,3.078215580788476,0.229726264698142,0.9435070313170982,1.1987278568005755,0.08236463463260081
I00465.jpg,6.7391424369048,4.246027916540856,10.764652434440869,0.6629659697506972,3.1000422316662366,0.22290694702739955,0.9452200407294604,1.1948105830760298,0.08384712375495265
I00466.jpg,6.765846260421795,4.340450446459471,11.000541709032191,0.6555238885185266,3.110205287692932,0.22332772786271118,0.9346685130552843,1.192067720071199,0.08412430521598573
I00467.jpg,6.7572632956782614,4.331914595254186,10.980523923622902,0.6558207853744125,3.140399572949543,0.218431947127118,0.9322817233346089,1.1911134635883331,0.08160853212158954
I00468.jpg,6.753920468113908,4.311116832500408,10.900302995428929,0.663043229886114,3.1646658090571416,0.21580379343746725,0.9391394828420212,1.1890038066328197,0.08311111803823337
I00469.jpg,6.730453613886472,4.2186581124175575,10.681722151074007,0.6680081820535262,3.1592643868505954,0.21397493226503603,0.9466143661636308,1.189570494027894,0.08264369387050659
I00470.jpg,6.74248708483293,4.235642586319373,10.72682251186158,0.6761283737032644,3.1789374228595717,0.21266752873860345,0.9446892002851719,1.1871081224474263,0.08301642605658362
I00471.jpg,6.727665448177074,4.194313708262072,10.61964758494515,0.6840368828794465,3.2011257818030803,0.2132330820000927,0.9393708046346005,1.1863071270074805,0.08239462795621516
I00472.jpg,6.692388710117231,4.1326441881800955,10.466876295593394,0.6865636365263079,3.2227187256583014,0.2169923022327401,0.947035234115862,1.1782250423800933,0.08168273890383612
I00473.jpg,6.708475194802524,4.175895355688616,10.556991834473363,0.7083105778305978,3.2420433755132265,0.20946857453283008,0.9471375653990808,1.177414431218619,0.08560390660669188
I00474.jpg,6.709583506136635,4.1984334249817605,10.64897094126203,0.7401250039057573,3.265937087912709,0.2075871070944787,0.9446303943921507,1.1786596549367816,0.08620413682637103
I00475.jpg,6.686879486248534,4.109807973953828,10.42655437582142,0.73467903695268,3.2697656932381483,0.21100847830839164,0.9428519286828612,1.1763691814376689,0.08392646794979282
I00476.jpg,6.722469626471675,4.176809131306882,10.601035546438977,0.7573122557365852,3.292957178666775,0.20625492337663254,0.9477925925343137,1.1809853129415775,0.08264517205705249
I00477.jpg,6.7356175244322,4.1878186069015415,10.616988040353988,0.7678785181327641,3.3169132005147577,0.2059075408281029,0.949646120408659,1.1859575513185188,0.08448090213007921
I00478.jpg,6.770193100332071,4.2309765551960306,10.69096306122468,0.7723786172580619,3.3508543369877426,0.2066481025681478,0.9490885357255462,1.19897831291512,0.08127141962545385
I00479.jpg,6.796789537984423,4.263673181232429,10.70713996364017,0.7943291151951821,3.3847744223723595,0.2085239718386146,0.9488726479640753,1.210826550683849,0.08063681953884128
I00480.jpg,6.831867650281831,4.341986504018006,10.870664844740025,0.7960977497556206,3.408095251412771,0.20603653436799582,0.9473120446993318,1.2174255280260702,0.07704011839897382
I00481.jpg,6.8448766913660135,4.343097345491399,10.851928563804757,0.8080243749731344,3.42354337588741,0.207628178635879,0.9490434442616293,1.2257582061211714,0.0777716564263012
I00482.jpg,6.850751444066182,4.300624451527861,10.750832161133516,0.8097495020266947,3.4394426421869264,0.20860040416947773,0.9520234662388265,1.234567560658233,0.07779642704714676
I00483.jpg,6.857237067706853,4.279612881593115,10.683047174672334,0.8380851279490527,3.4474817113433414,0.21038803145610785,0.9519767700079469,1.2426716540755378,0.0785789945195141
I00484.jpg,6.90315308691929,4.383519714417137,10.927184911862673,0.8305594106564376,3.477324619365815,0.20647757970770053,0.9505547424647253,1.2517952497656701,0.07573581703801034
I00485.jpg,6.9032962574716015,4.3920542741004045,10.913879256097104,0.8183879093377011,3.4802629950700803,0.20879422368673173,0.9519290560100272,1.2606360893119826,0.07448724443418998
I00486.jpg,6.9122323693140455,4.4170329470638805,10.924504184019826,0.8261048056327991,3.467624058575362,0.21029662611600003,0.9534015534526709,1.270117643501218,0.07323158272495131
I00487.jpg,6.907957492982039,4.421518887417596,10.915331876561984,0.8050404732394003,3.453756941906133,0.21677130552164914,0.9537279309196678,1.2818925104415908,0.071048719773508
I00488.jpg,6.926247737192065,4.467555445324346,10.989831390658276,0.7989749658254611,3.4444031985875965,0.21853859073517742,0.9542248688108391,1.2972166441060815,0.06972850067749585
I00489.jpg,6.921576072051102,4.477494735109578,11.015814862429984,0.771753050646331,3.3946324213033217,0.2243098495229408,0.9531844469286215,1.3209731549064907,0.07076772313469457
I00490.jpg,6.914096228980166,4.487371424638982,10.987934838258003,0.7777964282639729,3.351874996700447,0.23195378652836926,0.9527462451265443,1.345540520778749,0.06953380679736133
I00491.jpg,6.91498592170587,4.508793976908426,11.009064196619716,0.7810268037237975,3.325664065703086,0.2462854430752206,0.951673006842116,1.3756840251511793,0.0711149206301124
I00492.jpg,6.881239355443707,4.46750535662828,10.935522230148795,0.7720984202415124,3.300016475821802,0.2552095266993967,0.9490510690004653,1.4132561737020009,0.07218232060821787
I00493.jpg,6.883116746381408,4.463361302864857,10.96242328432477,0.7953536821974004,3.2960224500058386,0.25132546215517754,0.9511629673356565,1.4297543833583863,0.07066170164987735
I00494.jpg,6.827695492859513,4.363081509778101,10.741207787320388,0.8054319596641601,3.269295711844811,0.2559519714638159,0.946778427026044,1.4534739099746032,0.07207967886359035
I00495.jpg,6.8423053381104,4.451979849097081,10.98717710159278,0.818132317426316,3.2309536915874455,0.2564978709438041,0.9504487258801924,1.47220426498389,0.07247863876441696
I00496.jpg,6.808907769248898,4.414266881516778,10.860219277026502,0.8220689429475017,3.1888287201524523,0.26199912011132154,0.9486606029397043,1.4898195880944574,0.0739244964606657
I00497.jpg,6.766837703328058,4.368982309285602,10.77336863816167,0.8186433729130058,3.145043560169191,0.26746683751232136,0.9472730393346898,1.4991846257250956,0.07500280343089995
I00498.jpg,6.713806641019917,4.312868681456246,10.632377052626364,0.8219907377909808,3.0896112898119656,0.278650571507322,0.9449186570313167,1.5037111749096472,0.07404195849959123
I00499.jpg,6.698682323233839,4.36071949018289,10.761884248287073,0.8508426400920148,3.0492230966319243,0.28902982466974136,0.9446187152180755,1.5056272541297582,0.07558768585192902
I00500.jpg,6.657770955386399,4.285143953081396,10.624956747316807,0.8662643500400435,3.0132859249420223,0.2920354836461961,0.9446049770009417,1.515740201339094,0.07860618322991268
I00501.jpg,6.620053910530985,4.193443622029164,10.393241552830869,0.8895482550115194,3.0124330716264707,0.296807326110293,0.9445179793430681,1.5270446033056402,0.07624222674872046
I00502.jpg,6.628401883994534,4.230582058048455,10.52574967638885,0.9052221030828944,3.001663999075534,0.30229620820026937,0.9451690749537418,1.5254026706032717,0.08027535125032852
I00503.jpg,6.619088831028101,4.2313597404885686,10.524262933532098,0.9259319884680821,2.998929452088039,0.3094530810509138,0.9438832263515565,1.5332211228601438,0.08414113883702601
I00504.jpg,6.638625386273537,4.29690095767847,10.718993130210048,0.9465407504126211,3.008329523944019,0.311078738632544,0.9443740711159893,1.5392328509151727,0.08612441447691199
I00505.jpg,6.619336996407415,4.247745648036486,10.62015099847418,0.9780275649585319,3.0074643167667365,0.31749774290136235,0.9452538270187113,1.546937742954426,0.08856169005712534
I00506.jpg,6.640409238677249,4.265094574347868,10.667450520754484,1.0065508148222362,3.01796771892835,0.32107992750464487,0.9449514999413158,1.552707746385693,0.08879936348753895
I00507.jpg,6.638339429062796,4.2104925473149715,10.517036540681945,1.027579798902943,3.035931107085969,0.3266094759497584,0.9433071744755215,1.5539484922829343,0.09044965043329409
I00508.jpg,6.644042063963652,4.190510338544675,10.443057989476483,1.0611083660010043,3.0451514330877583,0.32949177108562205,0.9432797318852204,1.5578275693842967,0.09245038958490467
I00509.jpg,6.636998344899861,4.1955453896838435,10.366195620484735,1.0810130320435969,3.040447936183554,0.33373158746791787,0.9441679935779892,1.5622153375857628,0.09214079131939962
I00510.jpg,6.646320238887813,4.184063181866909,10.38465325777966,1.1048215648024986,3.070935525507985,0.3367169960010294,0.9441493679133438,1.5680939133257903,0.08961770818777222
I00511.jpg,6.643456977506304,4.1261458261200135,10.244804547700667,1.1246792683602969,3.0555303348481213,0.344581681963357,0.9418684511870289,1.5667380512991065,0.09299805638027431
I00512.jpg,6.6212649344354215,4.053359159051689,10.053816585813392,1.1298452796821261,3.0563013843304643,0.35197038348325616,0.9412098248937856,1.5674499373986326,0.09540899444596243
I00513.jpg,6.583460978404797,3.9504223539057346,9.828839275066922,1.133218819806053,3.0390045954344878,0.3600639757604582,0.938534724569591,1.5629443768996594,0.09538970153964511
I00514.jpg,6.605422739137459,4.0201836282448085,9.98979258455114,1.1322108140507263,3.0265338303528884,0.36179155902649496,0.9399938578582274,1.5583740641649526,0.09699168034007331
I00515.jpg,6.631829805783379,4.082488752410338,10.115820548410646,1.1377310485375367,3.040404118156781,0.3641040060653738,0.9401318412324625,1.5564679954250098,0.0964583235908318
I00516.jpg,6.587301987347094,3.999963158666396,9.982797704050704,1.1395567581538217,3.005816562541896,0.3709401072886043,0.9366741875576432,1.5585084650058727,0.09426876522908732
I00517.jpg,6.558889625805156,3.93761788171142,9.848536612454804,1.1534090929141896,3.002889832119882,0.37618727483370534,0.9332530655345502,1.5591903811766952,0.09619592048725957
I00518.jpg,6.569723197786437,4.007495111138811,9.985022484682139,1.1503709343717605,2.995030107652651,0.38010530852220964,0.9358911025417224,1.5540691604427486,0.09516994504170777
I00519.jpg,6.563669409700833,3.991963908726956,9.959068343947228,1.1555587702286396,2.9985391208299843,0.3860259129407013,0.934734301141325,1.5524622036455105,0.09647606700866185
I00520.jpg,6.5535412400210635,4.010058028891011,10.000818747119913,1.1446622055871145,2.976950851983213,0.39225639647396343,0.9333414363988456,1.5524183884299225,0.09365116235129337
I00521.jpg,6.5553596085890105,4.0507182919625375,10.053857724627838,1.1381467332736444,2.9637307247189484,0.39667877234851084,0.9343365453747693,1.549339452305714,0.09389823846311018
I00522.jpg,6.524039674535774,3.9850477775958035,9.895140326611509,1.132030328800466,2.9591279241760344,0.40229054523089114,0.9340238491597515,1.5455733297154297,0.09236688325227804
I00523.jpg,6.538062572458989,4.057884716968827,10.010577279832075,1.12346941663982,2.9516044592836095,0.4022424719717868,0.9342923340875688,1.5453428850071975,0.09238120273303102
I00524.jpg,6.535782676678014,4.067242636362098,10.038759901882656,1.127535443891002,2.9243016172127465,0.4044418448670274,0.9344427298550967,1.5480715121271817,0.09292992389460253
I00525.jpg,6.49733634273332,4.025086272933483,9.932162674471096,1.1155912248104698,2.912889006844879,0.40976756493647337,0.9325638366591269,1.5338841211837833,0.09107427862268523
I00526.jpg,6.479257073007763,4.027540306383863,9.898907675181373,1.112341774941873,2.892532672026945,0.4148427187678289,0.932774168989759,1.5175837607591767,0.0901578277783548
I00527.jpg,6.47638598069903,4.00843879511216,9.858178617866725,1.1247182268513738,2.8782027510001535,0.4166652309726928,0.9324575263625725,1.5208037083900117,0.09048665031655737
I00528.jpg,6.449201243261575,3.9566030065057998,9.670452267542792,1.1129432114972897,2.863099981928641,0.4216703808912626,0.9289230202061097,1.5156221925989408,0.08856798050336305
I00529.jpg,6.420296322820244,3.917455801840198,9.550628604453012,1.1118310117917134,2.8381357220869448,0.42545712256266977,0.9202177329097988,1.5211399378180028,0.09034580143888903
I00530.jpg,6.442508168898948,3.9928612616510364,9.709913981818467,1.1126879068866486,2.8333276297176058,0.4301930154653229,0.925986946027946,1.5245809781910706,0.09257176268646972
I00531.jpg,6.435823769940894,3.9333592125387424,9.617404534254042,1.1235468627469825,2.8409117687069316,0.4345495002135469,0.9282392220665944,1.5249668796850684,0.0941278096310254
I00532.jpg,6.438653014006819,3.9431076904315416,9.672982480782718,1.126871324484927,2.8338657992440783,0.43527409226605235,0.9286437128501036,1.5277682574695834,0.09018590181991755
I00533.jpg,6.474363693151326,3.990655771731363,9.78178970978576,1.1466123423131505,2.8610132707455067,0.44966068397217757,0.9232873873131678,1.5540065719702674,0.09515680657504523
I00534.jpg,6.495748196833613,4.000153766508923,9.852907155340738,1.1633636787468054,2.8767182890324987,0.4448990430986111,0.9304975968812852,1.5670018727219432,0.09652124948359442
I00535.jpg,6.459157304012477,3.9357622929608223,9.64124393212948,1.1256508762186122,2.8642884593637192,0.43873590144753144,0.9274724388945682,1.5401955077818834,0.09810682895836823
I00536.jpg,6.4409413952389585,3.9010317784676305,9.525512376214298,1.1239508276769736,2.834947741842213,0.443416023642181,0.9254882550013179,1.5421839819257008,0.09724857495036192
I00537.jpg,6.391361287847796,3.842064188777634,9.38034079897431,1.0979190478399992,2.8010379500174025,0.4522784869047675,0.9229815534372193,1.5254074914514812,0.09693892904203909
I00538.jpg,6.382685187945848,3.9173137179822826,9.555323784286383,1.0749814660435806,2.7859676960919995,0.4610640778774648,0.927870299654843,1.5072246095359714,0.1030499242331041
I00539.jpg,6.335973040349151,3.9158000870627117,9.501366484539442,1.051802373762807,2.739162459985332,0.4736981661799591,0.92324984940607,1.4766598873378354,0.10427745095263947
I00540.jpg,6.297485481023628,3.8585261003204017,9.385209310346767,1.0422206845918418,2.7312849740829854,0.4688650075255448,0.9257471097823093,1.4844694024858978,0.10074393758094799
I00541.jpg,6.257023998143611,3.827217709244903,9.3304176884101,1.0442651213533916,2.7035321579467104,0.4658703128284352,0.9255323155878108,1.4886356849388662,0.10200577516856255
I00542.jpg,6.242323604983049,3.831534230364273,9.321645561830387,1.0432690018337307,2.6923028262291777,0.4639382747195887,0.9232397554793608,1.501007541067695,0.10058099788238742
I00543.jpg,6.256932373699254,3.8587332325221735,9.38283822658552,1.0527144683079226,2.6789233368432983,0.46600697616809117,0.9259628825798835,1.510335644813626,0.09688803794434359
I00544.jpg,6.277120547168693,3.897266119901758,9.464821347350139,1.0639083828637697,2.704217164767435,0.47101365005199286,0.925886548266411,1.5235740728687508,0.09551603531991604
I00545.jpg,6.276736915527289,3.8265655270057066,9.328578697460074,1.0642618600828953,2.719696080873156,0.46880917585634135,0.9273995870573507,1.5277612677962047,0.09822526215954487
I00546.jpg,6.29620796466166,3.8265522094525353,9.352517158812507,1.0649633712274054,2.7389542296912257,0.47303524736206876,0.9303827466160133,1.5365689908510882,0.09887006131697132
I00547.jpg,6.321441471895413,3.8337490972477974,9.370189942515761,1.0648217016985817,2.7640017916567827,0.4692123610896382,0.9293773777185024,1.5366248350210547,0.09790118350763528
I00548.jpg,6.335893506326218,3.8242838863212056,9.3460017206164,1.05855900909283,2.7721026073101687,0.4711476112141184,0.9298679089342718,1.5306516522241271,0.09769559481744841
I00549.jpg,6.341057416971855,3.7905804565353183,9.258054918953167,1.0511295223725587,2.794230726192005,0.4731993119997286,0.9240983762461427,1.516181831264884,0.1037304918988862
I00550.jpg,6.358266180995854,3.7943819456340937,9.264959584528212,1.0371970613696848,2.8072078398184783,0.47670105086343195,0.9255113764533317,1.4956577311529473,0.10570686909625406
I00551.jpg,6.31339302501314,3.645229037337915,8.895280267052396,1.0200868365341988,2.813083455087728,0.4880537794941757,0.9280923506345172,1.4875729836803715,0.10353229343273082
I00552.jpg,6.334296388072795,3.6289866473824923,8.792232639063402,1.0108898478987034,2.812593778765353,0.4899034742165291,0.9242101739202144,1.4846410558319576,0.104670818357851
I00553.jpg,6.377945679755102,3.7121351515632206,8.934314014616048,1.0244984909556285,2.8257558046527835,0.4831869385084922,0.9252704609066467,1.4948897895143483,0.10431506781251691
I00554.jpg,6.389508913328809,3.6540357026836334,8.793053219813387,1.0264222928183981,2.8585319577489248,0.4872192786607922,0.9244661129345207,1.5018072088259697,0.1062526858890941
I00555.jpg,6.398419635618162,3.6216539243737045,8.725800745602708,1.0182564754569268,2.87540595306987,0.4949046601149763,0.9253557681973515,1.507225007238913,0.1080467812889299
I00556.jpg,6.444975487398525,3.6448802464544503,8.832360113331466,1.0189142638997217,2.913757920364701,0.49159433985241024,0.9275809534946254,1.5149183162253974,0.10757421449667325
I00557.jpg,6.477984430192365,3.6616130227069825,8.880455206878336,1.017991439338473,2.9300687290232594,0.49578755428509996,0.9298082386698427,1.5173276127703779,0.11035636550772855
I00558.jpg,6.492575723190503,3.6330498303204033,8.829265445597585,1.0051145217464075,2.957969608855466,0.49877928659208753,0.926313611101261,1.5209475147597562,0.11160118629686022
I00559.jpg,6.512961642003154,3.627503607895412,8.862428959310394,0.9975393067529087,2.9687616500593528,0.49647861230639206,0.9310042086458392,1.5175620305343918,0.11743347166674166
I00560.jpg,6.492914984275658,3.5813637907553564,8.685275318200407,0.9829513339530139,2.9825753317361507,0.4983323588188205,0.9280084506210938,1.5037764823852646,0.12218549992716582
I00561.jpg,6.490180201081422,3.574745366046934,8.635556732112262,0.9687251493480427,2.9913565081267484,0.49764719276000624,0.9276145866910188,1.4959613104944878,0.12132465272114963
I00562.jpg,6.450606079334354,3.4813113967568046,8.345918193356324,0.9614629457593582,2.9788129674437194,0.5158135713316712,0.9142558711290423,1.465210192107942,0.13079097118909616
I00563.jpg,6.4414704672791085,3.440120028695995,8.21604345765279,0.9475291810385473,2.977032470954167,0.5254401042679064,0.9137675734198056,1.4487777280147225,0.13078805887679548
I00564.jpg,6.446565849786085,3.413452317004111,8.162012229067718,0.9554479666441218,3.006198535529708,0.5225075005098034,0.9199316659353048,1.4638993946067256,0.1280883345356049
I00565.jpg,6.441248196389645,3.360141011113536,8.020078586847868,0.955562308000717,3.0268751755563086,0.519094321272697,0.9253406419287644,1.4843065273876772,0.1265505812987701
I00566.jpg,6.492923934574508,3.452751040611193,8.226068230291538,0.9692060886210997,3.0606342120047376,0.5125068359555837,0.936902147140189,1.4955251876661486,0.1357744873449023
I00567.jpg,6.526449532930894,3.4966923722216894,8.341958159291652,0.9641308549278755,3.0866651201325404,0.5071714188780139,0.940193821097696,1.5088816517952743,0.1367934949239162
I00568.jpg,6.543093217852673,3.4865078653052106,8.298867451670267,0.9777311550016964,3.1184218125733723,0.5144441136713749,0.9413151076608289,1.5200716578469766,0.14244079915357202
I00569.jpg,6.571558433758257,3.520297980448957,8.414484768633706,0.9911070709426644,3.1259202313469743,0.5160628154265362,0.9431815545165334,1.5337891022091283,0.1467687686253494
I00570.jpg,6.575480351532697,3.5080518374173635,8.458146489291476,0.9946300232681229,3.148101886602072,0.5100763478641942,0.9428113167636913,1.5396071167183845,0.14058048261539072
I00571.jpg,6.603717244122746,3.5058799801647442,8.465527161526861,0.984309543197256,3.187568015860415,0.5083053246814019,0.9417230455871145,1.549250538424335,0.1423225800969936
I00572.jpg,6.630649431635129,3.5065458950942494,8.480919508566528,0.9782332406217376,3.2178866568543603,0.509095911949039,0.9414639290537443,1.551648183273583,0.14613609396071317
I00573.jpg,6.65081722081143,3.491979059793918,8.419928144050898,0.9731198274846344,3.2336908021171813,0.5120114648279502,0.9405996090976858,1.5543961685966243,0.1514441243166942
I00574.jpg,6.661903172471377,3.4910277875211784,8.386065999094955,0.9637951439654926,3.263012212615795,0.5136388239795231,0.9389252113387097,1.5484939021928898,0.1477339743666233
I00575.jpg,6.679501522965334,3.5012117496316963,8.411475843027972,0.9582140302976737,3.265291124035184,0.5083964227888021,0.942163178721686,1.559358944312059,0.15018176375852343
I00576.jpg,6.697720047427873,3.495007734011712,8.412754198880668,0.9602416619153508,3.2842181748618753,0.5079035691616685,0.9424232949491067,1.5620192286071846,0.15066260257622927
I00577.jpg,6.725823115227313,3.528382083651073,8.508309447643683,0.9733258124492279,3.3007568244032037,0.5042051724235226,0.943243401209202,1.5703096022366538,0.1546426994473657
I00578.jpg,6.750652542357319,3.5503768719341675,8.595502272335544,0.996158253844398,3.307434462293842,0.5041009219008205,0.9453815638151982,1.5849226642965497,0.1628256973505145
I00579.jpg,6.759041140112045,3.5396731255825666,8.598066429350812,1.0168588575167523,3.28891289082683,0.5125190109513059,0.9458395616162226,1.6034009483189333,0.15928123992964457
I00580.jpg,6.746588515768203,3.507984852325655,8.52535595973541,1.0203447044209362,3.289409285762667,0.5146162751729806,0.9441683477066976,1.6074446999054155,0.1578658062815619
I00581.jpg,6.771229246903545,3.4811982440009586,8.47194584623678,1.0385715002160558,3.3284159860734244,0.5154679703922682,0.9430314207719105,1.6186060354743361,0.16600952608401826
I00582.jpg,6.798479871660593,3.4558654970326015,8.398905923439333,1.0377470614585542,3.3289791288210173,0.5169728139317742,0.9421590838614229,1.6232796849719064,0.16809654812664648
I00583.jpg,6.840902748846947,3.473370886014062,8.454507187838669,1.050767547476306,3.3585314991834325,0.5058377732390479,0.9408521820001667,1.627953808514604,0.17609781022234683
I00584.jpg,6.843776724558637,3.4596618787963305,8.405806488409558,1.0658885728162442,3.3613738337110184,0.5085042200709289,0.9398304281639911,1.6277010611316935,0.17878670774308783
I00585.jpg,6.842377251446789,3.4626624402526396,8.373871375518345,1.0617866701411853,3.357041475227134,0.5107048082300096,0.9370462536749626,1.6243547153843916,0.16829095301640135
I00586.jpg,6.8767195363773155,3.518247617323534,8.550445930636899,1.057367741730828,3.363628273907482,0.5029865749000579,0.9364772932723231,1.6271710061672202,0.1690222102835498
I00587.jpg,6.883849504245552,3.482920601853315,8.46857295777609,1.0587628647256797,3.3955868840683214,0.50639627228691,0.9399198865563694,1.630814878996997,0.17787953898032083
I00588.jpg,6.901264133042916,3.5154224906778753,8.530497839068534,1.052520465579688,3.4015643223888397,0.5113365357856423,0.939076468246155,1.6212514564184253,0.17779179271130224
I00589.jpg,6.934609225751016,3.5169525450400507,8.54122517988663,1.0689824404742838,3.4413117564597733,0.5006380196003786,0.9409074476120349,1.6288563796282667,0.18461774492808408
I00590.jpg,6.970572728278577,3.539079301736759,8.657902042042739,1.0844691586955248,3.4768968313303983,0.4926524824322101,0.94116122826502,1.6384204862104157,0.19249952994191566
I00591.jpg,6.9865832418633245,3.5362769178023856,8.679512126830858,1.0973047305851673,3.481151256357372,0.4942593788324656,0.9418621874299485,1.647019064536126,0.19665807041151703
I00592.jpg,7.019413211247382,3.5491791028905264,8.782331722851062,1.118449915069664,3.4973705742565753,0.49434038584337253,0.943979773248947,1.6547687667848736,0.1909512460734566
I00593.jpg,7.046178364897437,3.56206095228105,8.842794888839073,1.1316187945706853,3.51329889891979,0.4911079131687778,0.9404133537501251,1.6568186763142183,0.1908425559921823
I00594.jpg,7.045638137819076,3.5159078967629815,8.737003653606724,1.166293750967978,3.508369776106486,0.4971666706456693,0.941906643259461,1.663024889738162,0.19683311798741168
I00595.jpg,7.044094035372115,3.4772493604946892,8.656232524580648,1.17120456558421,3.519254605925086,0.5009405502117756,0.9416714573372599,1.6657475730184492,0.19651191846910238
I00596.jpg,7.0337334655326,3.4195077388591293,8.517132388171916,1.182776928274789,3.521819838384533,0.5072137288897041,0.9401054244906111,1.66911054717599,0.19999090566304994
I00597.jpg,7.012975027686396,3.332880897563047,8.321243374581686,1.2024487018645909,3.5216846485228754,0.5150382998169332,0.9336896144052769,1.6710127858155257,0.20720053195768887
I00598.jpg,7.036039707967818,3.398541178927848,8.468850616217287,1.2091053013236932,3.5196024714969196,0.5122871857546616,0.9339492701559368,1.6712558381637845,0.21157605858568132
I00599.jpg,7.023040131293742,3.3655568326574725,8.408612495122918,1.2234205698620757,3.512267318907082,0.5165499540564064,0.9283642602235462,1.6680348613367642,0.2123265297978059
I00600.jpg,7.0544411003077405,3.434755045529179,8.636011725872757,1.241574490222664,3.521444207294267,0.5102928128893143,0.9327564369276526,1.6663166601320236,0.21841200696174076
I00601.jpg,7.027719070113082,3.335014197240163,8.44676869270369,1.2617015654605035,3.526225276121002,0.5183592332321663,0.9209175604765804,1.6682686790164172,0.2141696344746733
I00602.jpg,7.077711587643058,3.4235425855759947,8.775118882217996,1.2806601943465283,3.5442948299628525,0.5180525379488214,0.9273435352859127,1.6716621540762846,0.21417566686424572
I00603.jpg,7.101506088084946,3.4314860136375205,8.913739326147574,1.3093401883150744,3.566351604620724,0.5201383569905157,0.9306907195725406,1.6789803187439518,0.2190586917400661
I00604.jpg,7.098089687582413,3.4407411275915245,9.07996879583478,1.3280801612678803,3.5757178568741237,0.5215976030003642,0.9332082358829294,1.6846071786153844,0.21713413036126475
I00605.jpg,7.096968853095238,3.4661288424506553,9.192918903465117,1.332294993147594,3.560747884311155,0.524032953750644,0.9314727638745338,1.6899320675054408,0.2163359241689245
I00606.jpg,7.1200274747801275,3.5153468095030616,9.362176687524721,1.3420489440598296,3.568689593184198,0.5189531212822647,0.9326862337549373,1.6942703688147214,0.21753759570981038
I00607.jpg,7.077011841512603,3.400267456557247,9.193340480542231,1.3556206229870371,3.5647578271900904,0.5315384236940754,0.9268087724547523,1.7004734337588299,0.21552473196902536
I00608.jpg,7.093857469172343,3.426216703004325,9.280487647768956,1.3555408603319927,3.5593705988153244,0.530974727268075,0.9310885377021276,1.7019408509710794,0.21189479258055544
I00609.jpg,7.102975559502405,3.4690598674121773,9.472314373126208,1.3558944943234912,3.558826613945701,0.5301569809379623,0.9303877749638833,1.6992938728343723,0.21573929269386863
I00610.jpg,7.07186944847052,3.5069467624293087,9.601960265038205,1.3188402348698631,3.5482437325325185,0.5331416076106085,0.9287608842208935,1.6942000527948413,0.21813076097269507
I00611.jpg,7.073210480429513,3.529675024025389,9.717177817164414,1.3158736199529089,3.5481095694997755,0.5342054189949031,0.9277380085972089,1.6911575975062176,0.22183698448976388
I00612.jpg,7.002252161999923,3.5049186384187565,9.72613264612405,1.2747570921974538,3.506890823097752,0.5400854452255953,0.9263316509883007,1.6905895360451,0.21517795830388478
I00613.jpg,6.952827506034201,3.4700689078999996,9.799308136342095,1.2585955325321558,3.486275949979136,0.544519744721343,0.9240339658872764,1.6908969641015195,0.21023575191992938
I00614.jpg,6.928182917670467,3.526610470357043,9.995396458752753,1.2386864255438357,3.4772406676204355,0.5465462662440941,0.9267735064396488,1.6943942606586457,0.207003514394783
I00615.jpg,6.884843278762887,3.5338644452084575,10.130578226146739,1.2124609725220818,3.4445057531619403,0.5543781356739117,0.9310129031753613,1.6945095024198185,0.202524307017926
I00616.jpg,6.858630961717876,3.552171495810737,10.147038620681792,1.2104628968432434,3.429399281026106,0.5570606603413599,0.9334456579871312,1.6977959531613953,0.20218484627244715
I00617.jpg,6.78694425695385,3.5319144836685963,10.168265705172164,1.1949530262245711,3.3725362750492307,0.5659481636833582,0.9341749494369024,1.7026026378293273,0.20153919314287966
I00618.jpg,6.755023125597962,3.612136344725772,10.406364268053071,1.1962008924598426,3.3173913565048236,0.564002231836891,0.9361857823339111,1.7064146168851697,0.20488565458455854
I00619.jpg,6.743833709995932,3.646641725689835,10.564307624649866,1.2032696242141725,3.2962520600815632,0.5651705820210172,0.9363315461644872,1.7113159615930478,0.2048963966441772
I00620.jpg,6.7519226015116685,3.7128959287835945,10.719952020579637,1.2136384107465776,3.291691248547218,0.5640248424604245,0.9366941931722649,1.7137742445523125,0.20924061049903053
I00621.jpg,6.758095354904989,3.72667932721029,10.766046932097113,1.2383166146351776,3.3226077936785896,0.5630959063628784,0.93864171111341,1.7177536708784806,0.21198451720917127
I00622.jpg,6.768867344020068,3.7941250094741976,10.979605229920699,1.2545296738408698,3.3398784107356647,0.5608308793866831,0.9403775601958618,1.7184640278638668,0.21301024182558684
I00623.jpg,6.774983640257516,3.896016909511479,11.237402396574977,1.2548031331672895,3.3262215792805203,0.5606002937772798,0.9417337294663699,1.7142100135789233,0.21740751847569117
I00624.jpg,6.784515617357312,3.9595072536590243,11.40735406287042,1.2462183921496242,3.3247461999209382,0.5594624678535927,0.943102975242659,1.7143657516864252,0.21586491599361082
I00625.jpg,6.7838997921796,4.028709198493381,11.548109752164605,1.2244329016518716,3.325517314473168,0.5555943121689348,0.944919027045805,1.7144275114276548,0.2061562908239008
I00626.jpg,6.793979770201823,4.103170311372698,11.733693576661203,1.226371289089559,3.340201476091628,0.5519751843909942,0.9454091741250654,1.717107999072621,0.20236683600280375
I00627.jpg,6.791050606844149,4.15452460793492,11.84351670187732,1.2294592456356226,3.3420909758626864,0.5468019820602312,0.9483452388933458,1.7160117871095717,0.1951554666933314
I00628.jpg,6.801666897995138,4.215804887925205,11.953882737420509,1.2451376662235332,3.338697813730364,0.5395692631527685,0.9515624552028646,1.718840227328879,0.19282652338319606
I00629.jpg,6.8176312285818,4.281870209830287,12.011503881287974,1.2267276496042587,3.3544258405083793,0.5264560812707607,0.9533650569629508,1.7169695333050266,0.1779333486183105
I00630.jpg,6.820606831024221,4.348060027936209,12.139218719812694,1.2107703882287573,3.331768176957841,0.5227116248910848,0.952748265601975,1.7135338118327286,0.1687526236035518
I00631.jpg,6.822954923324607,4.3779265594478005,12.17286954927742,1.1917459297633823,3.3233929312598818,0.5167065556061918,0.9527959641681001,1.710918454938151,0.16063835233518464
I00632.jpg,6.817882095647767,4.392195472400401,12.173198622625128,1.186330363643157,3.314144215044981,0.5139321170773185,0.9524503155239641,1.7090037400975593,0.15612891613537316
I00633.jpg,6.810099225919667,4.421705808794559,12.165181928275436,1.1708190531418567,3.2971154108486953,0.5135226072614975,0.9505305585461993,1.7109378802674953,0.1528163173932151
I00634.jpg,6.825774296513578,4.494487552723598,12.301892140849636,1.1632916624356202,3.2820265287892014,0.5085925586646735,0.9496831461759655,1.7098576058609831,0.1461724351106239
I00635.jpg,6.813234646116641,4.5099987225821,12.272633153068819,1.1562517051100487,3.2717259627769915,0.5060701746592084,0.9494321285202968,1.7063327623912286,0.13804751192779394
I00636.jpg,6.806061747714668,4.546114810028979,12.292502048714374,1.1394383363258043,3.263799582331612,0.5032058736213159,0.9499931205618859,1.7042441548160414,0.13369069275434645
I00637.jpg,6.84749384989299,4.736910273995544,12.81757790336472,1.1398950891784647,3.2780058023750094,0.5015105024818023,0.9477270705324465,1.7038370999226409,0.13051993532916087
I00638.jpg,6.864125244328693,4.841836900690699,13.091944836724723,1.1364960167684552,3.294449561371872,0.5024677480109839,0.9456514745694117,1.703879568474659,0.1277790467859837
I00639.jpg,6.888810527350618,4.962711563947067,13.400260185504447,1.1097845894766378,3.291333843410331,0.49597997048558423,0.9465403359513828,1.69997175979193,0.12010642107332942
I00640.jpg,6.863055239367192,4.936630477338942,13.293915961564418,1.079417648383444,3.2854830090210503,0.49731263749692145,0.9495604395477345,1.698991920975157,0.1152522344697687
I00641.jpg,6.8806913089323745,5.026063657180456,13.456600651834073,1.0564608950984955,3.299715939703703,0.49296695828793335,0.9509451631892507,1.6981225958846164,0.11246520891817231
I00642.jpg,6.868381555691824,4.98588516348083,13.325985069169388,1.0693351429063287,3.303642157171774,0.4923839459887837,0.9527729304478084,1.6997903966874155,0.11884530421347807
I00643.jpg,6.8598632978457275,4.968851860451689,13.270267518026905,1.0696080315139707,3.3084061994802427,0.4891917800640757,0.9543067664567739,1.6938115515614638,0.1178944738840103
I00644.jpg,6.8767061166156,5.056018890306064,13.424112688389808,1.062136055168578,3.3122972942510387,0.48562173396372554,0.9536768903428053,1.6897730696363809,0.11266188676293189
I00645.jpg,6.895018198338082,5.115736879293541,13.53239407267743,1.0798682449421568,3.304619094437698,0.48391286566869207,0.9549161036051692,1.6880391442209866,0.10925472565241785
I00646.jpg,6.914189440272958,5.180323916275288,13.719393297481503,1.0857918045464772,3.344834873107065,0.48133371674031933,0.9569901397147583,1.6870702890530698,0.10854453775042998
I00647.jpg,6.9267228563181,5.220115981893055,13.876312095706517,1.086714115440077,3.3467965903920245,0.47848551701341746,0.9572048385530876,1.684357698484185,0.10937063561642865
I00648.jpg,6.943349814288702,5.221435539594145,13.813906746747755,1.0942810341361984,3.3672039873905075,0.4730724388283337,0.9577737273457213,1.6800058392861308,0.11114997463139091
I00649.jpg,6.933710169597989,5.176082596694092,13.554604867451692,1.1006581548432526,3.363353252414889,0.47182849081342143,0.9577167638230426,1.6806665008424453,0.11136441660756774
I00650.jpg,6.959171808063654,5.2832488740116075,13.822754267482862,1.1115260023710132,3.377463028649988,0.468024227514258,0.9563677747212288,1.6810751104541333,0.11547600957711013
I00651.jpg,6.970632415738145,5.321276589314779,13.92883479424931,1.1127131680849955,3.3757613791050542,0.4689403302775493,0.9554233376842474,1.6844620548657883,0.11843867662826478
I00652.jpg,6.9569560451685115,5.283506083011609,13.853521288226085,1.1150138041967643,3.3586201943795717,0.4677198715396014,0.9568350065753994,1.6834803965503755,0.11856164759694754
I00653.jpg,6.977723507019473,5.323383473164453,13.995818484426684,1.1190319350682871,3.377194170250406,0.47303649197772035,0.9551398665824358,1.6748547096076498,0.1156163811599249
I00654.jpg,6.964835214028467,5.288128565728656,13.832733494554594,1.1042339158381056,3.380451791752046,0.4732979721529751,0.957602459228892,1.6686261295166862,0.11219613123440002
I00655.jpg,6.95812143334391,5.237262907504846,13.74070764439108,1.1293569632379525,3.4008152551467035,0.4726525422392033,0.9601776189967901,1.6686090833763618,0.1143397293935737
I00656.jpg,6.976514509730838,5.28413769586061,13.855466730981433,1.143990278642106,3.454342603125645,0.4718047621433271,0.9615712826990257,1.6707826876253247,0.11588267517239446
I00657.jpg,6.978377169562086,5.284843542482314,13.852846760064994,1.1566535829993174,3.4771673939179504,0.47148101726789066,0.9626353245152223,1.6680855286693679,0.11736541996363374
I00658.jpg,6.993189183606253,5.342273434701185,14.082523326282619,1.1619112691701021,3.489498784509843,0.47034931059070484,0.9618654119837798,1.6622965613435556,0.12061387508596991
I00659.jpg,6.996929477312725,5.380819456114053,14.149345668374114,1.1679470543122727,3.493390506146798,0.46852980765911284,0.9625460597453027,1.6619094775406298,0.12197438428548354
I00660.jpg,7.022857734292889,5.4526324228654515,14.359520651238094,1.1748560615862282,3.5107436344965595,0.46735964354262877,0.9620382219223715,1.6585676473551914,0.12247473073165409
I00661.jpg,7.043460451753508,5.5399251054993055,14.544489409442072,1.1754726634645496,3.493406321929171,0.4638550879337663,0.9581502821349834,1.6537649663261043,0.11969076547825622
I00662.jpg,7.034257895508359,5.498304383070829,14.472512400964748,1.1555106666980333,3.4942362591037894,0.4525717591261736,0.9626366841743919,1.6446983393930439,0.11072061420909105
I00663.jpg,7.031480284156786,5.4892313423180035,14.427880676274789,1.1630530474475607,3.486630384095439,0.44861043372854753,0.9639643730972719,1.6362448369584395,0.11068177792227739
I00664.jpg,7.03663093537813,5.493177553300375,14.4045806048618,1.1505983553626595,3.4858861700249393,0.4439885958241501,0.964983457547263,1.6334091772600292,0.10760361521846173
I00665.jpg,6.964923377129433,5.210636071596931,13.654054176898754,1.1422662660328688,3.465797005183751,0.44857363724082755,0.965643668934144,1.624596936079708,0.10697769624966025
I00666.jpg,7.047895722107339,5.492876609093162,14.28045850447524,1.1347136171941008,3.4622535191903374,0.4343389539436455,0.9651870366921618,1.613670572331063,0.1082805388228415
I00667.jpg,7.081653802379534,5.61378699469228,14.565410905736274,1.124767418626676,3.46079564218821,0.42966277266369973,0.9647954434503457,1.6012410568485929,0.1098845822729049
I00668.jpg,7.031615949061088,5.359767287553818,14.070771532492731,1.1231249687708997,3.4175624307891788,0.44051351353829327,0.9646737316139931,1.5899188317920068,0.1101592793132797
I00669.jpg,7.094618016166559,5.6040385884822514,14.674945614857304,1.132826117488241,3.43108048561733,0.434137166853947,0.9623494363830594,1.5822015575286066,0.10928333584538341
I00670.jpg,7.075534714832362,5.56929339417131,14.640413153457164,1.1366796749876866,3.416499121548318,0.43957222588659584,0.9595665523810138,1.569045738990006,0.10695354944334465
I00671.jpg,7.043636868179881,5.4479593670758995,14.286989745232974,1.1535677989767552,3.4047964511596582,0.4468102106750547,0.9575924857267192,1.5643832177663373,0.10847463083939184
I00672.jpg,7.087518386497231,5.6698937976482195,14.891385253877887,1.16685324421402,3.4070028192269897,0.4271475068540513,0.9607772237658798,1.551489244629545,0.11019303583897105
I00673.jpg,7.012845954173559,5.459528187725632,14.35192521416347,1.155026380696127,3.387145764380254,0.4464434601131489,0.9571045307502366,1.5444811672068144,0.10849384823744526
I00674.jpg,7.016703563285489,5.5800047679413085,14.629960299257244,1.136598050687088,3.3848392213568923,0.43625061425543565,0.960404209884634,1.5347609834914073,0.10485970254265572
I00675.jpg,6.981771828032005,5.539578319850926,14.581989608962227,1.122752640284133,3.3630615162354647,0.43977621091223196,0.9598445239436503,1.5265697312313704,0.10114744702608014
I00676.jpg,7.001969172202166,5.763960293975305,15.182500387442968,1.1157589283202376,3.3518796472688575,0.44699901654891516,0.9566505349833263,1.519958236016198,0.10246203938507335
I00677.jpg,6.928012834110329,5.566060665869467,14.63899217541169,1.1214342114157143,3.3297593391853018,0.45887382537598914,0.9581856134167571,1.5211386798120414,0.10540833837299327
I00678.jpg,6.886388296215174,5.429499482606273,14.32040035828498,1.144341918175565,3.310723304821484,0.46752736322022836,0.9582218649704053,1.5193933174725078,0.11296516912794081
I00679.jpg,6.908337027721832,5.600552351831356,14.850965093746812,1.1492278529950815,3.3046185783059596,0.4645178708666609,0.9582736028451703,1.5148344503818931,0.1192070815280579
I00680.jpg,6.845184174534561,5.465701685663644,14.487197483687885,1.1484845149113816,3.291645951644092,0.4744866321512168,0.9579109658120302,1.5201341246524964,0.11596042129933437
I00681.jpg,6.8729698424815595,5.560487570334757,14.770887088870353,1.157467972992544,3.2953457008696394,0.4715805826627225,0.9564728958740707,1.5217188156446744,0.11033626933795898
I00682.jpg,6.855505707319866,5.543444833501019,14.78038267467402,1.1765601928792324,3.281845341316048,0.46536009586530375,0.9589938442719083,1.5191705953706642,0.1067605932198645
I00683.jpg,6.845091442171302,5.506855341211757,14.709181952133857,1.1879650425410517,3.2875610576695893,0.4684630640576198,0.9575935965253193,1.5142694875357146,0.11103574639962144
I00684.jpg,6.857351216231155,5.5493833819105225,14.753232135904401,1.189083406198415,3.276024378221914,0.46493234747006196,0.9580893383590042,1.5049168460188653,0.11522621359654289
I00685.jpg,6.885123899892386,5.633652844892024,14.94866573411795,1.1889995635479884,3.270632194836394,0.4618641585619482,0.9569873027470366,1.499995095783809,0.11472076659174857
I00686.jpg,6.927690723022131,5.781912275075852,15.262606790909658,1.1946549464608127,3.2781065122903486,0.45132907559753266,0.9558918213892512,1.4859980437723452,0.11931228675207084
I00687.jpg,6.939599311673338,5.830301424304197,15.446879344874098,1.183889303532504,3.2727021017124027,0.45193091798330076,0.9553066975420252,1.4791510173868194,0.12114511336371103
I00688.jpg,6.940405851829137,5.7904714528859085,15.34074176313314,1.1835140453747142,3.2675841470544604,0.44763654643341816,0.9548422905840527,1.4653922644489041,0.12427804214835096
I00689.jpg,6.931032577855631,5.781135543179743,15.29194348469859,1.177759639843223,3.2468239381759285,0.45167925447851953,0.952413743230444,1.4508898787647562,0.12670233897791205
I00690.jpg,6.955354477171175,5.870728314186643,15.598235410349039,1.1804328603302081,3.2518308979180057,0.4480955621369079,0.9522691980428996,1.4411866577307446,0.13156699954430393
I00691.jpg,6.906238606203285,5.6611771335884065,15.056693311626963,1.1871381608938538,3.247855257737142,0.46312322516496096,0.9493062981275123,1.433652367949145,0.133862477021662
I00692.jpg,6.928131261691511,5.820075096764408,15.480401014305976,1.2006393940659084,3.2575983737799254,0.459025046765337,0.9501561778043689,1.4262809513853019,0.1327159301272031
I00693.jpg,6.942351313161747,5.8417211003251674,15.603352651612672,1.2031574010980277,3.2628939286459397,0.4563638387205867,0.9517279756370123,1.4250379930677446,0.132742802070275
I00694.jpg,6.946800533821071,5.888215448050652,15.77101626541922,1.2021692837452433,3.2643464019427944,0.4492845498456538,0.9529334887044437,1.4239045483781219,0.12962363036488286
I00695.jpg,6.973170380440169,5.9973990430797,16.12178490519619,1.204101973085423,3.2634915964731412,0.45603768433179886,0.9513649536803248,1.4182552650235516,0.12913005402818764
I00696.jpg,6.960114142990933,5.972874758280786,16.094307409916773,1.1983386689292312,3.282756910973104,0.44890257980394915,0.9562879538473356,1.4225894135172326,0.1263523486664295
I00697.jpg,6.9764889020980485,6.112089761341523,16.425290888133578,1.1988983414315948,3.2805701265285583,0.4475197691806996,0.955784241849352,1.4255303463728373,0.12183768104048846
I00698.jpg,6.961306775407974,6.080638176155224,16.425564144816768,1.1935166994105244,3.3110704074889767,0.4429674242756696,0.9577337321860564,1.4335721682612905,0.12399550181715406
I00699.jpg,6.946872055969766,6.05317875404086,16.390093702252816,1.2065326710083637,3.3145563982375164,0.44698348485679823,0.9592613919081462,1.4462271191675287,0.12643526284366802
I00700.jpg,6.916766777216037,6.032145023560949,16.32256141141493,1.20421180345126,3.320586391290804,0.45558660899090936,0.9597869418513177,1.4512533264588705,0.1270316738960062
I00701.jpg,6.930869253735648,6.129257221418701,16.661199624176728,1.213240620897566,3.343098381290223,0.455214024033592,0.9612097566697461,1.4614816053016355,0.12825243710346917
I00702.jpg,6.943338332505311,6.156063300870905,16.805392476792072,1.2358657501086743,3.379117133525551,0.45586460964160264,0.96383613317066,1.462695800802357,0.12371111272682753
I00703.jpg,6.917411675171766,5.9436527274850155,16.373583141067535,1.2614028742884302,3.390734168807718,0.457859485268618,0.9666881901493202,1.459640327453434,0.12200605803966505
I00704.jpg,6.9378527323149255,6.037928099532341,16.643206527872316,1.2608102635893277,3.418915087323038,0.4543265490366847,0.9656203615624378,1.4613089399846355,0.12123626644437492
I00705.jpg,6.948172579536788,6.059790234255357,16.755465800483627,1.2639462780481274,3.4350612739317876,0.4453479710293697,0.9677326206224454,1.4616045269308369,0.11665502620198681
I00706.jpg,6.91352171186103,5.922016161114851,16.357655272972703,1.2739626694331412,3.455074419009252,0.4425993782948742,0.9695361955359644,1.4608634483126335,0.11847260139899168
I00707.jpg,6.9823224566710005,6.189252719712291,17.097993769193288,1.2951655138922304,3.4952025088452237,0.4405860551614834,0.9659527185133333,1.454765657747981,0.1278149265848531
I00708.jpg,6.95201048723521,5.986131204286949,16.551763075481198,1.3215129101834346,3.5039275933071403,0.4461852315001428,0.9656505101003507,1.449520405184787,0.12846738368899355
I00709.jpg,6.963760482083256,5.977499134579847,16.543354639267946,1.3343415263279508,3.5232287600565115,0.44209546213938966,0.964756060849395,1.4428899174270635,0.12969442082484872
I00710.jpg,6.93756431333572,5.833832828730387,16.21140779349711,1.3301707417244109,3.4991254393247155,0.44377661425354015,0.9640334541639818,1.438523005718321,0.12709162621233488
I00711.jpg,6.924712217065755,5.740560360399616,16.012079443743247,1.3360826964024484,3.4837305251505977,0.4434801928288762,0.9615599234442533,1.4349567435102712,0.12527902994188547
I00712.jpg,6.940913041045183,5.791335743827554,16.16725018529501,1.35192226483101,3.5010004007591586,0.43959955951232793,0.9622930087407735,1.4325080865655853,0.1356316197794283
I00713.jpg,6.931837502810582,5.735001594202548,15.98008871358722,1.35877922973458,3.4977112455350463,0.4397216659484039,0.9615392473919647,1.4275310643871288,0.1386037135748444
I00714.jpg,6.911711075934044,5.601541856865116,15.612673078680816,1.3611646089921376,3.4883686471717628,0.4377331602959225,0.9650229775241267,1.4214910345323974,0.1429810722382834
I00715.jpg,6.900834176046608,5.548530300832436,15.4357430333041,1.3498376785723636,3.470535017954905,0.4358560107181907,0.9654671122983246,1.4132142155804277,0.13532771401995572
I00716.jpg,6.863074340923649,5.408936857832496,15.045462661253607,1.3377227404653733,3.455274238200844,0.4461582354469794,0.9608300117506131,1.4023022361843263,0.1310700622149636
I00717.jpg,6.885303077750705,5.471714357710694,15.189277108971883,1.3528456768413863,3.434943479108487,0.44639245259601007,0.9609039638761825,1.392037573854033,0.13257846892630482
I00718.jpg,6.873350173485146,5.369726144530779,14.871174227903682,1.3640983669667222,3.4239277503201238,0.4458365533524444,0.9641079669314062,1.3827060285291926,0.13319441540783236
I00719.jpg,6.859188909284314,5.350840430016802,14.783206638933644,1.39927995879492,3.4107471872339796,0.45076571502651364,0.9648569049384389,1.3764782959624324,0.14632896990248848
I00720.jpg,6.835500986225516,5.203516766591379,14.215920182744304,1.3867152570782704,3.3572064664944117,0.4504638853976001,0.9641585704148803,1.368042686228698,0.13819411677803142
I00721.jpg,6.799026823544888,5.103835524741246,13.878637904114704,1.391118950835446,3.3345901169538212,0.4597113277671726,0.9599854599623165,1.3599704744494097,0.14301477983054967
I00722.jpg,6.817573406509862,5.194962217429061,14.147545125859656,1.3729713292629184,3.3188128753422683,0.45139337188792356,0.9604650682697901,1.3528185460863018,0.14129421500625908
I00723.jpg,6.785952431638727,5.109778782453739,13.86619686291726,1.3391227349591754,3.2782948721731313,0.4487863418920288,0.95868267868215,1.348552680035795,0.1398096569098305
I00724.jpg,6.798271998026211,5.192028781760294,14.091133702424651,1.339252472147125,3.25583543019375,0.43945702298229933,0.9584774476415976,1.3495415386995442,0.1467755619289572
I00725.jpg,6.784499876219433,5.1644034256163724,14.019033586380996,1.311656863622469,3.230470675770765,0.434699988883228,0.9575130200069156,1.3531169449968197,0.146888490123532
I00726.jpg,6.761372305026923,5.11991388299571,13.941107859773668,1.2828208707498159,3.1995441882240745,0.4299027336820851,0.956977504645732,1.3581690361538628,0.15406341360984965
I00727.jpg,6.751935225242436,5.069208179013484,13.808150211194183,1.2930839646932233,3.188533674649092,0.4295319150577914,0.9565932610954108,1.3606520187341857,0.1592782199186592
I00728.jpg,6.761301811640532,5.031233900437934,13.703327092602832,1.282184056116371,3.1686972690307833,0.42758235805558803,0.9553569746549703,1.3714225296468465,0.1625884953811776
I00729.jpg,6.746087796655329,4.9841381451777975,13.626870149580549,1.2602743322397871,3.16933065306231,0.4217829622433687,0.9571896987888517,1.3808593079204223,0.1659239404140188
I00730.jpg,6.728376478017554,4.922353795999758,13.440168453696012,1.2241746658904107,3.1574149403828287,0.421687688995703,0.9556994593343949,1.3808779259968724,0.16193435943319032
I00731.jpg,6.710464506551423,4.845411506293596,13.269211816471698,1.215421890330485,3.1456224141280034,0.4209636688705828,0.9552026279834632,1.3796122667314554,0.1636168299556615
I00732.jpg,6.712619630950563,4.853169734620661,13.282305465558009,1.2032140864503806,3.1302480728447666,0.41143366182346935,0.9577917524937791,1.382104575044394,0.16062486305161375
I00733.jpg,6.704344105204882,4.791661336564034,13.119335845964752,1.1807117076838347,3.1296875125896637,0.40119310825948656,0.9595388138495079,1.3834071900608946,0.15955684421800365
I00734.jpg,6.7074866194705605,4.816408914046045,13.200787261134295,1.1731359706142537,3.1221582203553218,0.39845035977906174,0.9593196216864064,1.3811165222458235,0.15817293475710853
I00735.jpg,6.702375773522557,4.787137788723857,13.189338687914182,1.1650161002913748,3.133933867106978,0.3973900497998751,0.9600209932041747,1.3841258864100219,0.16438763871746304
I00736.jpg,6.655803865849736,4.65309447885758,12.981715554020207,1.158765023864601,3.105649742717574,0.39767693407940924,0.9600924560710126,1.3761038733579856,0.1593632906983093
I00737.jpg,6.675477588307161,4.764265390813259,13.401431300680638,1.1545155600704693,3.1005087411416765,0.39616871326448955,0.9595928833989626,1.368206060254439,0.16074207825926637
I00738.jpg,6.664799721824257,4.733564572853319,13.357736935177746,1.159682295138362,3.0881203073968253,0.39591477314007223,0.9614008504544389,1.3626712742889455,0.15973050548358608
I00739.jpg,6.647080243534433,4.723321123049849,13.293145048091812,1.1634279550521105,3.079570512012496,0.39883563164097224,0.961157085216585,1.3563167840574284,0.16197594379146218
I00740.jpg,6.662942787775749,4.782648724817719,13.405757081070306,1.1433805311726495,3.0749250847319485,0.3962110430963393,0.9605278549330784,1.3460484873775425,0.16468604379818344
I00741.jpg,6.618645886537738,4.678950590516393,13.0753384699189,1.1234798505871815,3.0577263160739174,0.404700250407895,0.9571683230268249,1.3371832291545498,0.16451534105665036
I00742.jpg,6.673563857086049,4.9187816277066405,13.696466084752823,1.1247140149731851,3.062066134496838,0.3943533406780201,0.9589459513289167,1.3287658842613441,0.1705009036291081
I00743.jpg,6.673579311331799,4.969427055635965,13.842195365946099,1.1393375494321443,3.0548232889321003,0.3946568407917077,0.9597004834477303,1.3252499894361636,0.17640504086898934
I00744.jpg,6.638568816822185,4.882672329060842,13.569042088013232,1.1258314874157112,3.027557865222348,0.4034933521109872,0.9552211509955826,1.3156733430881173,0.17433990771665128
I00745.jpg,6.67666161708341,5.027113905247522,13.934592592206789,1.135401453939728,3.013270486108168,0.39633853013572484,0.9573290115156791,1.3076726733276849,0.17801178964360703
I00746.jpg,6.6720271095118004,5.0701431138649555,13.938615536118553,1.107582018705056,2.9994170477284077,0.39765727030613485,0.9573158015378597,1.2945785528658098,0.17838104732004825
I00747.jpg,6.699754816194592,5.12652032314885,14.113720986970064,1.1142498066916866,3.0039025115272944,0.3953864617619308,0.9573310271202189,1.288018932444224,0.18442957830454948
I00748.jpg,6.684895684345139,5.056967465548531,13.914276572086303,1.1360521109510238,3.007346047841766,0.4057699114297836,0.9562598255919595,1.2849062640193512,0.19352285475314746
I00749.jpg,6.7321996505801325,5.176352538789496,14.242834993496231,1.146313702203305,3.024577330199386,0.3975463312137044,0.9573784102846502,1.283661924663129,0.1974526162348632
I00750.jpg,6.746850029361374,5.2261523306208035,14.45327156126008,1.1492524787875775,3.0348461290174606,0.3977194506407541,0.9568529086290576,1.2868812938097896,0.19404567132074144
I00751.jpg,6.733613990503005,5.148970285411834,14.244008350778893,1.148143702185668,3.044736606910983,0.4007847545333235,0.9567249057279331,1.2931035779356104,0.1930842141059559
I00752.jpg,6.769766123618772,5.2614916388091855,14.558931966322254,1.1412650551454806,3.0244950526000847,0.4044230785647333,0.9528483623170158,1.2979813128684738,0.19861202067956746
I00753.jpg,6.7757628237454055,5.268130908442485,14.61446274914266,1.1462065507569335,3.02697272012675,0.4014470572605322,0.9545977577462361,1.3037994093970886,0.19746182509193458
I00754.jpg,6.76983361324226,5.2046799442294445,14.467115347248331,1.1545546753913436,3.0220385153714595,0.40353832135136536,0.9546727493112255,1.3120041850922928,0.1999041513944231
I00755.jpg,6.780259627094399,5.2289581842797705,14.560290794304414,1.1582880531852193,3.020170182669298,0.40264566144587327,0.953115414532845,1.3208667303395183,0.20050799785901724
I00756.jpg,6.793168022323988,5.19394870833982,14.507643037209663,1.1763257065779267,3.0239945451022576,0.4040291608867593,0.9519850933783415,1.3326007062829837,0.20833261813186538
I00757.jpg,6.768224496382358,5.0707795908967475,14.113810529816838,1.1822270812626692,3.0048725710802007,0.4095778167752929,0.9506383169353431,1.3436378014871702,0.20618731384954248
I00758.jpg,6.7718214371357535,5.011890031651495,13.984720084196654,1.187071261508073,3.0225109383561817,0.4133196685693335,0.9497456921541371,1.3656402009135045,0.2122247447156441
I00759.jpg,6.799778273886374,5.030713798833196,14.018992609992331,1.1836503254729231,3.0256200743443573,0.4116687872194234,0.9468691884331544,1.3867356018675028,0.21345841292667955
I00760.jpg,6.78716658256129,4.913357188234483,13.644515166089526,1.1776565943905148,3.022589863289288,0.4229393483176438,0.9466658195026448,1.3926837273458306,0.21822178228151815
I00761.jpg,6.814762709901258,4.95049062275258,13.678115907514885,1.1874448720982682,3.035876696880717,0.4191327331126637,0.943311307846237,1.3996000681296836,0.22179517602180135
I00762.jpg,6.784049829345644,4.836805196181162,13.444143934347435,1.1813759543179727,3.0257915061840466,0.42896192865351485,0.945012297017657,1.4056464058624234,0.22001209695767215
I00763.jpg,6.768756464179057,4.754998229170431,13.161177963699027,1.1648934168036558,3.015674429902197,0.4307559279102569,0.9463604255999003,1.4165886571942266,0.2158110681737315
I00764.jpg,6.763930072213044,4.71186061931379,13.04054645004136,1.1652303381043734,3.003223675651793,0.43510233098283946,0.9458776981654805,1.4329372501616824,0.2121830065349528
I00765.jpg,6.7416823618285076,4.659075617014115,12.89292964395298,1.1606298324689814,3.0032475482641736,0.43510951069668374,0.9462047229639722,1.4423617836181606,0.21368277093248625
I00766.jpg,6.735257342336717,4.673160538278934,12.938268424655263,1.1682976445508508,2.9857279210357497,0.44208736613776234,0.9454599465279657,1.452278524581826,0.21477589439401307
I00767.jpg,6.721805068840468,4.662915194404585,12.884724696892281,1.1599004725509925,2.979799032569872,0.43952785771638386,0.9460007996419318,1.4607901969067179,0.21558136790880827
I00768.jpg,6.727884247544519,4.61313108782719,12.759402170556424,1.1597964525705189,2.983472806441277,0.44441034365687876,0.9462174820363786,1.4667967739702683,0.21010481654085608
I00769.jpg,6.710364375840051,4.533638500245863,12.537982733654236,1.1648839532248327,2.9721182423396657,0.45541424166468303,0.9477333017248247,1.4651741568647028,0.20723425719919233
I00770.jpg,6.759435521205851,4.67947567896075,12.989542008598196,1.174746022258875,2.9830685686052387,0.44902096762182914,0.9493770997143736,1.4638858016434741,0.20349718571719383
I00771.jpg,6.783873324940675,4.769014620350332,13.285767830209712,1.1670898408541537,2.995631977743732,0.43998296557903943,0.9490363132134572,1.4671262081415133,0.1970929278110156
I00772.jpg,6.795101260680686,4.80600155010099,13.388605184055201,1.16951425103981,3.0195531734091525,0.44307713125023107,0.9523804777022449,1.4761271791718944,0.19147228639917263
I00773.jpg,6.785564435824685,4.775388538902075,13.28283943776374,1.176252642288655,3.017458079500123,0.44465010635875213,0.9534861611828294,1.4823600969809942,0.19373134059194205
I00774.jpg,6.729646230320001,4.604854440952455,12.757798100669683,1.1681260069100774,3.0297722217515752,0.4544517667456288,0.9566211568626084,1.4874240790226518,0.18654849929529316
I00775.jpg,6.792946051025078,4.790982241303426,13.286685594727423,1.185693581919344,3.053314846284481,0.44304966022326103,0.9548712803351458,1.492950208047113,0.19083314715012648
I00776.jpg,6.710499190829737,4.519233964420391,12.506045719343655,1.1859550840131403,3.0599954589232965,0.4560548947169649,0.9592348568880678,1.4929597334896272,0.18111597993717116
I00777.jpg,6.747115850303033,4.6099619550144055,12.688860040115781,1.1904645618606438,3.0832252444413073,0.4555197883398966,0.9604051111698415,1.494308291370755,0.17606451129943387
I00778.jpg,6.807323490177892,4.80127987730544,13.152764750737212,1.199128993437812,3.093589020417869,0.4457297836087638,0.9601568751633374,1.4977704176283444,0.1768455669808933
I00779.jpg,6.84163179686016,4.932235280254946,13.504040108971312,1.2063945457681924,3.1144989005564314,0.44405693143606667,0.9601170910619269,1.5002219768010407,0.17703624270592097
I00780.jpg,6.8418296531577925,4.923707022302301,13.41420689758349,1.2059195681281198,3.104592625266343,0.450067149091462,0.9614603808507354,1.5052511559422337,0.1780811478985402
I00781.jpg,6.850688194662308,4.954749104197809,13.482698722007822,1.2096106772036737,3.115091553345464,0.4466321857371213,0.9605059173226823,1.5114806700051036,0.18102593659231342
I00782.jpg,6.858481249230179,4.984525638428274,13.516499426264039,1.2001026705368214,3.1296188884737566,0.45021726156367015,0.9614267555260599,1.5156611342061166,0.17557461375826416
I00783.jpg,6.857325618509088,4.996119534238359,13.492653570282128,1.1926118122053975,3.1329721784027886,0.4497826561305396,0.9610508940136143,1.5173084425107048,0.17547478417390794
I00784.jpg,6.8729444539715,5.066587390597546,13.660501957303406,1.1883672911579208,3.146963113528869,0.4515475487190661,0.9604871924279265,1.5184942141734838,0.17580581566540532
I00785.jpg,6.898806023066486,5.104715151845597,13.773101693867211,1.1812097395641734,3.156114523981867,0.44924571255565665,0.9593475920677214,1.5204898893074303,0.17061623419406538
I00786.jpg,6.903126997765604,5.139403402069506,13.788305600164563,1.1785584919126217,3.167608395253626,0.4503417851268321,0.9611288267260063,1.5219995707315688,0.1632325689474834
I00787.jpg,6.908667071449664,5.160255447907774,13.791223298660977,1.1895160426687186,3.188329124911106,0.4489117556386667,0.9604290445989107,1.529715187733847,0.16102790220969482
I00788.jpg,6.920423181546047,5.242296010716667,13.93663388674386,1.1827442967376838,3.2219849877599334,0.45009533407322183,0.9630705740560781,1.5302633195773496,0.15706187896715637
I00789.jpg,6.915596552605005,5.258511761910867,13.959974844947558,1.1809810810834755,3.227133743263786,0.45227929065553524,0.9632374409855654,1.5364548358639947,0.16712107518625027
I00790.jpg,6.914763928420589,5.284762802595419,13.951998306342933,1.1732057916395853,3.244011036248545,0.4552735512505836,0.965170388283866,1.5438239229185,0.16856537447890274
I00791.jpg,6.917787142072084,5.352658026193657,14.109453747364553,1.154790722030302,3.2614806870182553,0.44984903807660437,0.9658839295993902,1.547313514561706,0.15888553439197292
I00792.jpg,6.851345312483446,5.163070656209889,13.54136274168744,1.132615882376919,3.2719350567840118,0.460872580367581,0.9657182902906265,1.554815565162326,0.15222167638481687
I00793.jpg,6.867095085148757,5.245303376988062,13.723339795656845,1.1152032685654203,3.29845056481447,0.45677724938230524,0.9661349426882168,1.5581938892895655,0.1500876583935142
I00794.jpg,6.950535274255827,5.610039134314554,14.601036698521398,1.1005669324435878,3.334887583033348,0.4415068099535043,0.9668346319369194,1.561254167335026,0.14905660226123424
I00795.jpg,6.954912353092571,5.664387600965565,14.64960641577974,1.084737047526569,3.357532492034431,0.4414992578546014,0.9671190319234838,1.5651703372103392,0.14434387374297267
I00796.jpg,6.9732653653216525,5.751707022974002,14.888863719829228,1.0556493829349163,3.3854733474322343,0.4383922317793625,0.9670263741230958,1.564311540474165,0.13568219669490417
I00797.jpg,6.98506337825239,5.805054413399991,15.001306111436417,1.0809045455423807,3.4061550945992334,0.44167784146550454,0.967369502967101,1.5770514955934738,0.14509370339538966
I00798.jpg,6.985482257127286,5.80517477101325,14.985191832762965,1.0666629015864433,3.4321013461886016,0.44428713884393095,0.9676887404120632,1.5826318889349884,0.1458555925338953
I00799.jpg,6.997820032348849,5.859463478405219,15.093151324748742,1.0673511371619349,3.464514649094182,0.4435479796445717,0.9680591447179503,1.5894534707034325,0.14492437146260767
I00800.jpg,7.023480339931811,5.929186568622109,15.234173421240529,1.06530356730363,3.4946161591477463,0.44026002139875775,0.9678935826395983,1.596756482327609,0.14694492153909752
I00801.jpg,7.036318325411775,5.950190210281087,15.248043610446501,1.0323667377510235,3.520990883372133,0.434836265292085,0.9663654181028518,1.5978424000703315,0.1396798890402432
I00802.jpg,7.048616838816783,5.948141683726913,15.229193657603291,1.0492328688415022,3.530292205418837,0.43241020831322574,0.963766085948356,1.602992954950186,0.1391877956115957
I00803.jpg,7.070418599065586,5.9637962638231174,15.269398121573031,1.0504773905884761,3.5565692115801033,0.43163633030336884,0.9646638903843172,1.6073038176090315,0.14030426172890118
I00804.jpg,7.10015206617477,6.02836563339243,15.47048205296074,1.1039950296966505,3.5790157725966067,0.4280048354077494,0.9651369759767041,1.6276547372335852,0.1484145647316053
I00805.jpg,7.127062697298792,6.029219521191535,15.494851097678081,1.1229416460943078,3.6272072937459816,0.4247804180120024,0.96389595020837,1.6321480503118448,0.15333833041265368
I00806.jpg,7.120562119352187,5.858668455818421,15.094409796604939,1.142836991542264,3.652868516348804,0.43304223607060865,0.9678690934406382,1.6372398477595038,0.153661184399202
I00807.jpg,7.136378838972991,5.782022553429739,14.844238253063896,1.1358715161159245,3.6766937982621455,0.43131420908346185,0.96690405485639,1.6322346215945447,0.1501175115925168
I00808.jpg,7.1749979384676195,5.806505036756838,14.803558979376627,1.1554023680961953,3.722333344702306,0.4237697146904672,0.9660562645570978,1.6442708887337392,0.14991661900776285
I00809.jpg,7.207333703389874,5.8315779538057875,14.840482999611726,1.1745323835129975,3.7697459167208267,0.41461362917358807,0.9660269898025089,1.6585694426742306,0.1535305396078646
I00810.jpg,7.239668637483828,5.877842148042738,14.843607713456334,1.1914450728965442,3.833298922320483,0.40747566975028965,0.9639900578145362,1.6726636669429953,0.15090789326401963
I00811.jpg,7.2923853273206385,6.01438942543077,15.084987992872186,1.2032552862978598,3.8914918189196874,0.39286594089402366,0.9639024504780593,1.6872653477833146,0.1512106240339452
I00812.jpg,7.328422625568721,6.079003105849761,15.209761382053948,1.2313273728446674,3.905545347397271,0.3878406574942708,0.9633265124075016,1.7011049448209115,0.15376125728162895
I00813.jpg,7.352639173666691,6.0845576917889135,15.594054650448564,1.2419303644305137,3.8982870826900107,0.3854014631413812,0.961252425000384,1.72105457015669,0.15359783255825343
I00814.jpg,7.3362632077050325,6.006224314580144,15.843786377921653,1.2725359867121837,3.85824718144484,0.394007825242356,0.9562144161070362,1.7392192457252442,0.15972960667604513
I00815.jpg,7.270988821705258,5.818546849148826,15.496812409426049,1.2679804341901306,3.785607909802521,0.4057622025409537,0.9559460704907775,1.7502625228690203,0.1646944024789676
I00816.jpg,7.2243098177184875,5.66715225063708,15.239717483293063,1.2364797978485385,3.741241086380211,0.4182204793221409,0.9552592719163738,1.7458130616100793,0.16090728787089098
I00817.jpg,7.196710698692205,5.633059586659748,15.22422182402302,1.2078836052491835,3.660980627429873,0.4281216443532997,0.9517615571885302,1.7302152458895441,0.15437402611761508
I00818.jpg,7.156957205103251,5.523079986925888,15.032749176185892,1.1920006787206212,3.600674899854658,0.4399594724051645,0.9533103093019553,1.7204915971614074,0.15633681464591484
I00819.jpg,7.108461214640248,5.388044404387207,14.748204755321984,1.1654453174427701,3.5784831809471336,0.454787885309074,0.9494059956784442,1.7088670574375877,0.16078448055092986
I00820.jpg,7.070247711044662,5.315029790511701,14.610977650114892,1.1830076152911946,3.552519269549689,0.46853444935336813,0.9508533610538065,1.7119090270556474,0.17617204418464313
I00821.jpg,7.011815964289948,5.2328747994540885,14.495801560025823,1.1439147893058057,3.4667313686809678,0.48466917187935793,0.9509400456612738,1.693426401464579,0.17857900774021224
I00822.jpg,6.983879008546253,5.300641977571395,14.794554571716251,1.0783633104702863,3.419913380422184,0.4918965745207206,0.9523554421919063,1.6598794190725328,0.17599077242818736
I00823.jpg,6.891884563893194,5.230988910514329,14.816000248307338,1.02067623008232,3.3066105442986053,0.5095901685812175,0.9523238512801004,1.619217124270528,0.17662952490661682
I00824.jpg,6.714756063645073,5.006841633591662,14.318345839290563,0.9256240334450218,3.1605894003646284,0.5339311589267701,0.955263312483563,1.5539401931427719,0.17585086830305066
I00825.jpg,6.635287077292312,4.923997143433945,13.93497625088558,0.864031215532643,3.026687365579763,0.5486527504315601,0.9534451518785719,1.493925945513456,0.17939210142349096
I00826.jpg,6.540522061105849,4.5778492726349445,12.644572045185331,0.8235343942564006,2.8808376634754245,0.5735169597331558,0.9499214742940956,1.4767781617708566,0.18206881896993662
I00827.jpg,6.549849635283825,4.475922859224523,12.382295705412407,0.828959891189623,2.961799444791014,0.5894933691338093,0.9534007911476687,1.5010026929045388,0.18152025206663985
I00828.jpg,6.55978475159708,4.515934802552762,12.471846358624584,0.8559046397978689,2.999488972496975,0.5925538011360245,0.9544271698355994,1.5128724780772558,0.18977233701776897
I00829.jpg,6.594843585614757,4.632235469128621,12.858932483213495,0.8695835015768181,3.0282604947773035,0.587281224598949,0.9587440030162856,1.521358416867375,0.187007130980205
I00830.jpg,6.575222134587756,4.599091740086895,12.799495432763486,0.8696914170517775,3.0542673551675215,0.5861880204595793,0.9597353484515971,1.5278804753238717,0.1854061268792867
I00831.jpg,6.592412895517151,4.659097141334484,13.024456162670798,0.8847443589961372,3.0768097073086134,0.5802032368093485,0.9596762338107622,1.530281872810089,0.18422559493411458
I00832.jpg,6.656931198983538,4.878130668142378,13.63619907617581,0.8908849007822914,3.118055894695871,0.5648557587516532,0.9578875820974726,1.5317360567263723,0.17396761890826776
I00833.jpg,6.628095971019747,4.770803790731221,13.39097051370884,0.8984169497450583,3.112002228978115,0.5734796264328126,0.9634288998828107,1.5280117426675752,0.17208614009900725
I00834.jpg,6.625029991628496,4.74539283950333,13.332372054808669,0.9006838818731034,3.1143547117182644,0.5723905240244739,0.9644957458156068,1.530476775124793,0.16428642753644387
I00835.jpg,6.653371698739957,4.802607943672385,13.492673438559455,0.9062355761015598,3.130162038713131,0.5683357330935364,0.9661682322257559,1.5273048547338506,0.165949098852914
I00836.jpg,6.634800410515195,4.75424042134965,13.352131930269913,0.9175574199274668,3.1215399479906853,0.572275716983439,0.9663462799470482,1.5217753274678398,0.1747516272474626
I00837.jpg,6.613673602755261,4.6863092159578414,13.17667465265652,0.9078355529998765,3.115901663509688,0.5744221982410995,0.9656306125555942,1.5170905664480716,0.16390784412270187
I00838.jpg,6.6455256786761,4.784225218980501,13.508791731465758,0.9021269739132175,3.1042609815323154,0.5695838980115502,0.9654044054461548,1.510613415636167,0.16059584471311936
I00839.jpg,6.656583125407262,4.839380908332094,13.694474563795115,0.8980978893323813,3.121993650289843,0.5639628062827706,0.9652614062473716,1.5030586279807765,0.1579008797437504
I00840.jpg,6.654097010477276,4.84418424884116,13.752513139315985,0.9056278644830791,3.1184680126390303,0.5653527806878235,0.9631576041867139,1.5028102890880883,0.16042661422868407
I00841.jpg,6.671499586488497,4.905925901921829,13.945548542174913,0.8999691596941998,3.136884838755178,0.5607594801535308,0.9666705276650811,1.4976649620542235,0.15649744759160883
I00842.jpg,6.686056982213543,4.977415493951493,14.106307582175472,0.8903468283889049,3.1558470491030075,0.5546622176252278,0.9686397352307525,1.4938792379916868,0.14922391462855938
I00843.jpg,6.684054506775842,4.987951431707852,14.096326418783795,0.8939958137560873,3.1805184505040653,0.5538178394231554,0.9676485585479226,1.4853807234965672,0.14505821330056945
I00844.jpg,6.649910173634099,4.904155645187411,13.852196528058673,0.8997754839631,3.1867975612849833,0.558944224263602,0.9678991979137981,1.4869946636441016,0.15646592619862937
I00845.jpg,6.646943796529901,4.937025186720459,14.005134081373692,0.8926860340175933,3.2030573034252896,0.5561441258775752,0.9693889265928264,1.4851506203802192,0.1521328597109493
I00846.jpg,6.660808589015856,5.042816983913551,14.30372087115111,0.8967571833014623,3.2022356787076722,0.5508342215493799,0.9683691737738909,1.4820631359908396,0.15281227175551912
I00847.jpg,6.677022927805114,5.145668121790766,14.62240319663967,0.8941336045378456,3.218308327601036,0.5428003083865042,0.9663618399237113,1.4799573053740966,0.14232333730158953
I00848.jpg,6.670836386279817,5.164471939498808,14.662199213771231,0.9071575110151779,3.2383330685687306,0.5428363713593628,0.9689767500883545,1.4738638887536042,0.14058394286805614
I00849.jpg,6.6973919276477005,5.292121067937952,15.039877548260382,0.9061622552892642,3.254342628724494,0.5351323363422107,0.9697166629093041,1.4634098481932898,0.13837519795077222
I00850.jpg,6.704680808122789,5.341287958646779,15.2092149892174,0.9233524632042536,3.283709368620624,0.5306481607755693,0.9701370582867592,1.4520720284144075,0.13574772939702437
I00851.jpg,6.677514934809649,5.26748743060614,14.984883109778517,0.9334421845358072,3.302695998821377,0.5368163994416713,0.9707031660372604,1.4497922711298787,0.15103383123688915
I00852.jpg,6.71184161419537,5.412713286368474,15.351103799650598,0.9282203304307404,3.325395937301352,0.5267167063629352,0.9722585747189604,1.4413477714072556,0.14891674456564266
I00853.jpg,6.716828636393694,5.461602259864238,15.399858351780445,0.9146629949435101,3.348044985380704,0.5197729620420977,0.9727348853960708,1.4332250327691503,0.13480129486418102
I00854.jpg,6.729084125181448,5.505743525051015,15.484858789013424,0.9160911247374806,3.3857528487483237,0.5136650282195726,0.9739500275436708,1.4234232471390011,0.1332858128349418
I00855.jpg,6.73473410619416,5.576719492274962,15.602753280317888,0.8924371549094403,3.420323689925416,0.5059766836697251,0.9753385586346957,1.4172885766425503,0.1270398263983616
I00856.jpg,6.734650691799039,5.6293993515113945,15.651372841183148,0.8861531812330009,3.4442811539908256,0.5016900673486628,0.9755336552235049,1.411197366148497,0.12601043685785668
I00857.jpg,6.750026978024774,5.744302048556139,15.871889169497862,0.8869318352752216,3.4549315440125983,0.4931668183615826,0.9762650858197142,1.4065911603737313,0.12262375887135464
I00858.jpg,6.757151438811481,5.767790848002587,15.87688733570243,0.8775204670332989,3.485983098404902,0.48872014094666205,0.9765802224222244,1.402031192826482,0.11485084913235705
I00859.jpg,6.757490443332425,5.778720197812381,15.910734445280497,0.893152205992375,3.4967069236725705,0.4899281130751096,0.9771688579330593,1.3961197309928146,0.13042424734050898
I00860.jpg,6.781329645394626,5.886216817923105,16.10681686840553,0.8875344595783786,3.505092767065876,0.4820983553974488,0.9768443339533202,1.3910663015870042,0.1271656239547057
I00861.jpg,6.805208538905681,5.995221430313541,16.34086539141046,0.894494394421982,3.5124840551990797,0.47391239008432456,0.9771523697226238,1.3821260404461484,0.1267745579907078
I00862.jpg,6.812745289519324,5.977652633734309,16.236435703772706,0.9097172818903522,3.5302433565310847,0.47300689580101,0.9777010070220628,1.374224499899321,0.12551286649370497
I00863.jpg,6.854191700832012,6.147643543390192,16.62124478450018,0.9112193011589649,3.5509469020951725,0.4599113801376492,0.978740773722701,1.36624957571881,0.11770364722689133
I00864.jpg,6.859912408687011,6.169423563918545,16.5611815050478,0.8975239523484326,3.583916906207567,0.4568941533992218,0.9784783624641572,1.3535986532755775,0.11909399268453445
I00865.jpg,6.858635394331197,6.127283052105837,16.449112892523427,0.9020897277418277,3.60534467443597,0.4546149422446985,0.977650591045927,1.337110902019241,0.11676530240753831
I00866.jpg,6.901518978158908,6.295846662935595,16.777554523359886,0.9016403042117856,3.6303267940599486,0.4456229052563101,0.9794883899093563,1.3273580070339444,0.11611748653952354
I00867.jpg,6.906287312988589,6.307752875703271,16.800562950126896,0.9195862538816983,3.6430829346842555,0.4437115823352741,0.9794890698112485,1.3218781974887952,0.12278375768278588
I00868.jpg,6.92542414624105,6.356236711040641,16.86661692646506,0.910983207259676,3.677665947273053,0.43464997908576825,0.9787870868248145,1.307703904042568,0.11994095798117523
I00869.jpg,6.955710846773117,6.530899229733131,17.167952788296468,0.9143362790130511,3.710784393135699,0.4256448725122426,0.9805013071051684,1.2915551861536023,0.120980014633462
I00870.jpg,6.97675257515467,6.57578021842796,17.133729169246784,0.914069904177076,3.7521725182739827,0.42030770410009677,0.9803523019935069,1.2770218353922926,0.12174222151916254
I00871.jpg,7.014912646826051,6.739147884690356,17.420001410509613,0.9137727176618059,3.793333062044426,0.4110129776921682,0.9809790976657172,1.2633197138095786,0.11940098670502602
I00872.jpg,7.047213844112954,6.853845005894961,17.61370057417426,0.9215383019401862,3.8281564581190803,0.40382623406834595,0.9805245655504528,1.2500256935953096,0.11669747720688514
I00873.jpg,7.080375749021489,6.928934885262818,17.72752089087119,0.9210461526953782,3.8580560220458695,0.39758541503901534,0.9801770685397457,1.2444603020241118,0.1138180814998013
I00874.jpg,7.096052426363473,6.957874965344902,17.724507463634396,0.916195139521288,3.8855775597086706,0.3909370740197087,0.9814810611540993,1.2396795393970803,0.11303381240709008
I00875.jpg,7.095363612570958,6.918730304292314,17.55375802943297,0.9345566950170867,3.903659505018563,0.3873120841026984,0.9813705323765829,1.2389076636701213,0.11681662018306417
I00876.jpg,7.130891709433526,7.056347700201457,17.794740458635413,0.9424343026773915,3.93444998030406,0.3796615567844512,0.9816657196513923,1.2361293010270296,0.11949360768534326
I00877.jpg,7.14830296868691,7.147619260959304,17.94842445909182,0.9564973101954726,3.946241740814232,0.37321769791247206,0.9810391423452384,1.2323468877007668,0.11932484211875435
I00878.jpg,7.160874241260616,7.22619132720687,18.068444133540186,0.9528950063550158,3.947404150545757,0.36586309009320905,0.9801916946837094,1.2330769339496572,0.10993332394176007
I00879.jpg,7.18313885985151,7.344482002765496,18.256046708462613,0.9588712138589468,3.96513739052533,0.3598450785479639,0.9776875737798992,1.2287910310102523,0.11168920251971197
I00880.jpg,7.191213081375258,7.360047178516633,18.246478894140473,0.9694651509094481,3.987424602625169,0.3584339023010928,0.9791696884424504,1.2267703833113748,0.11167592637961186
I00881.jpg,7.221197352769372,7.433428974353735,18.394478304856683,0.9752860550023986,3.9952849739870024,0.3526486280571339,0.9765922899424926,1.2195167400744367,0.11326671426716983
I00882.jpg,7.219913994727001,7.390299626423442,18.24502139652908,0.96294377913089,4.000269447924321,0.3501994503111059,0.980082002465858,1.2161467765969052,0.11095217529542932
I00883.jpg,7.231155835319342,7.381225601558111,18.197749958550414,0.9677675640201836,4.007492652262394,0.34805369017431786,0.9804482134321337,1.2170133366684437,0.11357668335290372
I00884.jpg,7.243612268406605,7.428983117479908,18.289588240039635,0.964025607071976,4.008469961619603,0.34431070552412246,0.9798586552210135,1.2183590973618512,0.11491344588882658
I00885.jpg,7.2543271768451,7.457894817970514,18.2561062843824,0.9474779314199362,4.019597117472709,0.3397564371892648,0.9808370381372106,1.2167848712234839,0.11447463088252445
I00886.jpg,7.276082887519408,7.51507734788158,18.280661859987884,0.9452434129660741,4.02875948212072,0.3351392297991035,0.9793077102635427,1.219150947396182,0.11557243590678243
I00887.jpg,7.280255806736153,7.538633643496197,18.209452084579265,0.9336854154642554,4.030961161261285,0.334157350164218,0.979306815435162,1.2223848525915877,0.11483634017068017
I00888.jpg,7.283441628736813,7.455013113021186,17.903754894944115,0.9102087011680282,4.022132623541259,0.33364962494635664,0.9802712892893578,1.2330693824310808,0.11502308016001027
I00889.jpg,7.31186799952578,7.564509147393873,18.15410442167118,0.8927087201381543,4.026658475242234,0.32873783299509185,0.9806577223279911,1.2431244136164492,0.10923073346817798
I00890.jpg,7.319132708354101,7.547834201085051,18.123577953004407,0.8810631204836867,4.021865391443056,0.32911575733471615,0.9812702328052073,1.2456216699538014,0.10767951826488191
I00891.jpg,7.2972853477281845,7.405974807531478,17.879554729590758,0.8803682210879216,4.026732668776819,0.3327881938660936,0.9820184661968433,1.249741435736425,0.11553754563651714
I00892.jpg,7.300982307590443,7.337737680475121,17.729355313390034,0.866480231564018,4.038420063658888,0.33350415294864655,0.9820534764746136,1.2519033971123252,0.11574396108207072
I00893.jpg,7.337599856901312,7.544462058303978,18.17992986448108,0.8771786808646722,4.038623711546423,0.32668241657471003,0.9819233676403434,1.2515781904682908,0.11614333996650948
I00894.jpg,7.327334553683028,7.479846082328304,18.038713644575115,0.8621417979280708,4.017721379954146,0.3286280415396346,0.9816157261377332,1.2496361913729603,0.10919839831659575
I00895.jpg,7.304861100048167,7.33678738277871,17.789268906711545,0.8592766220390753,4.022926880889295,0.3326989701814417,0.9818292191586284,1.2427389127364548,0.10992888086002166
I00896.jpg,7.303422182618185,7.265545716884569,17.68840588686916,0.8719516181838725,4.034020382039529,0.3357102420869053,0.9822746653280959,1.2352511925177718,0.11033531303433697
I00897.jpg,7.339562646944802,7.428140629473109,18.148533150497478,0.8696299282914035,4.053444566256695,0.33129978958753,0.9822560588821163,1.2321615228039633,0.11174885315771309
I00898.jpg,7.326197394824302,7.365106934792593,18.056326545253427,0.8683149231747036,4.037889242342484,0.3330273955732253,0.9820704747405526,1.2354864936321512,0.11611533801524214
I00899.jpg,7.323182672595098,7.340951909320083,18.082631345369762,0.8677088254927693,4.038545581443492,0.33642365355338233,0.9815940246069731,1.2302015726841786,0.11220543340372638
I00900.jpg,7.327632808809268,7.32962968050703,18.103710451392086,0.8722143324290534,4.037921794297736,0.3364855773326055,0.9814135088602632,1.2243086999688404,0.11640437635630425
I00901.jpg,7.305567638562073,7.248685246621091,17.877348416279716,0.8689574919128475,4.0117521597687755,0.3399385025914818,0.980811262825733,1.2244366897643948,0.11994976318582228
I00902.jpg,7.310356626627084,7.297886267803134,18.09145052525759,0.8748253651095723,4.0023143182701215,0.3404667594561467,0.9807607552080504,1.2242130909515456,0.12230420162719964
I00903.jpg,7.300573690717614,7.257970162422212,17.979595086118717,0.8602400399832184,3.99158032233514,0.34193684336212754,0.9805257608117092,1.2235855389361023,0.12490852025422992
I00904.jpg,7.307846015853428,7.180942963809839,17.834757336173546,0.8577434665986802,3.9773007321450207,0.3442248673892409,0.9797493585607802,1.2155662147157702,0.1230836974631528
I00905.jpg,7.321825928005848,7.213405273222441,18.0197926991841,0.8574925136927442,3.968209671001536,0.3399029199939739,0.979470481384628,1.2164967867357948,0.12095237819110077
I00906.jpg,7.366174691914888,7.424834352286599,18.565089028530267,0.8838263457359197,3.9735875273486703,0.33042725450848714,0.9801852691006228,1.2203873711120645,0.1330681487278642
I00907.jpg,7.371504229453027,7.406012456672446,18.576697877828494,0.9003876002559745,3.9761964295590904,0.32601294138938547,0.9798543341830951,1.2134273386353291,0.13198775855938288
I00908.jpg,7.380248874503187,7.374428426920091,18.54242163587456,0.9129868202058877,3.9678860957358317,0.32541138329565306,0.9799938849124087,1.209544962549248,0.13071114797207767
I00909.jpg,7.381221303871846,7.322341331040714,18.517637822876214,0.9077169221642377,3.959500954074993,0.3265346150533396,0.9794278359240378,1.213724477203613,0.12461911332543825
I00910.jpg,7.371717382318812,7.256359351683228,18.44156900929283,0.8973229637378957,3.941518011831035,0.32903345848796844,0.9794696507838883,1.2086604613033172,0.12293271255395023
I00911.jpg,7.375371761584318,7.299941279545378,18.566858024764574,0.8872555060913789,3.913513225017447,0.3330311374991508,0.9767177045426967,1.2009776486489614,0.12176422878608813
I00912.jpg,7.36867035645713,7.341476586842543,18.649348721083754,0.8801640448010201,3.8808135777740653,0.33553577995704204,0.97068471707265,1.1898616032230622,0.12456257242823757
I00913.jpg,7.359626618430894,7.335059380206779,18.715607755345825,0.8862242135059383,3.8447942131927637,0.3313326797117548,0.9754130510345094,1.1821562903008724,0.11953862996066504
I00914.jpg,7.350111925487558,7.357596942980283,18.73627111759853,0.9215386702188304,3.842646598360591,0.3272132811325077,0.9717726954580574,1.1711966731453538,0.12851834013854505
I00915.jpg,7.362499183645451,7.53854694895408,19.19884939298983,0.9242214931885266,3.824870185229748,0.3202854072818293,0.9727972734978194,1.1670848538439995,0.10867724259287077
I00916.jpg,7.352116453975574,7.530869106350132,19.302048777521104,0.9454048431525033,3.8347260251161934,0.3144153396314987,0.976455945697959,1.1482679264930602,0.10780280483546205
I00917.jpg,7.312805353259122,7.428962810242952,18.951735411896955,0.9761485359787911,3.8227126209991105,0.3081935207031963,0.9761853485197506,1.1291306157182475,0.0986891124752042
I00918.jpg,7.339144161305307,7.665261563049739,19.587586886827573,1.0561506191860852,3.8549987262997143,0.29014478235302477,0.9748378865561909,1.1106901284057629,0.09781575432054739
I00919.jpg,7.334466660475621,7.730504263416705,19.791069779441077,1.1116917691792296,3.8610758171303945,0.27640911922760636,0.9746697890419707,1.1021229566374922,0.09329649503162567
I00920.jpg,7.291215165661003,7.555510802675197,19.315255768230376,1.111401335151255,3.869583812186898,0.26546935745524636,0.981373037154742,1.0962389263548151,0.0844047183594813
I00921.jpg,7.310564012435271,7.736152079463668,19.726224364943192,1.1195533756401956,3.8952006437180575,0.25582650385665245,0.9775143288544875,1.0961277189440777,0.0831706225872467
I00922.jpg,7.290873481815875,7.655100043486831,19.53670188614842,1.1340041074465366,3.925172080835139,0.2508907797390744,0.9772068927263485,1.0943112142135196,0.09781086048871984
I00923.jpg,7.295417312921404,7.721189434189407,19.666254487413852,1.1253094747272157,3.9282580557129783,0.2413526781686573,0.9765096639701212,1.0990657785627536,0.09343686393839518
I00924.jpg,7.272261694662652,7.642170499641221,19.450941856196508,1.1142768007192865,3.9567108768469055,0.23078785213231634,0.9807361527695199,1.1033192038494481,0.09051802123214647
I00925.jpg,7.26914952575197,7.7642334276476825,19.79991868732066,1.0925655369468694,3.953546367194164,0.22314085740275277,0.9806593651373977,1.1012679281240558,0.08854090017045514
I00926.jpg,7.221668674184935,7.631322399932463,19.41086181426649,1.0492692360008395,3.9445838412042233,0.2074958712338853,0.9830493514108298,1.10113982733337,0.08176095287419836
I00927.jpg,7.213711406705112,7.675524405536575,19.460486613024,1.0603932677809198,3.95634737673311,0.2009992973250052,0.983653730252101,1.1036570240918566,0.09359244747224113
I00928.jpg,7.190333766851803,7.718658650475681,19.443264859762177,1.022235868605632,3.974189707590341,0.19176940132145825,0.9830912705176218,1.1079943918180584,0.09566801488947112
I00929.jpg,7.161666766587751,7.713096754797562,19.443702512689317,0.9660494031974499,3.95070237221848,0.18926174503963125,0.9831778556304888,1.1131061424992401,0.09265758619248213
I00930.jpg,7.111339790024292,7.541916107175963,19.068371805396062,0.8618336370410294,3.9136019071766452,0.17536745366157586,0.9874382173459796,1.1148410292701585,0.09266366973965065
I00931.jpg,7.07717303245326,7.481860324418527,18.96272667797871,0.8105861503122623,3.8820081867695544,0.17127040032523563,0.9877459639478866,1.1152542711322035,0.09322847223201186
I00932.jpg,7.094113317253617,7.63504636817726,19.371070126431768,0.8078563236201364,3.8945554583701636,0.1704761766138163,0.9857637260224352,1.1199145723451673,0.09448752934559237
I00933.jpg,7.078181802531767,7.543970913826823,19.146860503927602,0.7761095402986126,3.8932017628671822,0.16615505444817447,0.9861693646146112,1.1306198804115692,0.08855611728772761
I00934.jpg,7.061856761852501,7.502325506423965,19.112711113364874,0.7651825405246521,3.8931561154139875,0.16646132518893206,0.9861751306030708,1.1408022598343805,0.09240497141061486
I00935.jpg,7.047193812632229,7.522448432330015,19.2008902947948,0.7287866270302734,3.861209564443131,0.16937457938438208,0.9851968026125785,1.1506882009563784,0.08338358228384753
I00936.jpg,7.051989734709184,7.609551281467647,19.567483547391856,0.7173929409080617,3.837475913758402,0.18154368558333242,0.9754304163065629,1.1655473384276083,0.08047799974035592
I00937.jpg,6.998109599886612,7.3302450795379395,19.002106194536207,0.7068866972179584,3.779159479381948,0.19548628315622146,0.9705254674267096,1.1765009086819564,0.08443233172332164
I00938.jpg,6.976706731158353,7.250549461231424,18.959205431352743,0.6980018938305759,3.7425093443274364,0.20074469749659912,0.9713996530210794,1.1870402249682017,0.08453731882864847
I00939.jpg,6.9365807284242536,7.052847206799724,18.65755396221437,0.7008001541337889,3.689551625678825,0.20654880857885943,0.9740545889067019,1.1934237791402567,0.08853933476920989
I00940.jpg,6.871848839144376,6.728910406436531,17.985050896781022,0.7009736920869059,3.616781005045654,0.21951288681702177,0.9729199459367749,1.2029854852744188,0.08737603260801786
I00941.jpg,6.813023105303755,6.4293487125309055,17.266894167486416,0.7133655338991283,3.5657031875965037,0.22307001685150496,0.9788634278387378,1.2158216067630736,0.08863992695373371
I00942.jpg,6.7982956761543,6.318732716164053,17.081005640080754,0.7317049717667106,3.5290952135439557,0.23333981691394964,0.9732539188397524,1.2337993519638217,0.0886101936054368
I00943.jpg,6.778880449506872,6.150094573228853,16.823480724168547,0.7362574725666398,3.484412553506857,0.2468959449133888,0.9666638622777567,1.25700034055434,0.091971649589346
I00944.jpg,6.739405730198942,5.965971940634302,16.472681912404394,0.7345923097876428,3.4167505929603394,0.25662854709038396,0.9630202543320816,1.2767304008011429,0.08926435728715361
I00945.jpg,6.710122903513859,5.83231763133719,16.37720807220193,0.7337791857892004,3.310116268858109,0.2765736134965344,0.9522913480265742,1.2987915608062839,0.09193539444915254
I00946.jpg,6.688766014163713,5.700235997189407,16.15487476131962,0.7498711627978202,3.247193282637257,0.28712478312023143,0.9621866207791027,1.3192172811414817,0.0961265721234823
I00947.jpg,6.668543465390452,5.5931458109803005,16.006656473810768,0.7644305051475875,3.15208730224998,0.30928325879857904,0.9502568893727665,1.340680891302825,0.10264011797087877
I00948.jpg,6.65785878979607,5.584562139426208,16.03572098243389,0.7698344433674944,3.138788864886582,0.3142884524736771,0.950167334364147,1.3491573706972746,0.10327705748536352
I00949.jpg,6.646655630882298,5.473455892607625,15.870525365206001,0.7758169176531003,3.1080087202448325,0.3275954073712428,0.950183264164408,1.357406416521406,0.10701645773888595
I00950.jpg,6.61033599886127,5.215617240501244,15.218783342355874,0.7667689399563428,3.0789283979084336,0.3292665835611588,0.9709759420107696,1.37265741509449,0.10550137220244035
I00951.jpg,6.646066208660708,5.169111343567223,15.202106568421597,0.7941582020773198,3.0727743968133283,0.34097141615278836,0.9687827662583222,1.3846815356247415,0.10643451097608703
I00952.jpg,6.657917681245216,5.068694016843071,14.991813023133268,0.8248068886988802,3.07970291525794,0.3556787700769624,0.9656000978598744,1.3991396935896718,0.10933946720945167
I00953.jpg,6.660539283153334,4.989671377056236,14.79093480652864,0.8367277409297693,3.0790428641144216,0.36316377192890154,0.9648997375085911,1.4120757235593067,0.10969399306820068
I00954.jpg,6.719415398666615,5.023857819328682,14.934592382531,0.8512415261123609,3.0995264344126636,0.3712272921678821,0.9631896604246849,1.4311128157422863,0.11175137247914887
I00955.jpg,6.7656276134626765,4.994420332838329,14.857588363704727,0.8679592839373226,3.120478966963468,0.3791368006721297,0.9624133572034446,1.4522117971396096,0.11040755736391923
I00956.jpg,6.782951671832602,4.802223128107337,14.268190144513774,0.887749085103755,3.153175810133546,0.3948645492344201,0.9609965619357194,1.4843443105850516,0.11298479013292423
I00957.jpg,6.798305098204973,4.7031555703622345,13.981840573001236,0.9078473697601839,3.1475718921840774,0.40342533782214707,0.9602567603915012,1.5009814799491568,0.1176287836021458
I00958.jpg,6.807127251421072,4.616943464315643,13.709584654432781,0.9262913576603343,3.1520444663962985,0.41703828770838897,0.9594766096392069,1.530768600728286,0.11757303562017224
I00959.jpg,6.849164413753921,4.671721316737169,13.815629358930172,0.9477087974858733,3.1692531771615617,0.42734473393251493,0.9572699245476078,1.5519647186875591,0.11402184897745479
I00960.jpg,6.851172433506088,4.661040777874898,13.713794802758164,0.9681985377857034,3.1887832383887456,0.43899224066812564,0.9576192865840039,1.578814197766138,0.10761777684776695
I00961.jpg,6.86197021316418,4.668795989822424,13.625026983243654,1.0046721592833414,3.2144619393825606,0.448330626118267,0.9569821417156775,1.6049827390587492,0.10391207542257834
I00962.jpg,6.888211127271973,4.705945600683397,13.663332590385489,1.038512889714037,3.2517406226205967,0.4587508021338516,0.9562555261966492,1.6236366403209872,0.10642913864571059
I00963.jpg,6.909543925705098,4.745496527898519,13.806755637204933,1.0658838850869878,3.2785546336078086,0.4656635909016318,0.9565877517114466,1.6519148059535143,0.10552157756360492
I00964.jpg,6.918058686650517,4.695049621000414,13.6398226172268,1.1032405143724868,3.3362363649758686,0.47305671267170424,0.9563366556250802,1.676604908010206,0.10506577793972549
I00965.jpg,6.9289015952833966,4.73565992448627,13.630756901250217,1.1168201834618818,3.3596908715974005,0.47837847205906453,0.9549478282493321,1.6982435304127168,0.10488794013098685
I00966.jpg,6.9368680225183,4.682567845333965,13.39495316231409,1.1230877806777553,3.4062981955617433,0.4808451645387847,0.954477852783171,1.7184052268748289,0.10575301073801464
I00967.jpg,6.977059561277384,4.757218010579515,13.56260899477302,1.1262350599733073,3.4520930443353244,0.482044882119155,0.955282200203242,1.7307694060805132,0.11125896092855313
I00968.jpg,6.997478807577898,4.726837627988039,13.460410246166274,1.1273293143508716,3.4630754561473536,0.4825267468574537,0.9560297149448173,1.7374419927530296,0.1157519654744016
I00969.jpg,7.021300075099079,4.79170073943577,13.52541124651132,1.1160522647667506,3.4824030596597186,0.4759094877886043,0.9554555041635823,1.748868807686558,0.1172260023034381
I00970.jpg,7.020113250833079,4.784894066506521,13.481110263849873,1.1119553704705643,3.476669132515939,0.4748406255058225,0.9559330357230849,1.7618566314628579,0.10909591995612528
I00971.jpg,7.039279137680184,4.876276004362172,13.656696581516623,1.1184516155485231,3.4915515869607003,0.46690243574721507,0.9549920722063568,1.768575406620347,0.11097202653276844
I00972.jpg,7.014662848824246,4.860888005393595,13.575981597955973,1.1150232601300762,3.507715197962818,0.4615650908791768,0.9563082378449002,1.7771792481476325,0.10807468030309372
I00973.jpg,6.964334202970736,4.854112789705206,13.56031822606523,1.1089610025008616,3.471489001556336,0.4604531741878485,0.9555090857808556,1.7769754480891822,0.11011528125967039
I00974.jpg,6.9214242471491865,4.855149500681665,13.568333095490988,1.1129527911142219,3.430276015610318,0.461219528572587,0.9551336082971275,1.7774972636099204,0.11056245890467097
I00975.jpg,6.928240104186463,4.889886126260065,13.669603978048036,1.0974802430286568,3.4320984177967064,0.4573240485595148,0.9548805469076419,1.7780977147035033,0.1116133370356243
I00976.jpg,6.89420130203869,4.719773648938249,13.154493007125353,1.0709902235309567,3.4101782627386727,0.46500717782028567,0.9561694641404739,1.7730918879302586,0.11261062559271608
I00977.jpg,6.885089287900939,4.7470246674908285,13.15956117220852,1.0412122973891362,3.3826828430224745,0.4665957565110342,0.9555607425772851,1.7712246346754177,0.11416188357786489
I00978.jpg,6.89311061397418,4.756257200572669,13.206601490037723,1.0435092191113422,3.4002647893981504,0.4639873469659346,0.9562118291508376,1.7773991578222859,0.11355701510740929
I00979.jpg,6.88338018542787,4.766846926822879,13.19747380944476,1.0216295946332155,3.3723794852499274,0.4668780756320593,0.9556851521797722,1.7779317371805285,0.1147360910708036
I00980.jpg,6.882359427988769,4.808285605601969,13.311194472484944,1.0245099241823405,3.3596558483279733,0.46500910989714744,0.9533821068496479,1.7762804131089238,0.11558764110507
I00981.jpg,6.8632874061137885,4.814442889117976,13.283334179029177,1.0023188214082288,3.3441255063327398,0.4663861078935247,0.9519697726535132,1.768384970551772,0.11488343241812816
I00982.jpg,6.856513109262306,4.827430940202998,13.273181372602425,0.9787909878531686,3.3137832004757817,0.4687068979422935,0.9518927834805252,1.7552270401261811,0.11262165744212763
I00983.jpg,6.845961512636487,4.861678125560219,13.309394487265266,0.9198099442198501,3.2886994844426125,0.48141516624979175,0.952100213583321,1.7202151625672761,0.11055048643234688
I00984.jpg,6.841142632714648,4.864798948698036,13.28916531722107,0.9116704131559904,3.2597372066641546,0.4848998511224673,0.9523808499124327,1.7055716308145832,0.10963967397397476
I00985.jpg,6.809484611394517,4.806536496962049,13.046919359734378,0.8749263100319684,3.230866929474576,0.4954689873662464,0.9495239612002103,1.6801633298469576,0.10973033780820991
I00986.jpg,6.799961783640073,4.7599302177002505,12.967490932267173,0.9093459584481239,3.23210845567095,0.48885791645871624,0.9523378552050387,1.7019015696592312,0.11339507506070007
I00987.jpg,6.752054469822583,4.643257639042998,12.675166056459519,0.9013165793496907,3.200977631419417,0.49734072219987246,0.9459876670279171,1.6900427139411645,0.11324703000779217
I00988.jpg,6.763861789663222,4.698528050143264,12.817020962300061,0.9353878620179905,3.2101838074627502,0.4964172260278729,0.9518361415558406,1.695449947242566,0.12544437085564425
I00989.jpg,6.773595612966803,4.740809224902859,12.970384818999827,0.9797229137943666,3.2068672697184653,0.49708514718218394,0.9514558911557208,1.7077144965604774,0.12845465995778793
I00990.jpg,6.772464329575282,4.738089872483991,13.043852789273394,0.9868839800514588,3.222785460769919,0.49727599970632685,0.9525428499476998,1.709525452586615,0.1259225973839279
I00991.jpg,6.766345726980231,4.731435884541455,13.04116491078892,0.9961332515830587,3.2305143203244064,0.4988748767422228,0.9510154247463538,1.7121839864100143,0.12273379999220453
I00992.jpg,6.78527822540942,4.765385619089934,13.171875327088127,1.0031441997821093,3.2703544935525244,0.4912248629694186,0.9497360594275899,1.7251555851679787,0.11217657650267515
I00993.jpg,6.765938991102253,4.739956513287115,13.094051981870303,1.010235520877706,3.283315894529592,0.4894450983195968,0.9459888726701173,1.7299777166310693,0.11206757982246429
I00994.jpg,6.788362143526956,4.8485166822822965,13.394323589183767,1.0261022483219282,3.300984376833072,0.48294380516776503,0.9560383143148221,1.7388997476888841,0.11867794397040977
I00995.jpg,6.7941925636959475,4.889476121556193,13.573013680375004,1.0213334707915502,3.334002413248015,0.4787949280431708,0.9595738663092158,1.7334858752352549,0.13034654786516311
I00996.jpg,6.773909269450036,4.891865358554674,13.587716572944354,1.0081270177679036,3.3319200190779243,0.4775012118123675,0.9598573279248716,1.7224040396050695,0.1284214034454714
I00997.jpg,6.734954572326957,4.823392673880346,13.43897791690203,0.995540594905326,3.312150472888447,0.47738843581572943,0.9591746021070824,1.7168874756522698,0.12610174501855884
I00998.jpg,6.702276014569855,4.7951302657313954,13.326696609606966,0.9693022028181697,3.2761764625144645,0.48376378476739085,0.9581519594148866,1.6987946014722226,0.12548589433820959
I00999.jpg,6.6937129752812226,4.813066821922635,13.31887447494764,0.9756903223552315,3.2731709509646625,0.48341917531445744,0.9608170207314646,1.7041900525095048,0.13192211864817663
I01000.jpg,6.696595936275474,4.835744839848138,13.443098468957164,0.9782208717057826,3.2697971985735577,0.48228444483138755,0.960534865368913,1.7042616345670671,0.13263270109386935
I01001.jpg,6.684625749211571,4.75757224483831,13.254515046490651,0.9773196058549302,3.288384025923916,0.48616596218622327,0.9569093343993598,1.7032372222075722,0.13397581066213063
I01002.jpg,6.689980780216594,4.795877320491475,13.362969896725215,1.009055710419601,3.297342311544607,0.4818857407786717,0.9616501562377244,1.7240101859310366,0.13432973826372369
I01003.jpg,6.703638777928453,4.830754867253565,13.486097711906808,0.9814905936936003,3.3222376221277194,0.47771568671865217,0.9610270189889849,1.7219470499461549,0.12948117953494584
I01004.jpg,6.697965912172261,4.86902663224721,13.654533224300618,0.9847596858963287,3.31969222967509,0.47557309834068917,0.9617380054737596,1.7248120588377307,0.128367030229037
I01005.jpg,6.68373331403388,4.86512762094765,13.680389750496518,0.9815768463653425,3.323702809712139,0.4760962350475851,0.9617786762010672,1.7238035127604272,0.12891811944306383
I01006.jpg,6.660245600669686,4.818452549063401,13.57007333504972,0.9698269027352382,3.309710911164387,0.4793216429223525,0.9609980631546818,1.722933332392819,0.12885813630746457
I01007.jpg,6.653836793424438,4.820561818291562,13.555356391008496,0.9771132513179992,3.3146643847819797,0.47736545116050433,0.9604517971037266,1.7273609854330858,0.12690775060623416
I01008.jpg,6.648780810734725,4.822406415126199,13.538904884283893,0.9745069976045342,3.3146824814197062,0.4724597558446221,0.9554874478112559,1.7245520394363099,0.12809894015893827
I01009.jpg,6.640758702712257,4.840162520835262,13.58269595070197,0.996277483630259,3.3200168365025693,0.4734738105631646,0.9577426107372877,1.7282191572424435,0.12895673942851713
I01010.jpg,6.6281209089264275,4.833594371726426,13.551758871264719,0.9765606384708235,3.2996943481477894,0.47912682731290646,0.9629261210043719,1.717975877182372,0.12730101926459558
I01011.jpg,6.627461790052894,4.928245376141545,13.760905879964985,0.9411951782287182,3.2747047663090054,0.48086129583142667,0.9622959152997553,1.694049869986582,0.12284520098048185
I01012.jpg,6.598736731759016,4.931223235704241,13.716527327872553,0.9090160520477416,3.2609175861602413,0.48433468542284064,0.9619453969063475,1.6740236111128468,0.11716788341529799
I01013.jpg,6.58882080415207,4.945687190958991,13.684012784353607,0.8864825981305454,3.228681846158901,0.4825204243663098,0.9614227297190715,1.6575522471469823,0.11599290652977771
I01014.jpg,6.543384933580164,4.854445632331295,13.323217286847385,0.8595206838832409,3.1935721474374263,0.49186551441131027,0.9583071902206199,1.6368106473024469,0.12106724906972538
I01015.jpg,6.572538250470142,4.9631224390697195,13.654842296315799,0.868129690328273,3.1961868157763913,0.4826424172318348,0.9605339708463263,1.6406620074327698,0.12262303441710591
I01016.jpg,6.585768968769376,5.010763658799507,13.749114833362196,0.8849054380961664,3.196243292017903,0.4751272983261997,0.9572007589272953,1.6508936470890951,0.11715291848249447
I01017.jpg,6.621183339555279,5.11724124023896,14.036941916166894,0.9251125166221604,3.2205479913793376,0.4665328753442135,0.9592240243483175,1.6734523189510329,0.122779465349417
I01018.jpg,6.62145714929081,5.0953100517946535,13.980833672266064,0.9363017615944992,3.2407947064973897,0.4633307303678042,0.956303417028348,1.6822655418898564,0.1213509449225174
I01019.jpg,6.612230378237019,5.078361625471634,13.966929055107002,0.9226109360008444,3.212489184805712,0.4640779205347327,0.9543575952328044,1.6830992953353836,0.10786609104431276
I01020.jpg,6.644711152838571,5.170062666001855,14.30563239636067,0.9511634933951534,3.2192843528856185,0.453376078655617,0.9522008296457034,1.6982318333071549,0.10023475315756089
I01021.jpg,6.671100655937222,5.172369555478989,14.310420261603971,0.9808303053711173,3.2448374228516803,0.45108979891712075,0.9546300407260682,1.7132195756446613,0.10037997622981058
I01022.jpg,6.655363884441,5.111988246486496,14.117773724156036,1.0038574472331878,3.2465287189902914,0.4573989697665915,0.9558390621021606,1.72037890829345,0.11204983034040815
I01023.jpg,6.6621354604247465,5.1303041628760075,14.077957735236247,1.00670135829636,3.2255445194784764,0.4622997508095139,0.9575837199540312,1.7109369408696566,0.12466424325294022
I01024.jpg,6.680217339358764,5.197458554934122,14.218125794314144,0.9625062865642054,3.1811049767806123,0.47463208319740996,0.9560042274489452,1.675495383885978,0.12171305090324319
I01025.jpg,6.685960700377324,5.24598896970743,14.306483665717826,0.9786418061594642,3.1806540599391258,0.474161809026356,0.9547068834413188,1.6776324497582746,0.12824831627102637
I01026.jpg,6.6744836757759245,5.262069951726528,14.302277687795868,0.9460742910421195,3.140056498588193,0.4882229295728038,0.9511615095695729,1.6456085074698743,0.12343558990284481
I01027.jpg,6.628893143645083,5.132893724695558,13.857165936587382,0.9299438332377601,3.0772236056407767,0.5009848572769876,0.9524190949390984,1.6285129498276771,0.12450405795685723
I01028.jpg,6.633154059468277,5.183430719370247,13.916263606644128,0.9394402860625424,3.0470255481393798,0.507334426627398,0.9514758643515151,1.6178198227057918,0.13144191039082578
I01029.jpg,6.654692200077845,5.3077518899253135,14.221717935235946,0.9148867308043855,3.0221549915563837,0.5070342760833151,0.951695490281096,1.5962583688491285,0.1351458010100433
I01030.jpg,6.633643856630041,5.24243122660545,14.006747870468104,0.921739249245472,3.0044648201811195,0.5152410540459998,0.9472025532864219,1.5899789179484234,0.1417502726168105
I01031.jpg,6.641788275087195,5.287725249987373,14.073381410955765,0.9286278486876809,2.976646432862452,0.5125905370387941,0.9448793552290476,1.5849074462313726,0.14252706317256875
I01032.jpg,6.657863854806184,5.403688886586251,14.37861527428432,0.9268029524672572,2.9680874083752147,0.5046143613110226,0.9483451325383265,1.5730339307003716,0.14359490899277014
I01033.jpg,6.658039706427904,5.47142417499771,14.49038569443648,0.946043962284582,2.9536648949022704,0.5047238026710932,0.9496956587177242,1.5782250720114817,0.15466812886577969
I01034.jpg,6.646584690404337,5.4319564886705844,14.365881059055903,0.9237614450217089,2.93070329848448,0.5122195843534632,0.9446778875444379,1.5583608938591254,0.14417507074143363
I01035.jpg,6.632123699195228,5.385902735170434,14.227347513834466,0.9162583477350144,2.924511506318974,0.5148085500574919,0.9481273172568137,1.5417675670760593,0.14576483832438566
I01036.jpg,6.6593006564772725,5.538563981110521,14.606170319322542,0.8991346719745704,2.904344599982995,0.5117408690203112,0.9484797177419286,1.5224104427860512,0.1490231821593107
I01037.jpg,6.6921732147916355,5.708195312416979,14.953969917684724,0.8936802924024382,2.8889001733785222,0.49184716439314047,0.9412343038668942,1.500720146844797,0.14983717906764427
I01038.jpg,6.658095238716811,5.553442743753339,14.442119518147972,0.8819603705154135,2.8735702816046835,0.5089384074295852,0.9501851265627974,1.491628603997972,0.1505683519561558
I01039.jpg,6.690978995607157,5.596888659172158,14.491541122086957,0.8756125051201988,2.8597081179399106,0.5043019711891072,0.9484602440973069,1.478923633982923,0.14854321600036272
I01040.jpg,6.714473843937206,5.657072666251825,14.58245603103465,0.8729755527739037,2.8699649246645995,0.4924697822340935,0.9439091842734736,1.4809674564471405,0.1475625903194215
I01041.jpg,6.713605729864699,5.6012117207120555,14.407489393115828,0.9055739951304349,2.870945783489848,0.49711307214688955,0.9491733651744267,1.486429399745942,0.15287107687155446
I01042.jpg,6.707810412560044,5.579492688792494,14.296343308178288,0.9113197494624179,2.8417268801145776,0.49910090207877783,0.9472613479976211,1.4849302593215399,0.15484653212600588
I01043.jpg,6.706591301947879,5.543170700201209,14.258808444600268,0.9144345834817623,2.863186172049648,0.4922933431433382,0.944442096491823,1.4817446691928169,0.14985349819314148
I01044.jpg,6.72822480539055,5.634918148856239,14.491212368427382,0.9032490291471056,2.8664341551932173,0.49234186613181286,0.9468173121229863,1.4739194738395258,0.14298768498000722
I01045.jpg,6.731401439256934,5.677483417905417,14.576474402437029,0.8928339065243419,2.860830336794276,0.4869706153729535,0.9450551387070575,1.4673590178981153,0.13875082371911146
I01046.jpg,6.730861889106695,5.7251965877905855,14.707018736730738,0.9074404944324894,2.859884257911321,0.4799639242011608,0.9411858108095755,1.4661282306973915,0.1438177018711017
I01047.jpg,6.719167520289733,5.746527235286653,14.752503733996091,0.9016578087249658,2.852990915706408,0.48192370542537105,0.9451103709465314,1.4567246013234008,0.14306825759482494
I01048.jpg,6.726820447890696,5.761039134170716,14.768258888177554,0.8968679216121351,2.8707050413605897,0.4821370162218779,0.9512789477090281,1.4482045114757551,0.14040287632889525
I01049.jpg,6.743282833093001,5.860927465407526,15.077551770826746,0.8836416068486227,2.8841160549579996,0.4773997169642483,0.951354841024846,1.4361969769894294,0.13095609402681685
I01050.jpg,6.73318587821793,5.900490313378559,15.146150743767908,0.8688398951432199,2.8734119779694565,0.47425941114217834,0.951695521655246,1.428580983326626,0.12735253419144188
I01051.jpg,6.759258403274895,6.0553123102819875,15.51557221003795,0.8604352241164925,2.883331702987432,0.46138590054222306,0.952891543978268,1.4179122071367314,0.12396805694112956
I01052.jpg,6.75227117888145,6.0853741516214,15.606022789420807,0.8540366034149303,2.8881055630660697,0.4540198898495977,0.952178554969949,1.4056248158313478,0.11966236692392095
I01053.jpg,6.7660336054276495,6.157149741882249,15.687989211964224,0.8782111550819567,2.881172648932403,0.44700453711551014,0.9550055214895506,1.399747609998684,0.12945258660304118
I01054.jpg,6.844284788770558,6.364275316405981,16.09380818093424,0.878386094296932,2.9262950947364175,0.4260602676274138,0.9529811005643308,1.394523097646097,0.1180292712248174
I01055.jpg,6.85476696634,6.2926270993851245,15.693755588156211,0.8994656761175999,3.013349231981042,0.4094985496082438,0.956520665230913,1.3967876926431646,0.11330174568264818
I01056.jpg,6.934396726285804,6.585910931760776,16.20696223849491,0.9173198777118318,3.1182532667255725,0.384618252245259,0.9590578983437485,1.4009276878696206,0.11130504470231853
I01057.jpg,6.972809045137995,6.625902435665861,16.076909497633494,0.9487353018774554,3.2463532909670634,0.3640331973330052,0.9610783907389783,1.4109290406323582,0.1058867341022351
I01058.jpg,7.035591040519718,6.918857812005117,16.877293326375227,0.9443627327045363,3.337173732248904,0.3443030098764444,0.9621985401386268,1.4122639692910932,0.10188578630365389
I01059.jpg,7.087419948462166,7.125946175807471,17.240339455309854,0.9623173608831612,3.4549009301656484,0.32566129836502017,0.9627307894574435,1.4189994415450677,0.10180842371940778
I01060.jpg,7.089459444924042,7.117143761971058,17.07677615069602,0.9608582018668204,3.4944251798860515,0.3149304059499335,0.9617522963910435,1.4236570422388397,0.09820550628801868
I01061.jpg,7.10191192634558,7.210517439068376,17.26830293201856,0.9883345357234344,3.5450208296299635,0.3113200392908764,0.9663968510470802,1.4327186120468889,0.10409539998515402
I01062.jpg,7.148032994657904,7.350908481549978,17.558043185808202,0.9734211536507493,3.573877089236518,0.29878951727972797,0.9570754000515432,1.4296505458099977,0.10237542619053257
I01063.jpg,7.164816522183692,7.399207184370842,17.482689705483974,0.9583364972382016,3.619281521743746,0.2931135742064658,0.9664227778729613,1.4312633969322162,0.0982061334534031
I01064.jpg,7.169616124397533,7.46194569980753,17.70653898060173,0.9324938269998255,3.6804025627562846,0.285232126900549,0.9704447237714904,1.4282426132104864,0.0969670509108493
I01065.jpg,7.221121175263187,7.809517419507947,18.52088364866674,0.9272477216165798,3.7376192232874823,0.2733927060317471,0.9691419590258463,1.426802282584373,0.09219456119904072
I01066.jpg,7.261247826691391,7.9922503138971255,18.906455901487778,0.9076499358753743,3.7907238689022345,0.2631625255056007,0.9691437493595999,1.4358056320364492,0.08487162762040919
I01067.jpg,7.284301700480877,8.161627950051358,19.31210141412404,0.8729510592969524,3.8326652814685893,0.25155225263189784,0.9622865978072812,1.4454343117641482,0.08069620828451869
I01068.jpg,7.3056103970096915,8.321256914006055,19.651858884035356,0.8464178133793892,3.8592424265058582,0.24973903835655428,0.9701515764576537,1.4559953664454786,0.07583926331700964
I01069.jpg,7.283530666754982,8.178062638190795,19.312306458830957,0.8657186031948807,3.886259580381701,0.2553279298371107,0.9751809155750258,1.472352697049715,0.08446846678809015
I01070.jpg,7.303854539172099,8.337462071680964,19.691763077191318,0.8492564017934192,3.8914035846999644,0.2507358681212326,0.9726617580463195,1.4723757465961667,0.0786914768399665
I01071.jpg,7.307286168966171,8.377714485306686,19.863530649848002,0.8443066120513354,3.9239506969745337,0.24752397254584804,0.9708613264272878,1.4689691890045762,0.0766868320648323
I01072.jpg,7.31274725867271,8.396602308040102,19.86838626239103,0.8414357729558288,3.916082322922528,0.2493267764635799,0.969926150977677,1.4622570361981608,0.07840400539342726
I01073.jpg,7.326376497421926,8.492317658975434,19.99608609068481,0.8361338912363219,3.9372818327703722,0.24817449583990292,0.9741572948009679,1.450724607824048,0.08014749165355457
I01074.jpg,7.360339715386181,8.678113904274674,20.292174597057137,0.8288439167248844,3.953648281620185,0.23994458103566899,0.974363819281396,1.4525511788660057,0.07744827967577307
I01075.jpg,7.3784424306069525,8.705590006120858,20.24229269630644,0.800305947538169,3.9838775212436017,0.23281558320229845,0.9732646939879344,1.445433260200756,0.07419429328919455
I01076.jpg,7.369833470056378,8.489406701654715,19.617722595358295,0.7965121231844218,3.992991810613777,0.23179917864590174,0.9743705139066898,1.437072212022232,0.07663207230209226
I01077.jpg,7.387628526574028,8.609541700822218,19.912841641887827,0.8202085051963521,4.023484247179333,0.22925700429326715,0.975848967965064,1.4538610969750305,0.07846013798334389
I01078.jpg,7.42497610175988,8.732691359292694,20.14919041518182,0.8110768732193661,4.065640459575961,0.22289241325214004,0.9739577520434287,1.4534200663610783,0.07714971428141615
I01079.jpg,7.42158492091006,8.599600508309281,19.82280071808279,0.8049049887728591,4.0794670304595,0.22503138891969865,0.976701989013327,1.4488483948781594,0.07543703353871985
I01080.jpg,7.448628565295998,8.716032799802894,20.12303303017051,0.7954150383713947,4.113463551331455,0.22100341841735344,0.9747735075399376,1.4378125421785724,0.07291224795241415
I01081.jpg,7.476926848901671,8.854918481806488,20.371091589529993,0.7940445333289927,4.1214320324292855,0.21108802290647916,0.9765039380291355,1.444146910534022,0.06561057284218401
I01082.jpg,7.4950907267700115,8.95538455936221,20.638203587132324,0.7840387683716438,4.150646464968878,0.2073032667721089,0.9783618200012484,1.4448041985221969,0.0630031306023659
I01083.jpg,7.459872580817615,8.782746142363633,20.15693977767906,0.7658873696482185,4.141339816197403,0.21144836593964916,0.9771243704416643,1.4456056081473374,0.059877794266131025
I01084.jpg,7.501867523432201,8.970906549735604,20.64898709119062,0.754731036443552,4.182963781689295,0.209538927610188,0.974561606873698,1.4433393332248619,0.0667523986407902
I01085.jpg,7.543802599307372,9.190207459416717,21.154184939183466,0.7632106725460548,4.197260349951465,0.20732511762495626,0.976633031866529,1.4455633820202396,0.07193318713068644
I01086.jpg,7.550897177426928,9.210888922991067,21.25021482013678,0.7535723879657885,4.192745203458207,0.20714889399838554,0.9764597583449558,1.4537579586027385,0.06912278229369671
I01087.jpg,7.549900212989117,9.172817411495014,21.20415180858618,0.7524982717684241,4.199041643542996,0.20928735871641146,0.976473120212804,1.4633989693650857,0.07075469604441534
I01088.jpg,7.545231356140257,9.133804253479633,21.07870369323633,0.7507204056160109,4.205316266197091,0.2116421232603775,0.9772899873496788,1.4626479838996582,0.07084801919940395
I01089.jpg,7.585694843964304,9.325970903714516,21.65761382330953,0.7521256244071103,4.216557001077832,0.20699385123690367,0.9708313157324424,1.4602598099278647,0.07170042407853641
I01090.jpg,7.557544801931795,9.144957813034924,21.27485822572056,0.7520275392407374,4.204895508687334,0.20952321118996006,0.9756898535062909,1.4579918465905102,0.0661730682473299
I01091.jpg,7.548158134679682,9.154204921523394,21.45465035974307,0.7628376148180666,4.199277543691841,0.21135075251178906,0.9703564539058778,1.4554133305240466,0.06490231243787292
I01092.jpg,7.570475853871552,9.345101947562236,21.952204794579,0.7941690429400846,4.189296366596444,0.21077294631172358,0.9687337554674929,1.4667614822010762,0.07123586222372073
I01093.jpg,7.5492611992049765,9.13938046974791,21.599303629501847,0.7914310629366534,4.184791468239883,0.21789151254405012,0.9687587337052176,1.4704919380746384,0.07240301456152506
I01094.jpg,7.556120825528686,9.257408165961198,21.966947165448545,0.801915586709211,4.195288220232455,0.22146018671494824,0.9759896773053073,1.4757281497983292,0.07277996114300449
I01095.jpg,7.547710595800895,9.312752560224926,22.284042584808724,0.8048986334712335,4.191410754559931,0.22535683651558075,0.9772660895753594,1.4749928453792576,0.07498831496101434
I01096.jpg,7.538535308759086,9.245421342064125,22.269997485186117,0.8072646483425155,4.168305727610141,0.22561268034326262,0.9759539125209542,1.4625720441766832,0.06730201901847808
I01097.jpg,7.52621859997241,9.183684003399962,22.220226485648823,0.8227768698762454,4.1595496636079385,0.22911054565945657,0.9751343864129849,1.4623346296573767,0.06834648571812152
I01098.jpg,7.500878853992123,8.993877483737132,21.874547964517138,0.8304332808712218,4.153236825275259,0.2340148698077179,0.976118587680978,1.4605083307138402,0.0669262228053326
I01099.jpg,7.531794958103997,9.115901309895898,22.14252656864472,0.8360074107544657,4.153735705584671,0.23174355420500922,0.9761056489832651,1.4572549286495045,0.06787788647502885
I01100.jpg,7.499828033777413,8.991926819791239,21.77603594370584,0.8580920363730957,4.160700455782889,0.23575633707534052,0.9753274398306769,1.4752859829071678,0.078665792851336
I01101.jpg,7.5055568952397715,8.991957778957763,21.939790953501205,0.8528549844398059,4.162986111263139,0.23781459401612354,0.9760399145495441,1.4585032468984362,0.07374752630609112
I01102.jpg,7.508514221285658,9.062746678026288,22.265496366157493,0.8684846486712305,4.147634148994539,0.23913187640071143,0.9752603897877434,1.4560045142124571,0.07339678635603768
I01103.jpg,7.493390074422048,8.972108116321493,22.141031150709008,0.8698703393483627,4.136272310837137,0.24347866298746582,0.9765857054925551,1.4532907733598077,0.07458447735136751
I01104.jpg,7.513138802502294,8.933133691171578,22.03143538720499,0.8822621208034143,4.142974061571019,0.23970022794771847,0.9714486053516395,1.4518575231720534,0.07624253259321453
I01105.jpg,7.4838996691969095,8.704460609960604,21.55915823777841,0.8847929360479362,4.152587258913865,0.24271200136805565,0.9720528342861251,1.4489967874390826,0.07809445992546304
I01106.jpg,7.5078441540858245,8.708020986715914,21.448967949599375,0.8785256461413566,4.145602769392038,0.24231342996353616,0.9741962304260937,1.4419827864601464,0.07376230824716032
I01107.jpg,7.487788353072805,8.492868229262102,21.036228670240934,0.8931411183987366,4.110785869220931,0.24424555206431256,0.9727283528529072,1.4451270786268815,0.07358634355307898
I01108.jpg,7.480562152765895,8.416620493649642,20.87776744306878,0.9255844038975733,4.1125355778640245,0.24506567091883688,0.9749201277610494,1.4588605989245107,0.08593423168472558
I01109.jpg,7.44837939359589,8.246526802251246,20.44329196275663,0.9507181549911595,4.081815365621674,0.24851509589410253,0.9736170464853545,1.457056281460056,0.08912153539490184
I01110.jpg,7.403400781497331,7.974392491750487,19.848128955627423,0.9498502188924088,4.03713086796455,0.25276695068250227,0.973294093703863,1.4501174771789311,0.09122851164317551
I01111.jpg,7.394889900237358,7.914867488731726,19.742226302705955,0.9429753274062331,4.002047031543846,0.2539981618447328,0.9707508082230341,1.4468577826885463,0.08643557956366704
I01112.jpg,7.359671573182384,7.786907973036127,19.552793118887134,0.9643469167435389,3.938021755334756,0.2600706458211049,0.9700021683534857,1.4461133898622744,0.0885832145780422
I01113.jpg,7.323655974103063,7.512741882835788,18.76668008066424,0.973285230599835,3.908088800758245,0.26648242275698264,0.9688031343587696,1.4454215693891181,0.09130311398633549
I01114.jpg,7.290549577101595,7.290378182391596,18.199204087315596,0.9942088606937152,3.889948351195992,0.26967288014428753,0.967877217957377,1.4467464619565842,0.09259112982749206
I01115.jpg,7.305640986803871,7.338686531530195,18.370968361899752,0.9958849796650303,3.870974209716708,0.2686332621658806,0.9662453108671413,1.4511642039211459,0.09890150885633033
I01116.jpg,7.336615666563001,7.512352214281497,18.83222778400961,1.0080135030031327,3.8641345042749653,0.2612841054000198,0.9644171719454939,1.4567858185901916,0.09895521433883492
I01117.jpg,7.27878434590028,7.201141144895318,18.127647710599625,1.0040740163449964,3.8745486314860953,0.2704537118591522,0.9674195089903178,1.4636767079581101,0.09732419800220769
I01118.jpg,7.253904261818912,6.951350445356381,17.478184494128225,1.018133063199037,3.8583047908817676,0.27136522693898035,0.9649502351750114,1.4726251436002031,0.10549605925184609
I01119.jpg,7.260714881392593,6.969128262831312,17.510660705919783,1.0454247827450909,3.853489980143415,0.27434132543150064,0.9658888554303148,1.4871168825083512,0.11056502387776916
I01120.jpg,7.248636615662323,6.923932946250914,17.373547865682948,1.0599663853992876,3.8411581268582835,0.2749234663387406,0.9652061898858755,1.4967162845015727,0.11533102119828888
I01121.jpg,7.242551693518438,6.882724270484902,17.350440217334377,1.0692912005988373,3.830733835384128,0.28155949607092773,0.9637091344573313,1.5036974238319896,0.11691615731926329
I01122.jpg,7.201978373353603,6.637085017516707,16.79160995343899,1.0791201695368398,3.8118465371380434,0.29162731516377494,0.9624324616759025,1.5089864397970567,0.12165510118103678
I01123.jpg,7.186691487799759,6.461065459708761,16.415015282225184,1.0883820322654436,3.7611430081737054,0.29901795721506585,0.9608078926342144,1.5108210156495956,0.12265946409616603
I01124.jpg,7.182722732233792,6.427608261811605,16.429455460854328,1.1245764931055917,3.784925256065305,0.29740992490623114,0.9633607928153033,1.5224383350049933,0.12444010626808767
I01125.jpg,7.187364903909726,6.423873998186497,16.40994904611463,1.1205223098324062,3.7502156158456224,0.29539826250766127,0.9621476770539238,1.5252998795606492,0.12202883884486797
I01126.jpg,7.175259189246252,6.360899417894884,16.342087302482533,1.107750181246495,3.724534776251446,0.29843870149260676,0.9615427385633724,1.5273755127841602,0.12195384545177473
I01127.jpg,7.162516443424229,6.2468628546038945,16.116909735174566,1.0848908472425784,3.7075228178941373,0.3005397029715568,0.9608280441151438,1.5271803289991173,0.11614901137559079
I01128.jpg,7.120010323448414,6.069560854823053,15.71886560496217,1.0969079651517877,3.723258985669694,0.30324004643876734,0.9641207423835628,1.538559584087527,0.1227581657695162
I01129.jpg,7.127478314478241,6.170560614665108,16.069529532993947,1.0802850948762281,3.682577145931351,0.30614874480694115,0.9631261313635213,1.5339460181847069,0.10670973561582983
I01130.jpg,7.140542678059483,6.29812837305292,16.459553348924093,1.0832195029073781,3.6997506685938206,0.3023004933408592,0.9647671903760471,1.5430307806571468,0.11188269369557267
I01131.jpg,7.12846562794678,6.246900123091966,16.335930884637307,1.0973559139545541,3.69205629463071,0.30395448021879135,0.9647725654007638,1.5502905866804988,0.1276318003641492
I01132.jpg,7.122226458822489,6.223334881686507,16.332194556890315,1.0982992022170843,3.672462411139912,0.299436816265202,0.9651474723029094,1.5642011790900145,0.12529845938919493
I01133.jpg,7.095262122047671,6.13002042987391,16.179991539722455,1.1111326477531975,3.644473397407727,0.30072263623192635,0.9652007720666845,1.5707587002361418,0.11687928416868666
I01134.jpg,7.056808865448497,5.9836049107766325,15.824025579454036,1.119234577794301,3.5964291975652847,0.3044274678231022,0.9638654348387466,1.5677685965509682,0.11762149304223211
I01135.jpg,7.062991033507158,6.071130952713876,16.086352645070562,1.1179997403920972,3.5707721953829803,0.3017180399916529,0.9631127796687009,1.5612699502278735,0.1183028992540263
I01136.jpg,7.012899167333239,5.833758522239419,15.488984957850201,1.1106377044718734,3.554939518161544,0.3058987094399484,0.9637893416353499,1.5541933738164206,0.11633352700926369
I01137.jpg,7.028192377617777,5.940724311881284,15.79934206094746,1.1072304494354457,3.5584204914136333,0.3029424478054993,0.9641801790187113,1.5482941016669394,0.11494390716123867
I01138.jpg,7.012858914479841,5.8994796857176555,15.70117168492249,1.0864951792694226,3.533127318908487,0.29883451718093845,0.9639704637616106,1.5434175337256937,0.1128169759745897
I01139.jpg,7.019760877525198,5.948059078846651,15.834848192496565,1.1063676051619713,3.541789859584169,0.2954802540758189,0.9650160829891178,1.5518943009613557,0.12154549259994925
I01140.jpg,6.995042534350845,5.901616667177887,15.721371428976644,1.0959494826160348,3.5235292445934663,0.2958908404358614,0.9635758429054865,1.5521260352142479,0.12121924550542792
I01141.jpg,6.9854129934170235,5.914478772185244,15.674902175477342,1.0891159111375868,3.49901060466494,0.2915810105170455,0.9630475809144411,1.5551178536239605,0.12084422625825354
I01142.jpg,6.949316799790079,5.752750650009493,15.26427229115202,1.0636500705476177,3.4945156272500952,0.29160122192495574,0.9653234238886156,1.554905723534683,0.11189076398928098
I01143.jpg,6.955003456879367,5.835660475675511,15.524864425854949,1.0667977040265302,3.5000884498620755,0.28756101338592377,0.9663463294848155,1.551726854945339,0.11184629248851255
I01144.jpg,6.965889947393781,5.910482022161777,15.720678627833083,1.062292496555453,3.4921330381457256,0.2831706808529887,0.9665581851890009,1.547392856756268,0.10948149880581767
I01145.jpg,6.9415216485801965,5.803855753566714,15.442500380919727,1.0517127711253582,3.5145660408830866,0.2822266319215991,0.9690489343479538,1.545806752845356,0.11119108478788868
I01146.jpg,6.970329393773769,5.886528052238444,15.694665772197267,1.0317762016824887,3.552480796877533,0.2760769112590487,0.9704875656368421,1.5437582002539871,0.11542172578572547
I01147.jpg,6.99270072552805,5.923186868072435,15.816246746683007,1.0437837569087047,3.567810634060093,0.2731011748367111,0.9707672275410211,1.5482376911876454,0.11715341403869937
I01148.jpg,6.9823913760923455,5.895337019146052,15.758877925026336,1.0365796290427893,3.6109996557703266,0.2711234818463191,0.9703992724849819,1.5536116024081594,0.11508088184816465
I01149.jpg,6.999392020544805,5.932894529644436,15.786046033990111,1.0338908179108421,3.6393046450257804,0.2668757978398596,0.9704607317956703,1.5606456772458004,0.11271323237583306
I01150.jpg,7.012846735178448,5.970220066381314,15.837465276127649,1.0364347458916314,3.669716196947755,0.26616524860078017,0.9698107067934861,1.5660159328765304,0.11122718459425616
I01151.jpg,7.03849222120292,6.09314695867804,16.130670457602335,1.054115280422291,3.6983994272067,0.2621020571305076,0.9696168025792725,1.5745877712527807,0.109041657660024
I01152.jpg,7.038560930606214,6.097174361194483,16.100094765888436,1.0555840647385561,3.7157656288330374,0.2588017709985203,0.9705293593573732,1.5755988296931478,0.09889887657749545
I01153.jpg,7.1009048728831585,6.367175296198599,16.85324396393297,1.0578805767839148,3.755507918632611,0.25044913466824664,0.9712846960356176,1.5744484228152653,0.09533182033726391
I01154.jpg,7.10627845073787,6.373431804657157,16.91365489223797,1.0774284372622924,3.7773508079127143,0.24756493439992838,0.9716357916925683,1.5778973499019342,0.09829415366759323
I01155.jpg,7.100591076086441,6.403216139480638,17.03130317944567,1.0846832602825343,3.7812424552214106,0.24475999234541249,0.9719290425325127,1.5742326145098655,0.09689899687248275
I01156.jpg,7.107341263674348,6.463832160126415,17.14105176578307,1.0827289252989116,3.7893955719167027,0.2395041557455957,0.9722130228620198,1.5660005492120603,0.09527070816031201
I01157.jpg,7.086835420687725,6.434916813664031,17.097290448672695,1.0607751250508106,3.788219410755747,0.23886464698987914,0.9724635703746919,1.5553118013457987,0.0877810773561805
I01158.jpg,7.103656503011133,6.530563150002826,17.389762648624338,1.0646530304527229,3.7890359699788556,0.2334969284240973,0.9722878583467396,1.5484579891964207,0.08569591119977207
I01159.jpg,7.092316524932635,6.58021462972433,17.5231447089327,1.0639892896629353,3.783124715421193,0.2332764772981433,0.972184714903028,1.5366325403500902,0.0851099943963009
I01160.jpg,7.057618336131995,6.5011834388622445,17.304159348544037,1.0588532611583454,3.7703087069904666,0.2299745553317693,0.9736389068440037,1.5218860438184798,0.0902002592365508
I01161.jpg,7.0623594895575135,6.549072866568657,17.438551078730427,1.031591222851012,3.772635521397829,0.22766098585454123,0.9733874418167471,1.509615166191042,0.0867121369184761
I01162.jpg,7.037302442979763,6.434129655712838,17.106877755572977,1.0234168590425492,3.7535659763345195,0.2284202571278806,0.9726613128728443,1.5019520020161292,0.0864170194580817
I01163.jpg,7.024339999456584,6.360184345342317,16.95942705559128,1.0070074927858093,3.7556438389569786,0.22787528102951835,0.9735864758514221,1.4952437486672308,0.08752478830304183
I01164.jpg,7.012225433630814,6.329379639367788,16.91799941021744,0.9983430925526979,3.751272285414552,0.2222269040519156,0.9737410716031685,1.496228257393756,0.0889862345121921
I01165.jpg,7.043350574173668,6.471162662188405,17.36247167871319,0.9768171384767957,3.7519588801239774,0.2164601937639854,0.9729797599457997,1.4906133778302446,0.08975433270141374
I01166.jpg,7.024951575578653,6.399144219107225,17.161321418195847,0.962712801154713,3.7308933792368526,0.2187616868206285,0.9723113878659816,1.4856599791089309,0.09166181484588506
I01167.jpg,7.022654294752668,6.399435175680561,17.14645857507219,0.9483691864061407,3.7274311083811598,0.21555130833326158,0.9714753260025515,1.4809722723851853,0.09216165310661327
I01168.jpg,7.040757718096024,6.5105285477710755,17.49068686010459,0.9499352861066153,3.741656261953707,0.2132809061958893,0.9718390822078412,1.4772421129052016,0.09374178034317648
I01169.jpg,7.02787878191296,6.491153160592882,17.524306911275787,0.9743747120410208,3.7030227718977873,0.21202637535907198,0.9707886071924378,1.4772262683897488,0.0986052048574237
I01170.jpg,7.003594783659553,6.3427964650934845,17.11252363251924,0.9756353329690675,3.694294799493888,0.21722675678882486,0.9658576568648989,1.462166862895942,0.09198314431604578
I01171.jpg,6.987692889729695,6.270917502893967,16.90096268939824,0.9818877047076543,3.685603648778651,0.21738146571882824,0.9655064351986693,1.45750239404487,0.0917627386522178
I01172.jpg,7.002954805875344,6.309632642819081,17.03316716588493,0.9890864974488551,3.678219505731694,0.2146934174908008,0.9673329354409063,1.451795015967676,0.09332055628465401
I01173.jpg,6.980763650423395,6.172962993208164,16.660886558985165,1.0102019932525332,3.6687993607790235,0.21608285885279896,0.9675459712333038,1.4573454620477688,0.10315030612751433
I01174.jpg,6.975886749940664,6.155062227516285,16.630070728983096,1.0228510258255048,3.655146532548067,0.21578383138734292,0.9657116719994404,1.458131600947572,0.10324138355703796
I01175.jpg,6.993346510407978,6.211593134385433,16.85839279040236,1.0268094674706336,3.6261331202611213,0.21964961612757863,0.9637375262337873,1.45638240376019,0.1023356417711749
I01176.jpg,6.983977939750394,6.1832122962984135,16.772031530696175,1.0112970226712839,3.6015634045516456,0.21842638134323797,0.963391811061318,1.4500020424521416,0.10241385213513793
I01177.jpg,6.971875885910372,6.162081422264563,16.747787569717744,0.98374108307795,3.598487913766676,0.21443015731739523,0.9630220701069079,1.4421058698028366,0.1068074393881137
I01178.jpg,6.960533000427002,6.1571137397244335,16.845951304917364,0.9580307546939455,3.5555722765090665,0.2152086958044184,0.9601956957750573,1.4229112327785365,0.10649462438664667
I01179.jpg,6.942093025964985,6.1312630579367005,16.807814238778764,0.9526052147101985,3.512195939605996,0.21661628693437415,0.9590755726782524,1.4101494237938341,0.10833198187834628
I01180.jpg,6.911844437449621,6.079159485739764,16.757225175673785,0.94655964937565,3.4684098831724275,0.21814843453962393,0.9571681970369951,1.3987990599663767,0.11092700973392362
I01181.jpg,6.889329177870269,6.0257639961416585,16.659546426369264,0.9389913956028366,3.4336234491338966,0.2198827683955325,0.9557230375860956,1.392467554404156,0.11684686465561986
I01182.jpg,6.86301457373518,5.925361341066882,16.46951236747916,0.9204806118536681,3.4120539698971566,0.21868773061419763,0.9551005394948128,1.3887084769619142,0.12157463354499459
I01183.jpg,6.847746070395659,5.915328386745976,16.466059864186708,0.8912059833818119,3.4032591115199726,0.21995391389475596,0.9544830208568209,1.3861999678637127,0.12320839389825926
I01184.jpg,6.843027938688933,5.881832852459104,16.398223877101124,0.8869117263491682,3.383352090615248,0.22358690823513952,0.9516978198582249,1.3826791460889278,0.12321434442460892
I01185.jpg,6.817070547810573,5.771971144790726,16.137291067282515,0.8778429856976284,3.3768463947967726,0.22710504641380663,0.9504163279312262,1.3794544525237318,0.12440057477032565
I01186.jpg,6.779530183423099,5.63240329057103,15.844520203076085,0.8589674292765785,3.3293143562844376,0.23301982810390254,0.9472534133482737,1.3704481573028742,0.12532560243486862
I01187.jpg,6.789465478996323,5.632930258483329,15.870245447494677,0.8413916702119524,3.3218422691898923,0.23294102509020392,0.9459279434281344,1.3656952279797259,0.12970065436445374
I01188.jpg,6.788213903521824,5.580203017496262,15.814812761967131,0.8273056334539157,3.3048804729799497,0.23451219307549917,0.9436887098761535,1.3617529555861503,0.1357419472707449
I01189.jpg,6.7905159078357,5.578037381306212,15.856380446301204,0.822065408284739,3.3030560142266223,0.23665063621643256,0.9432682218823478,1.3589160454749354,0.13560631292580372
I01190.jpg,6.798626669063558,5.574165518749147,15.883806130187203,0.8031048917237171,3.2908222807647896,0.2381320180001221,0.9434639482130821,1.355461417407891,0.13031326389289524
I01191.jpg,6.783126047470858,5.497028351864619,15.642982789072413,0.7950331238710533,3.269604669114347,0.23590252770559794,0.9475620725763865,1.3580885743082625,0.13253996458149714
I01192.jpg,6.774285907540783,5.423531055838454,15.453430595077029,0.7941022272982923,3.2451394174164774,0.24514307716115089,0.9439339767310398,1.3536458284245376,0.12917395022377584
I01193.jpg,6.751370088061882,5.245888533273102,14.986430238686584,0.8110642685305537,3.216396585627521,0.24563334407040224,0.9452058726867782,1.3587292577491552,0.13183227117700494
I01194.jpg,6.742397017843266,5.207139043912029,14.921421016346226,0.8201631445983975,3.191225891564231,0.2458981147653166,0.9463941072293895,1.3621400529876195,0.13285847347134408
I01195.jpg,6.744127283518013,5.226343256776789,15.036485447332536,0.8196297874525647,3.208173260815702,0.242919665965165,0.9448828541404549,1.3683866998843732,0.13487930178843446
I01196.jpg,6.745194546881405,5.2046429036947135,15.001826890383038,0.8114120116282797,3.197331596775844,0.24601567203761252,0.9448013673154261,1.3644487047002947,0.1364834818146712
I01197.jpg,6.761862950993679,5.185760342169725,15.04454832942068,0.8007028848677925,3.2129463556744993,0.24310569162178464,0.9468113969522934,1.3599137873786102,0.13438448010013881
I01198.jpg,6.763682437511776,5.134918451012087,14.97278218952971,0.8167240580912981,3.242692439098637,0.24044967721997285,0.9468544944100851,1.3626180599155926,0.14144532129733242
I01199.jpg,6.764566147750514,5.037901071360726,14.750761757498173,0.8229217360894097,3.2584912129227437,0.23870580217912996,0.9500027542086673,1.3586039275423596,0.13925960953026129
I01200.jpg,6.773343712293889,5.001651150236335,14.621179532834296,0.8272491458456858,3.272015659727971,0.23581286607287327,0.9501477133161871,1.3590664133036707,0.13984144535073192
I01201.jpg,6.754390697675329,4.896394161978645,14.39791438804559,0.8226198851732895,3.2763973461310334,0.23571233639129893,0.9524719046234998,1.3565190372838476,0.14563027283343463
I01202.jpg,6.785738911248241,4.902695557785307,14.476387975718579,0.8311668680856878,3.3279578453256695,0.2330271786745209,0.9505316236169906,1.3605689204509965,0.1517134027282641
I01203.jpg,6.765778864841565,4.737864467461542,14.157488015596718,0.8293982972325142,3.3510280802378847,0.23406908261885057,0.9521041419149022,1.3578128917294658,0.1521560717155121
I01204.jpg,6.789141827237867,4.732031556063952,14.177252928996685,0.8249861110649741,3.389542942555731,0.22982435690975872,0.9528555085616384,1.3553945516275103,0.15431333769866046
I01205.jpg,6.83387398058006,4.720804037154074,14.182165685444934,0.8419804370729931,3.480958513900514,0.22680591488925514,0.9536913282889116,1.353640691184342,0.15826973591738255
I01206.jpg,6.843641335275247,4.645169049398549,13.978460759185127,0.8599834968951078,3.495039639262937,0.22466350371168092,0.9550079275999231,1.3550661154899917,0.16566541330304893
I01207.jpg,6.84249041136345,4.558075980163384,13.774953404604302,0.8648822337628057,3.4954229567182606,0.2255257632238113,0.9546081913406651,1.3526838066514488,0.16664756601067185
I01208.jpg,6.839731170473683,4.48836404807598,13.574452016527946,0.8821533835260038,3.4586965504659046,0.22837965462608417,0.9510246884742221,1.3497122388774598,0.17191439524898197
I01209.jpg,6.852248127185264,4.484966781929555,13.594905714901403,0.8869530924891138,3.47832042524647,0.22811928565567818,0.9524288903851463,1.3480176592548647,0.16863552972513338
I01210.jpg,6.850401381298181,4.422022608160564,13.38805540672466,0.8944040177680269,3.5254863183037672,0.2276488279565917,0.9551220893544436,1.343059784290264,0.1676660953869835
I01211.jpg,6.830381229146407,4.319541729318504,13.119128004857759,0.9145306248552034,3.5392401838796426,0.22484508516029558,0.9571108946920023,1.3413750314769624,0.17386050698166122
I01212.jpg,6.857268515875897,4.350313344527434,13.129419774039565,0.9263167391266947,3.5860470346368394,0.22340686950842642,0.9568900923460817,1.3406439384077484,0.1741567511379859
I01213.jpg,6.89420140726698,4.373655303502521,13.1369349330913,0.9496803287062436,3.6111987667922976,0.22506232195894274,0.9565086994661494,1.339722798252203,0.176593804959844
I01214.jpg,6.9017962664643155,4.354531844918833,12.999684785959762,0.9685303538828329,3.63051053762541,0.22664244065832398,0.9578548903553743,1.344395179188223,0.1763041625913332
I01215.jpg,6.938605793091852,4.368516127963651,13.034874390175268,0.9811180307428689,3.6498657902834193,0.22938046421489258,0.9555637289372682,1.3475529036440186,0.17900615779890358
I01216.jpg,6.970384366149689,4.411834384363669,13.14314222322805,0.9931716684822752,3.6816784937346343,0.2288412016443411,0.9567748029051611,1.352090704853067,0.17173030680564857
I01217.jpg,6.977485124552778,4.370335384007888,13.052194781068094,0.9927973695812173,3.705255450361427,0.23166753194569528,0.9569084043793665,1.3567864133114718,0.16274975492724875
I01218.jpg,6.989375614681455,4.373855975085704,13.010823995962806,1.0027777095222512,3.712581980228724,0.2338759379844611,0.9573531061574253,1.3621651843610616,0.15797059681206432
I01219.jpg,6.979659640352256,4.30493602025128,12.813192233810755,1.0082353780188003,3.7095899246199777,0.23725016490608233,0.9581960080659842,1.3673060247333717,0.15563347189521004
I01220.jpg,6.978869257993024,4.2745936325433,12.758514313978724,1.0254864857698411,3.7244802034327007,0.23869002773614512,0.9588882024668965,1.37019379062726,0.16109107194059885
I01221.jpg,7.016697315667937,4.298883703028277,12.834726655964797,1.016786566024299,3.743405024785643,0.23843931485141007,0.9597507637546648,1.3773310391959095,0.14719131048491166
I01222.jpg,7.03815743480105,4.303128227472896,12.819007195008757,1.0371140778360637,3.77395614148519,0.2390902093107857,0.9603437902870939,1.3836828605591314,0.14658906017208023
I01223.jpg,7.039819239879813,4.305161066319977,12.76000244425725,1.0476180591668736,3.7598226759207014,0.24151295091172334,0.9592376975593911,1.3888445447783924,0.14574506262613762
I01224.jpg,7.0578458120136345,4.32469237085594,12.745538795640476,1.0592339786887195,3.7894615472293403,0.24185873663953952,0.9596990420728764,1.396823695925915,0.15076227683551818
I01225.jpg,7.080291266411729,4.342707384057503,12.734527207980056,1.041908187774011,3.7952932133204316,0.2437451435232946,0.9602282364356505,1.406765491588834,0.1453305908565252
I01226.jpg,7.0871995049528635,4.340552591331318,12.659229103507766,1.0471189419140876,3.7785237111305396,0.2479387246279966,0.9583171363096185,1.4140800809019998,0.14849125095987437
I01227.jpg,7.087208921905823,4.3189365447538215,12.556152674107233,1.038654830566692,3.7660062723236476,0.2539516770464684,0.9587825209440213,1.4284002576626849,0.1464256716790161
I01228.jpg,7.09765368479305,4.331039267953388,12.588507733674563,1.0435575855855144,3.7629863687693206,0.2552333645093101,0.96085484534177,1.4406912641813332,0.15187083208021418
I01229.jpg,7.103383023754011,4.329824239065429,12.591691890165624,1.05341886311754,3.765262721186575,0.2560485046508805,0.9605508053207104,1.4476096776320209,0.15391906250051596
I01230.jpg,7.104643289238983,4.330149671270622,12.53344789658738,1.0454915065099926,3.7661154378458646,0.25897199235211465,0.9568195331656416,1.4579949982283242,0.1546990127164713
I01231.jpg,7.083993686779049,4.2938038965534355,12.466026749396404,1.0549463524297182,3.745340137225493,0.2606778404553519,0.9596110117998314,1.4685223478617577,0.15519649421388715
I01232.jpg,7.067257221035564,4.2788895878142,12.437612079502884,1.0740648400619075,3.749124937430213,0.2611832449716241,0.9623392714404687,1.477756501960394,0.15798463831397294
I01233.jpg,7.030196133656145,4.228506750249777,12.24665570596284,1.0821487271206613,3.7361842240083227,0.26307126460704483,0.9633827768781589,1.485316349003409,0.15507965655073253
I01234.jpg,7.031076942357129,4.270891722329514,12.400849413506744,1.0994430570371014,3.7392248058566384,0.2627789009526798,0.9650733287300419,1.4915935669820146,0.15573559445541596
I01235.jpg,7.00693998273321,4.231534330971208,12.24843552434831,1.1072644501422502,3.7153773737281233,0.26856801668146923,0.9635731301816163,1.4964856942347986,0.15655684194225988
I01236.jpg,7.005965405646602,4.250142961563348,12.275352666552406,1.1209024622205814,3.73029179034151,0.26774171431098065,0.9655936331342205,1.4994220646031744,0.15773498712221443
I01237.jpg,7.020489443968462,4.299011235956803,12.454352928303624,1.1500418407995232,3.7479951226145976,0.2666363940441408,0.9656078515764859,1.502733991546199,0.15629718246992275
I01238.jpg,7.020838215052774,4.274305647020525,12.390422282482355,1.1739449426617998,3.7672253758541965,0.26943001618258045,0.9660252825336524,1.5038586573549821,0.15449326414662928
I01239.jpg,7.0602608454264875,4.402407414365454,12.727734908728367,1.1912222767931233,3.7975864957778827,0.26605223282007234,0.9667721797283202,1.5053934298263938,0.15751270812018717
I01240.jpg,7.035817142181393,4.334061252435031,12.531280102403823,1.1882868227796977,3.7844182213208737,0.2704500038448399,0.9661869827013215,1.5087787844146758,0.15306945985912346
I01241.jpg,7.048781805757164,4.346067568975516,12.615653694408978,1.1863844441159563,3.8121996793464863,0.27124980580367564,0.9655226911958923,1.5130989735105387,0.15073313076855682
I01242.jpg,7.050052763635228,4.384513643903271,12.689897025571478,1.176332259406731,3.805185153212744,0.2716721120748877,0.9663263938216136,1.5192791384140414,0.14835541138651473
I01243.jpg,7.030322561519863,4.312784226474462,12.436533734265728,1.1673033004899271,3.8095773923511382,0.27498102030026894,0.9662555871124131,1.5259403961459896,0.1461864859809383
I01244.jpg,7.078954375361322,4.440972223840112,12.760163312811002,1.1571763604513123,3.8148047721275207,0.27142629090771253,0.9669506335701189,1.531316729609549,0.14812292530064514
I01245.jpg,7.075136622219965,4.480320153168738,12.853112940253112,1.138784813000811,3.834489620696288,0.274548388324934,0.9670882673097526,1.5427819846590785,0.14521578350864553
I01246.jpg,7.070581413081025,4.466011956563611,12.864009324734756,1.1528739005837854,3.837524602103355,0.2760268580209094,0.9678492535279609,1.5499044775043538,0.14626251261566695
I01247.jpg,7.039902694146884,4.429200428656892,12.793462662127673,1.1514628490255223,3.812335886967033,0.28049101869545157,0.967701269403011,1.5573611002305405,0.14557319435159088
I01248.jpg,7.038133851430565,4.474363277162914,12.909179123292652,1.1585309473588985,3.803946092074056,0.28291484018063084,0.9666242282034959,1.5643185582462111,0.1452132244291914
I01249.jpg,7.022335152236559,4.516738127409468,13.042926159191335,1.1457545168902137,3.7856562421854414,0.28404741698760855,0.9672059472371131,1.5690776179019936,0.14181313651770974
I01250.jpg,6.999060922482822,4.548122345119143,13.146469368721972,1.1536431859180243,3.7543346456173734,0.2867496062242283,0.9666247258009096,1.5737169400157247,0.14040757207585416
I01251.jpg,6.996394858549664,4.61778048603202,13.334609505409773,1.1690043145042486,3.7372404166757462,0.287774941962773,0.9668290006016207,1.5738099316404401,0.141796299207051
I01252.jpg,6.984270219569065,4.644709186389058,13.40005498690064,1.1821397333897248,3.714221625965585,0.29111775321649014,0.9667039469799483,1.5781727886702843,0.1416712119528565
I01253.jpg,6.987013714532625,4.689172086803991,13.508200917750436,1.2061150264012026,3.701442948444569,0.2927842051367877,0.9658850506501827,1.582933077935841,0.14568589801729953
I01254.jpg,6.994933360373244,4.7358659087403385,13.574541731151896,1.1981070721583993,3.6754926766217997,0.299218045308883,0.9635807325661383,1.580472066510199,0.1420523377293992
I01255.jpg,7.012436052262593,4.755353218509918,13.527993851530937,1.2210554722669476,3.683819005142113,0.3033163523318805,0.9643715160032035,1.5815896284996545,0.14256006561903342
I01256.jpg,7.015181976343276,4.668015245325265,13.253537841596389,1.2334137684727984,3.6790175420361066,0.30637375675096,0.9640880271936589,1.579563345391645,0.14353319324639366
I01257.jpg,7.001968509819747,4.674807510692675,13.335033401113908,1.2626255380017377,3.6627654746345204,0.3098889632877949,0.9641108993988269,1.5762189791784782,0.14412995547834132
I01258.jpg,6.9896665476555775,4.639779670865989,13.216599712697901,1.2810717492474786,3.653493270352846,0.31165524388141574,0.9639695914338049,1.57789859929829,0.14551426300735204
I01259.jpg,6.9982527360492925,4.672100696346456,13.3534380441158,1.2812010147586055,3.643493833456385,0.314295719934843,0.9633090805363478,1.5732639530557293,0.143920491281482
I01260.jpg,7.032657119040563,4.747364609746136,13.638277170033856,1.297857847893409,3.6420344924264456,0.3138806391567655,0.9630000413421572,1.5695228142171476,0.1454400544688242
I01261.jpg,7.031142848895749,4.748055659146175,13.601484586826775,1.2920700826356681,3.6474014042656826,0.314196170703922,0.9633230594880337,1.5663740417538063,0.14148908094676582
I01262.jpg,7.040686485085075,4.750944052713319,13.622119793613937,1.2886101755504002,3.6520320932526413,0.3122600305151338,0.9639132886810305,1.5589147547480584,0.13955418756557797
I01263.jpg,7.052802574056281,4.802672750457943,13.727712552051951,1.2845137852726787,3.636885843868473,0.3114348576570956,0.9632428273339819,1.5475946905914268,0.14079621517262975
I01264.jpg,7.051699796240202,4.740352996617209,13.577602393821447,1.2685458432378733,3.628979908849095,0.3126454257922917,0.9619741310704565,1.5368959375256455,0.13396140539639975
I01265.jpg,7.0743107697682035,4.792245375152468,13.68913836555013,1.2742611160476163,3.6256961708105386,0.3157158876332416,0.9612009474552496,1.5282216192329408,0.13545006909461857
I01266.jpg,7.086231502057613,4.799671497614797,13.73817673492374,1.2935055088749035,3.643687237320097,0.3138497824941371,0.961319666563385,1.5223822697727134,0.14123229569613294
I01267.jpg,7.102124129748572,4.840979941643271,13.88466199977656,1.2991521904449335,3.6539766485486123,0.3118266291810207,0.9616748627152929,1.5136480591490171,0.13997689736074026
I01268.jpg,7.12693959662969,4.886511244386688,14.009665999643554,1.2823724384437714,3.65770087323584,0.31097786623503093,0.9609015861283916,1.4974685463713615,0.1309018157272634
I01269.jpg,7.141435907431634,4.938065870183732,14.182381170373496,1.2852744867986496,3.6643474971356906,0.30990399423874815,0.9604626825559018,1.484052958800937,0.13028781476223059
I01270.jpg,7.119929581405996,4.880473805938337,14.050162343804248,1.283802216784669,3.648993441107797,0.3143259510070164,0.9602070500967974,1.4708605024009531,0.12816899419752575
I01271.jpg,7.1301062875045575,4.943938628524775,14.271043543607085,1.3231680691987293,3.67006955443965,0.3070163115846284,0.9609504315678926,1.4614082521921765,0.13652777203350133
I01272.jpg,7.116443708258714,4.938740557668306,14.285255879374919,1.3180389854873857,3.646212540261998,0.30556615312549795,0.9607228502371532,1.4446511219609908,0.13592237415660963
I01273.jpg,7.100845467024245,4.967107201729156,14.373931652542417,1.2803047860049217,3.6401976277156023,0.301959441602016,0.9600637527555397,1.4292275113180826,0.12583554599683594
I01274.jpg,7.06706375307169,5.005126340288063,14.531917942692122,1.262226548502299,3.6022058063344624,0.2975999605727738,0.9608648771743467,1.4099571866229614,0.12683911158091515
I01275.jpg,7.013167153145773,5.024842119771777,14.589276275072459,1.2457089721620371,3.538199241665539,0.29426801835139527,0.961559089519036,1.3867426534582625,0.12644651128751752
I01276.jpg,6.954800541148777,5.068471984266582,14.763102252329796,1.2269722313944085,3.484031063069133,0.2858276818191576,0.9625672429561634,1.3577780426430497,0.13084142224188822
I01277.jpg,6.8909914073019065,5.083978599902887,14.80812223303912,1.2080567575219954,3.428159801620457,0.27402655147140315,0.9628535066567594,1.32413066732759,0.12989930901757374
I01278.jpg,6.850240334296105,5.135568521756638,14.980021928732086,1.1947516548108663,3.407112616209393,0.25939697709217424,0.9637078363740216,1.2954908477989364,0.13021959109512293
I01279.jpg,6.818889428701786,5.094656626557667,14.873256406296875,1.1885730013662024,3.422569454918463,0.25033594952093124,0.9667106421270643,1.2799571369970644,0.1343392913474952
I01280.jpg,6.837513899302898,5.193473619386567,15.191311149347001,1.1435992891018683,3.4550925288444234,0.23227915739152172,0.9653750168038857,1.2522297005769971,0.1304061006350966
I01281.jpg,6.857800376871916,5.277639829195305,15.522558793417343,1.065774528187171,3.5311060687686586,0.22098500633615747,0.9693056788001979,1.235037662135553,0.13135304663419595
I01282.jpg,6.876021157981882,5.274532952491343,15.553478958759941,1.0450663481121176,3.6058608510285435,0.2127537870031304,0.969645530916011,1.222237948656809,0.13298121866991536
I01283.jpg,6.846537845658067,5.111022764520603,14.990318055887494,1.0467105006577115,3.6081405339050194,0.21537406328850184,0.9693512431922803,1.2164254691267018,0.1296340338357539
I01284.jpg,6.862413788711261,5.1326611612365545,15.076952833387656,1.047582049909176,3.62347469810856,0.21416185781595223,0.9686853601790915,1.2156246096889811,0.1255553594714256
I01285.jpg,6.881590661785101,5.115766745831632,15.051754567615216,1.0586538784170767,3.6464552202400915,0.21142255383583947,0.9690821264472155,1.215382891472942,0.12599655963477555
I01286.jpg,6.873176662410409,5.079300006905627,14.90193125561445,1.0690531917484372,3.6612016092817967,0.2078432340648304,0.9689679188214555,1.217887462166324,0.12931577213455825
I01287.jpg,6.89676167327295,5.07700179293345,14.880505448470519,1.0738674085214865,3.6938795684431143,0.21171316312565555,0.9670854974718299,1.223818887022946,0.13049841866992817
I01288.jpg,6.89124524205793,4.946135092449061,14.490402080376526,1.0792608700854334,3.7126785725432767,0.214725810064956,0.9673456385242182,1.233470325405491,0.12606551904142418
I01289.jpg,6.888715848251277,4.872091631776325,14.246894548961038,1.0987209793241899,3.705970262382698,0.21658615526516203,0.967091828488584,1.2444711698125175,0.12873625191521407
I01290.jpg,6.919976967846568,4.89324861577972,14.20172690842112,1.117220976776757,3.7384426611282433,0.2167936045237845,0.9655495303621912,1.2602850667374872,0.13166485570802733
I01291.jpg,6.921086076891031,4.806823032380538,13.853219413289645,1.1167222237934726,3.7394691932152124,0.22135621285706306,0.9640753555140305,1.273596079210784,0.13360862369019605
I01292.jpg,6.941206054283444,4.807002693445988,13.795615067768425,1.1027278973268069,3.7443713154349005,0.22534412482133792,0.9580150899133383,1.2889588297153114,0.13043803620999686
I01293.jpg,6.931782911948077,4.703152766077628,13.49450346528207,1.1058017866447947,3.734871466264921,0.22958660011483847,0.9572801560397578,1.3073271060625529,0.13127146385353872
I01294.jpg,6.942160961190442,4.643999855551019,13.254720186801082,1.0985436663583346,3.7454755010637735,0.23446388458187015,0.9569326270767288,1.3268120755840267,0.13329384126300586
I01295.jpg,6.977542985756195,4.68329752824481,13.399764616933227,1.1285355565295596,3.7630250865846184,0.23478111771184235,0.958177800288764,1.3419983010099208,0.13985078412876614
I01296.jpg,6.971748102281519,4.54111837843177,12.903893312583959,1.142522162057043,3.749842712243569,0.24528924668225568,0.9524772221360687,1.3781319743503824,0.1391023057157293
I01297.jpg,7.004139880010887,4.46558505115873,12.454858440564864,1.1682978221024711,3.7658542450356784,0.24866717419224335,0.9485268025478067,1.396463466221272,0.13841809387893766
I01298.jpg,7.01631840646436,4.371042134067591,12.125248885660685,1.1869951932433636,3.7887783608663614,0.25497408489183815,0.9496960767580026,1.4081578977489495,0.1353733519702708
I01299.jpg,7.018576770977538,4.364149482654157,12.025702661790868,1.188153883454385,3.803711848510029,0.2570257405806495,0.9503920363593995,1.4183492501316142,0.1332175058292277
I01300.jpg,7.069998495001703,4.473780973297533,12.251665553039285,1.203061310246447,3.8377241359841623,0.25694637817205424,0.94749780512111,1.435345214584063,0.1350321274109592
I01301.jpg,7.093417871053531,4.494056949269786,12.207450990332608,1.21346878536663,3.8639504652375813,0.25768301809948724,0.9473745577382523,1.447064683995314,0.13423961820912345
I01302.jpg,7.11271665122705,4.492881161471927,12.22088313835676,1.2220811833321767,3.8957120147924806,0.2589881488376255,0.9485833623663821,1.4617279089226696,0.1297916178887614
I01303.jpg,7.152069632748934,4.573143124736687,12.38064958185262,1.237172069636974,3.9235948262676885,0.25717903994439173,0.9565314109344392,1.4772485152689727,0.13083408246809158
I01304.jpg,7.1959510920952905,4.660347244085579,12.534195872750296,1.2451675270479472,3.9435970498787225,0.2572988618210656,0.9564365831327192,1.4941342148005556,0.12835705557034677
I01305.jpg,7.206673736298877,4.662262339692027,12.461855402528526,1.2518411835648258,3.9715862504755166,0.2606087158321364,0.9533578960230366,1.5131105675979475,0.1245525511716871
I01306.jpg,7.2236951385575034,4.704528578668925,12.568951372447152,1.2519653167146338,3.998761769033362,0.26342147589496967,0.9550220979627468,1.53274824328239,0.12382319609602316
I01307.jpg,7.2264576037135075,4.7155027905269336,12.560459179660652,1.2603099441461418,3.9923111699651646,0.2658099298265228,0.9542075173102109,1.5418298388650715,0.12472259570947662
I01308.jpg,7.256467992382447,4.844638845084679,12.830559964206474,1.2621661225972218,3.999928663026653,0.2648709839104007,0.9568051920399459,1.564406244696566,0.1234835596615521
I01309.jpg,7.225954769733066,4.884476608299517,12.867973525270356,1.289595201532225,3.966323324709183,0.27361566410042676,0.9527407412666694,1.5991475657885266,0.1220336277357826
I01310.jpg,7.199958540920053,4.949045328536643,13.03100210771883,1.3193051981729265,3.952820676280308,0.2743891674245768,0.9563512238889433,1.6166131952630645,0.12288280707688352
I01311.jpg,7.2017986656827855,4.986138734332681,13.179266317278998,1.3493320983730275,3.93726894126822,0.2760605525725317,0.9560059428205969,1.628047257015549,0.12437064073267434
I01312.jpg,7.1906977466752044,4.974486896091719,13.076552742127683,1.3538022610352343,3.924202915636834,0.2820904461572239,0.9545198186437263,1.635782345752733,0.12407425478867282
I01313.jpg,7.206156282955471,5.060681098126274,13.33112707696378,1.355771979453857,3.9193913396438758,0.2869729090629128,0.9498677800038958,1.6447191732179731,0.12400352874735461
I01314.jpg,7.188381018641366,5.109039686772772,13.460099554777068,1.3473090963667924,3.881820894104273,0.28912786821631964,0.9491121841286319,1.6547685337013176,0.12369535245734252
I01315.jpg,7.158060037085692,5.086292371503522,13.40472004958862,1.3688763349822108,3.846169319196604,0.2954415629612615,0.9431894865598444,1.6635294582559133,0.12350686001355037
I01316.jpg,7.1378708726561,5.102824587710723,13.476700686631682,1.3601030927084166,3.822319507681079,0.2974262062953181,0.9465863010719735,1.6687537806149062,0.11607415660577733
I01317.jpg,7.14163539455412,5.145994234831531,13.628181967892855,1.3900655586627475,3.8194614765538253,0.2987177672260248,0.9450793836065368,1.6847013099182204,0.12117691371269865
I01318.jpg,7.13471484972745,5.191151558390869,13.737627008815362,1.4053817540796802,3.7993874023828678,0.2998508993447722,0.946906958443389,1.6946402048698053,0.1208663930198104
I01319.jpg,7.146577018963769,5.207675252723295,13.730331855699886,1.4130799666963583,3.80230780407323,0.30360864172521373,0.9459198884707045,1.6991834671139947,0.11949477025157001
I01320.jpg,7.169492589099524,5.263167424201908,13.874526356515636,1.4107265409389727,3.7921249256301888,0.3059381122294823,0.9452785302663897,1.7018843866463715,0.1221167534076019
I01321.jpg,7.1963115694734485,5.341006097986346,14.041188644624128,1.3826580770244448,3.800208568391766,0.3077602710680729,0.9460511121298962,1.6988711949588162,0.11620324342509193
I01322.jpg,7.20953635339552,5.382515611947414,14.128130617845446,1.3811759216754513,3.7980666206860105,0.31082472714555603,0.9423076332918953,1.7040936711387071,0.11779902222998336
I01323.jpg,7.210376092164847,5.374523481833493,14.049976994782645,1.3733633381825845,3.8047027654184498,0.31369596167984526,0.9410242450649932,1.7063461630686234,0.11652196807840237
I01324.jpg,7.222552827724629,5.415899784287096,14.13246267376957,1.4035943661215524,3.815700086074807,0.3111075526495706,0.941282646035413,1.716334410916827,0.1210014045711119
I01325.jpg,7.253875587839295,5.511263109684931,14.3611586175432,1.383911802290207,3.8355838103457978,0.3086810173839594,0.9434834560619508,1.7175738823827733,0.1187908781224111
I01326.jpg,7.290511112562659,5.624852630313109,14.513668865799525,1.3264700103632734,3.836799969463421,0.30911154998641394,0.942788590190236,1.7083193542348711,0.1105964991964641
I01327.jpg,7.327787755305428,5.712864935873749,14.594916268425557,1.317817344458212,3.8554852787544354,0.3078298948184297,0.9386436904838098,1.7100624937403381,0.10827019519088708
I01328.jpg,7.350727448113889,5.761181619645645,14.58645362276985,1.3115027461496376,3.866198548689221,0.3049090561294216,0.9371690733422092,1.7167193570757364,0.10614159320073688
I01329.jpg,7.336394951960258,5.6552085882439265,14.318419124522448,1.3410182000489814,3.881206071472228,0.303919177629398,0.9425765924966505,1.7332352152687274,0.1163462700749935
I01330.jpg,7.370509036633541,5.724564479937347,14.395287793641526,1.3186213003827558,3.88216647142514,0.3009788791289788,0.9409377930404846,1.7410428637563986,0.11577585422204285
I01331.jpg,7.378545737563518,5.700514053847105,14.251285631719783,1.2753652315294213,3.859765910850892,0.30032581332361885,0.9419667204155666,1.7465659611560698,0.11002053376782774
I01332.jpg,7.4037909243314175,5.787802011594303,14.485437349993552,1.254918220405962,3.8525455918680787,0.30042886844656685,0.9385820505757189,1.7584663339471405,0.11087151671802903
I01333.jpg,7.3383750049518515,5.562286249758309,14.119681130273028,1.226429383049927,3.8143871080401035,0.30595518944469935,0.9421477336382058,1.7672172872689444,0.11303591598955216
I01334.jpg,7.432773126744999,5.952621869707848,15.523061098180447,1.2371119477766113,3.799504850733346,0.305631331077541,0.9225236863012527,1.7720996772017077,0.11883686660757553
I01335.jpg,7.369026564354803,5.6880736008990755,14.958612735661358,1.2265033121885118,3.735528763310527,0.31595919875341777,0.9269098625340201,1.7692718386289745,0.12203093916194202
I01336.jpg,7.398651707119454,5.826696182240962,15.426832068560566,1.2097036249299935,3.698871119945199,0.32065500323680923,0.9174274966234092,1.7600646921496896,0.127672005704706
I01337.jpg,7.386448964714954,5.7690829222034266,15.25865231887257,1.2326108329281205,3.678444076252672,0.32342354696217573,0.9158791480812433,1.765065873462906,0.13149205590116728
I01338.jpg,7.359729793618752,5.6433547019235935,15.042283133312745,1.2338938069428673,3.636972508354426,0.3337499049712318,0.9105121803005898,1.759371092129475,0.13147919102625086
I01339.jpg,7.33520686520877,5.521035121403092,14.776977137047465,1.2200934105854595,3.5852585522359,0.34115115232400695,0.9124901361015216,1.749177273616985,0.1276611664374093
I01340.jpg,7.282742528442342,5.362117982675221,14.400054891643745,1.2157001464933954,3.527586165923144,0.35012967814044815,0.9080698004547094,1.7391191033334414,0.12851399598581065
I01341.jpg,7.256255238556863,5.276948034847062,14.335343316945915,1.2004616813697666,3.510970406180756,0.35725680998301557,0.9197194419052329,1.7270583282373166,0.13135629692827147
I01342.jpg,7.243744444398617,5.306292407739697,14.550000421130646,1.1585944702105597,3.463878145239709,0.36568803083990287,0.911570999505156,1.7045151123149342,0.13472321938734774
I01343.jpg,7.20382606518958,5.25462027915928,14.499311701885416,1.1325527764562286,3.394117351484485,0.37511213621037737,0.9026216022468707,1.6866386066154728,0.14037100428169408
I01344.jpg,7.104686759694401,4.973329324646332,13.947808440544257,1.107995834501304,3.317312736685435,0.3906308358319531,0.9156642514355701,1.6664141476941725,0.13928131245520192
I01345.jpg,7.032979718720372,4.7843781051810765,13.494819607908807,1.1212309157120914,3.2735163509304077,0.3999807728360708,0.9168234301413639,1.6514170492371434,0.1412345262404887
I01346.jpg,6.975683507481045,4.685774848351341,13.065136590087647,1.108420946655874,3.216929987957382,0.4066499839585733,0.9129113480899076,1.6292975047144886,0.1428484795970468
I01347.jpg,6.874992276150016,4.384579255619673,11.948583936527177,1.0935825265847592,3.1611400980559354,0.42107684225142084,0.9211739597750064,1.6137372855461467,0.1387858115255757
I01348.jpg,6.915986845992264,4.454564954952376,12.140764463768578,1.15557312438884,3.2416827432918756,0.4192077267566017,0.9242967049781167,1.6272035973019316,0.1382286428962422
I01349.jpg,6.91743404530714,4.438062284425826,12.141059079162966,1.1879894530722335,3.271394069952044,0.42157461583808903,0.9289754359247937,1.6313209350911642,0.1406486667348042
I01350.jpg,6.946024523121413,4.485569452033965,12.295359822378714,1.19479471370493,3.301294798530674,0.4152715787961466,0.9319316802488492,1.6309272720066996,0.14169679223405404
I01351.jpg,6.952252488305324,4.514099648159211,12.310054997607347,1.1857667677625168,3.3079779401324423,0.41006162806101015,0.9342145884667608,1.6235583845885542,0.1374153813175942
I01352.jpg,6.96337666479669,4.490448866096486,12.379845926810585,1.1602315496439126,3.3266492872624274,0.40752110238290845,0.9378372904697073,1.6154967931235995,0.1271818605808365
I01353.jpg,6.965837593308736,4.456045217318851,12.376804062399131,1.1491790710589707,3.3366682159984595,0.4048161022666281,0.9397322933236073,1.6059331748032988,0.1193332162057504
I01354.jpg,6.9840611180317245,4.481910769206685,12.43109192985988,1.1456563133473217,3.3607898531894413,0.3988660704640661,0.9410546245049083,1.5936326428442182,0.11996915337722228
I01355.jpg,6.974538911585622,4.433489133036313,12.336707937902155,1.1652477289687433,3.355786789855584,0.39381522895100257,0.9413963958914765,1.584772675670824,0.12424145396026891
I01356.jpg,6.987611590021363,4.440598844412797,12.385753646119115,1.1400193402543024,3.3522860656697926,0.39357358224519323,0.9423237867141678,1.571581029642605,0.12165695246363177
I01357.jpg,6.9809900063893995,4.424672040363751,12.416158776953111,1.1225993381438437,3.351558173699271,0.3910298676295496,0.9439399421089064,1.5543369965512797,0.11944555886660951
I01358.jpg,6.978049137541189,4.405906247172699,12.371536577135913,1.103763680153326,3.3344889775599054,0.3871564720236751,0.9421885143550757,1.5361298764609335,0.11912726599801161
I01359.jpg,6.967378195986815,4.429546491542247,12.434259726697862,1.084815917298716,3.3051588251175765,0.3825010657942758,0.9431181952622973,1.5169064787638833,0.1139700636038475
I01360.jpg,6.953777464162097,4.436378538135875,12.518995370956855,1.0583431323989343,3.2737777045284195,0.3775384588684504,0.9439160595988154,1.4995490822406348,0.10778087566215559
I01361.jpg,6.9294650890529965,4.404778249369447,12.537921644621434,1.0375181189465332,3.265788964873071,0.36875524260632725,0.9448921725993025,1.4857198813228667,0.10425280364219673
I01362.jpg,6.91473447980177,4.433363261222931,12.624994539893986,0.9817615948726005,3.2379586620984986,0.3588477443101807,0.9467668095290077,1.4611497334993153,0.09746579018149938
I01363.jpg,6.900140937180969,4.403500769222951,12.64841972129635,0.9656173171669029,3.260849157618822,0.3458992762390754,0.9463187427311535,1.4471846202301766,0.09469271865735603
I01364.jpg,6.888677479591888,4.389915944588573,12.583715988857794,0.9568416734281446,3.3232190973702336,0.33192188799795475,0.9475998565283774,1.4425167164609574,0.09677888173393222
I01365.jpg,6.874834800605357,4.368685147233873,12.551161842751497,0.9572104887586452,3.328877756974323,0.32311089122420017,0.9464101737966768,1.4517906361903874,0.10118998488605299
I01366.jpg,6.862740556003071,4.381711547867678,12.509211067034077,0.9286307850499164,3.2934728524652304,0.3162176001904306,0.9452585050651223,1.4554296283279313,0.10386827630757106
I01367.jpg,6.846883286178939,4.369732696603358,12.473314652945005,0.9008074651335265,3.2728566224824456,0.31512519672059436,0.9432064829614595,1.4491273880089888,0.1089101585030376
I01368.jpg,6.797359924473674,4.2808209608778665,12.182304699609086,0.8656870098603244,3.2402308093233962,0.31977460828031756,0.942976820528275,1.4353642872632437,0.11464867618463451
I01369.jpg,6.798736803175149,4.321914226531681,12.256435259471159,0.8538335168981683,3.226511151716057,0.3106594533051983,0.9430059595512704,1.423625217796503,0.12022718672820143
I01370.jpg,6.77553751060156,4.324634560011944,12.270782565892517,0.8364393970353862,3.2181743830892247,0.3104125635370112,0.9430595353774915,1.408596846324893,0.12305891206085544
I01371.jpg,6.764042720245358,4.352326221045016,12.361964564427325,0.82053107768539,3.208391101856555,0.31677592791216985,0.9402768113075416,1.3917376846014513,0.12439677243949415
I01372.jpg,6.767845823277142,4.364942275513669,12.333125081045187,0.8203434832480909,3.2119497547701394,0.3093567546704291,0.9406423504166748,1.3827212272098661,0.11834771755455524
I01373.jpg,6.76507902774075,4.32940070905746,12.299489866673014,0.8195196713217577,3.239020740927392,0.30626989041166736,0.941921317366082,1.3815572050088343,0.11468995961817285
I01374.jpg,6.770210809969679,4.290856762470701,12.240789104145078,0.8344476264349463,3.2806526520062786,0.3012478857007567,0.9437182432420368,1.3865316442808056,0.11758890694949921
I01375.jpg,6.781189743489972,4.3092155298222306,12.317885380417291,0.8280183884699583,3.301428713878668,0.3007975978069451,0.9431449689897642,1.3874286874249755,0.10687150616885344
I01376.jpg,6.78294877609481,4.338397268582077,12.368628905618518,0.8295212405594882,3.311412071434329,0.2997604391433009,0.9430883086951207,1.3939573641088019,0.10619968679599369
I01377.jpg,6.788035900194645,4.364946865246534,12.410300093344347,0.8182712630845258,3.2959635075952614,0.30067042153278367,0.9411567902820971,1.3977608568432038,0.10386177256658972
I01378.jpg,6.784871780637871,4.348258124160153,12.339392846036775,0.8247967461632754,3.2972639307021794,0.3009279060386363,0.941547137543182,1.4039016070235384,0.10397804566627857
I01379.jpg,6.796674599578428,4.404307116151355,12.433660359140852,0.8068582572635568,3.275515605550408,0.29951514139031643,0.94009684290946,1.4112940205267819,0.10310609755849173
I01380.jpg,6.795110733683184,4.409936818680982,12.462801267820028,0.7839253914331322,3.2641036402749206,0.30164485239577,0.9393766611650688,1.4103726336685298,0.10006778432968487
I01381.jpg,6.797661073472271,4.412144455708061,12.451665743161104,0.7802351188475776,3.2587189609973524,0.3015948615405631,0.9398458053255702,1.4144297071024745,0.10024597521391249
I01382.jpg,6.804029640854216,4.426547183817951,12.441387706511097,0.7737112346789778,3.2687488480347824,0.2991553048722103,0.9396687373450625,1.4213138514270887,0.09602667264301547
I01383.jpg,6.797475360565495,4.454246053298913,12.548995277530794,0.759464144934664,3.2420579199258537,0.29826384664405287,0.9402496994498721,1.4230599561618897,0.09597912663965309
I01384.jpg,6.807230310370917,4.501835097866366,12.671993204098,0.7525930353960061,3.247869254480989,0.29572229301457376,0.9415360398998437,1.4241479104797188,0.09378228593271234
I01385.jpg,6.808776278713273,4.557447989089208,12.805647378380048,0.7410331031512545,3.2467967853215796,0.29699158011249593,0.9400846749728872,1.4226951164435229,0.09047754745136212
I01386.jpg,6.810060255539079,4.599469517175032,12.893807056748859,0.733234366976019,3.2518789094116953,0.292092147281228,0.9426069903475619,1.4189279558511623,0.08720078388372757
I01387.jpg,6.807967584005962,4.65694832250564,13.021206073096272,0.7197935192171973,3.2459845121584543,0.29018091913142047,0.9423379490393172,1.4155858774325427,0.08636421321695392
I01388.jpg,6.803426463975246,4.689119841650518,13.113846801803675,0.7148365779417758,3.2223682932036946,0.2843055158381928,0.94336122777488,1.4156723774560571,0.08717321209525601
I01389.jpg,6.8016202059642765,4.794527679995217,13.345416935647776,0.7070925047559791,3.2067743961518023,0.2826384151616422,0.9449202720571381,1.4049126294588627,0.08091117290934172
I01390.jpg,6.78796106766031,4.81109309027252,13.391715777695861,0.6885128364080035,3.1859868875529473,0.2800460436073259,0.9445912722999098,1.4041205824928273,0.08190158940194506
I01391.jpg,6.786085057755507,4.896652998912944,13.580221321906384,0.6655236437533181,3.1677409567974104,0.2790848370536096,0.945365416337321,1.3996822715271997,0.08141094873644962
I01392.jpg,6.764985009966403,4.88987171896726,13.529772680075219,0.6470418024116307,3.146504725443221,0.27698351362605156,0.9464223541380714,1.3974174872267382,0.08134107519534085
I01393.jpg,6.778118329711481,4.974445166375096,13.677152167815075,0.6413245723895151,3.140712802262739,0.27873979239978347,0.9468030031027093,1.3927320495331754,0.08116228437059428
I01394.jpg,6.782307834696043,5.035203912049132,13.78958873037703,0.6378305035914587,3.1283393716452776,0.2798703512584547,0.9447845712190861,1.3836155498890936,0.07904417612699173
I01395.jpg,6.771324334208232,5.022320949736688,13.82356822976402,0.6428573334472294,3.1210792448057214,0.27404949655260413,0.945084599219613,1.3839662467838951,0.07827606001282779
I01396.jpg,6.738107520345336,5.011255017703758,13.830614840372972,0.6370026970827951,3.095801371653172,0.2724285563170609,0.9469994227562879,1.3657626747010152,0.0803349286777722
I01397.jpg,6.737512946240638,5.048241502312484,13.925885977024876,0.6359674181054845,3.085315345366045,0.2692984428400445,0.9475405405291114,1.35380398466795,0.07952196237648275
I01398.jpg,6.719555765742916,5.052393337946995,13.928444367552324,0.6206911456221438,3.075263739031389,0.26739919970338644,0.9489331666809127,1.3384919783719365,0.07916984642166752
I01399.jpg,6.7073435399296315,5.087507076552994,14.061259749229233,0.6277274244110473,3.061383711269782,0.2623911678490813,0.9498406955567975,1.3332784947698837,0.08203002309289277
I01400.jpg,6.6877497520953995,5.206006860410969,14.371757413481513,0.6227892336705242,3.0358442255046416,0.2600090033808135,0.9515760568075449,1.3174399417529659,0.08076170588578804
I01401.jpg,6.686881865583559,5.261949782305471,14.510805642422367,0.6166974262315659,3.0288526047374638,0.26091386891888796,0.952628790106498,1.3059902619674673,0.07750148684531241
I01402.jpg,6.702141472595591,5.3588485574552704,14.792909710265874,0.627418735819486,3.0542977952167476,0.2535303606387392,0.955823815130399,1.3024489606893035,0.07447380905594429
I01403.jpg,6.656000192522829,5.229943135255103,14.442439843303864,0.6172499044702124,3.0638821224895922,0.25357877475557045,0.9589267829975469,1.29604413438323,0.07311813979155826
I01404.jpg,6.684254339782594,5.345344729615416,14.716134477864363,0.6170392524262168,3.076693813377836,0.24960641806364528,0.9592857432164192,1.2908310561456466,0.0743914531491847
I01405.jpg,6.723602610217617,5.5271697536291375,15.246770189961222,0.6251989711491595,3.0873353416969893,0.24516080185141584,0.9602962940480114,1.285782372986532,0.07655971631757058
I01406.jpg,6.709314896165145,5.525975591067465,15.202199273299177,0.6288055890616028,3.097320731986085,0.24435844171750568,0.9589629113478115,1.2809116256602144,0.07431926826355895
I01407.jpg,6.731262209899297,5.622091624711875,15.447188255472255,0.6289392734262303,3.115839360861419,0.24428082984228658,0.96065643390052,1.2736626237606132,0.07437054065715853
I01408.jpg,6.752830579550281,5.712602990445182,15.722515799442707,0.6276168393986925,3.127378231471238,0.24425529877489052,0.9631254418359932,1.2688672603462405,0.07700337271418957
I01409.jpg,6.69458150614308,5.459294598910162,15.070940804747263,0.6181664663460935,3.143574813120238,0.24734133514544102,0.9632713950676269,1.2649989781444422,0.07413137804027184
I01410.jpg,6.752796568263113,5.690705146804378,15.690038658739661,0.6305567604735485,3.1522155913925,0.23927154665383935,0.9629041697258379,1.269734895094105,0.076321843704785
I01411.jpg,6.7510493054914225,5.706663643436893,15.75510927087638,0.6260483281633129,3.1508255273030796,0.23989014170848014,0.9626053380040226,1.2653007698574166,0.07516619877329775
I01412.jpg,6.782528926222767,5.822273090928248,16.093578311477128,0.6160080837085555,3.1663981336526286,0.23639732381343545,0.9654691471398613,1.2636855007851402,0.07522913538331942
I01413.jpg,6.781483644316989,5.8431896274226505,16.115934524197947,0.6081027000674053,3.2154889905621253,0.23513051805101362,0.9670738849509887,1.2594102961787152,0.06990196729096189
I01414.jpg,6.807721253362914,5.961499369257848,16.395843454913784,0.6069725082252874,3.2523755417801534,0.22834037921640274,0.968179877067848,1.2628235282830418,0.06769562740119157
I01415.jpg,6.860849530350468,6.189023614969912,16.97031090480909,0.604708652212441,3.2948863103504014,0.2245865727158185,0.9691698073982951,1.2623258816086347,0.06627148810273599
I01416.jpg,6.877240049263782,6.292408507954407,17.142442723384256,0.5964982532522107,3.3426137931833404,0.22275207011656445,0.970466702911293,1.2674541453148616,0.0622014534991965
I01417.jpg,6.850066988272212,6.239895792229049,16.914980326216007,0.5928911736308448,3.37863049091468,0.2207318395645533,0.9716338699229895,1.2745341728823834,0.05827195662685211
I01418.jpg,6.862893578872622,6.3188391082381585,17.01148509096134,0.5876971299497935,3.4128505683175243,0.21887295318901542,0.9726716222067252,1.285473444685845,0.06044904208671294
I01419.jpg,6.9101356036923125,6.51702955249959,17.49791041446232,0.5996104815195831,3.4641548531486217,0.21705446564267641,0.9730722502922566,1.2904126030108363,0.060637894588331936
I01420.jpg,6.943058009504994,6.607977927676389,17.684584132271038,0.6082100261993509,3.4861686350577314,0.2163674004598292,0.9733618698116941,1.2959336788808822,0.06141978523229051
I01421.jpg,6.962412244356305,6.6136733304405055,17.669099415141588,0.6138504306783219,3.503784638531954,0.21528896123471986,0.9739083459212677,1.301601257749276,0.061149765717441594
I01422.jpg,6.968491813428016,6.577129652507884,17.514658601622028,0.6328150836824384,3.5516478455146556,0.2158709223370921,0.9745046672058887,1.3106862887569228,0.06197007109394358
I01423.jpg,6.985626586544939,6.584088099846636,17.4916524208482,0.6512535014637106,3.608408626905323,0.21556222380860296,0.9730809758828775,1.3204872872690523,0.0635228222314757
I01424.jpg,7.006984750526952,6.591481088657375,17.474292655184062,0.6648504483717406,3.6446645449505466,0.21577197538095494,0.9753836450748623,1.3334996860643247,0.061272557884475005
I01425.jpg,7.002920455078585,6.473007559698203,17.141488770083594,0.6768609398433433,3.6796056253594367,0.21902533288310222,0.9746155224725416,1.3491730065343377,0.05773796549783714
I01426.jpg,7.063129070011008,6.672572562414135,17.59121927868516,0.7096488000000973,3.727250231924946,0.21717182296915225,0.9756841575998415,1.3737858329343162,0.058792487910170804
I01427.jpg,7.067107659583436,6.653505368215587,17.519814587668286,0.7266502400044492,3.7353617926418683,0.21837202234119157,0.9762963866930383,1.3848586006911796,0.061983024867415595
I01428.jpg,7.07615736972624,6.690304657042007,17.66436771136054,0.7490585679321631,3.741653364411907,0.21923446986712816,0.9763816432532296,1.402713202409143,0.06191335705660978
I01429.jpg,7.087142325493408,6.603246745596728,17.434034461306975,0.7561255898997636,3.7221215049261343,0.22180847993660413,0.9744078051523404,1.420234138695716,0.05740154207257209
I01430.jpg,7.074117908352718,6.462113262558243,17.049129735998314,0.7381668101007344,3.7226169075619064,0.22751348598444018,0.9753597934514291,1.4388282324167583,0.05446291628393011
I01431.jpg,7.029607396162365,6.253100097963578,16.559987785795204,0.7367105171485606,3.7135331376384415,0.2340152062592877,0.9727625428106066,1.448149835068426,0.05126219765883709
I01432.jpg,7.010372015866816,6.171371610767773,16.470539653289695,0.7587833828478381,3.7038185222486293,0.2380305549162549,0.974181958963498,1.4577354510441238,0.057028429997112405
I01433.jpg,7.037245821565951,6.391477266891593,17.090067419754806,0.7727594202860598,3.6737006451059484,0.23539922930211254,0.9755837281097032,1.4590994619323094,0.05604062389595276
I01434.jpg,6.982394548618564,6.167453781938465,16.414700788037056,0.767058698332926,3.6213227503393672,0.24115851391198861,0.9747400085326157,1.4621707015704266,0.054143680889561854
I01435.jpg,6.975940842534964,6.172245817519954,16.4094556858801,0.7703078054371035,3.6141877047594706,0.24376246116856146,0.9741500078872424,1.4748169857950606,0.05570804496329877
I01436.jpg,7.0205358870473535,6.356634512103238,16.927400487224904,0.7774192381341072,3.5933899403659804,0.24452689680760326,0.9748050593727913,1.4846759817878477,0.05781944358545265
I01437.jpg,7.019930760579337,6.385270621763217,16.986716714256236,0.7694945265846407,3.5864303513020097,0.24829242083503675,0.975264135964783,1.4957147927771202,0.056797066732926144
I01438.jpg,6.9840614838535275,6.24214904350793,16.53260574428842,0.7616982153472127,3.583453041996892,0.2548193005564116,0.9749054071579124,1.5054801492566035,0.057887329116073784
I01439.jpg,7.014450248974973,6.400274011638072,16.924842423311407,0.7712143373040419,3.578569777876338,0.25266189161113156,0.9751849108561006,1.516712869161072,0.058294453011009356
I01440.jpg,7.01200081619826,6.4139846819802875,16.906810522221917,0.7592943945899322,3.600017353621281,0.25588921090667155,0.9744009457918703,1.529617142075497,0.06171031625404311
I01441.jpg,7.086138930231217,6.756848778879164,17.745653724305036,0.7634756201015385,3.6142033144700827,0.24987933801963963,0.9744549443789269,1.5479101603941219,0.06298636717560827
I01442.jpg,7.056930347679261,6.709918861796577,17.572672983479595,0.782121588167131,3.6040734591483377,0.2510552917136609,0.97378008218365,1.5686200197491116,0.06285030035381955
I01443.jpg,7.0246619471048,6.623615755083362,17.391519953673388,0.7957487605553986,3.592884656174129,0.2558550797208769,0.9756669380097177,1.583904637902596,0.06230754980111565
I01444.jpg,7.013659160047656,6.597372483627337,17.250610958205872,0.8363513308279269,3.5909851066050953,0.25989713084596333,0.9748993106726832,1.5981995303973797,0.06024803720710991
I01445.jpg,7.062049752936247,6.840203212368864,17.835286852412636,0.8607606554108608,3.602037884399561,0.25439879551513506,0.9719307427291269,1.603351193009348,0.05696975900177883
I01446.jpg,7.053226688140849,6.7909874919586315,17.602735467985717,0.8661249440723371,3.609074127554986,0.2579634952581563,0.9724639247259006,1.6049893206790036,0.058830826232154854
I01447.jpg,7.056789084074996,6.798578372787527,17.625470199540832,0.8777889898690396,3.6184883528278378,0.2604927095860993,0.9742167200007136,1.6103061430681072,0.06494174253695816
I01448.jpg,7.0748863594365305,6.8560247832262355,17.71852748675859,0.8879617411099147,3.641012864654809,0.2586471791547668,0.9731664940507988,1.6123276585010506,0.06522233523179584
I01449.jpg,7.071863316299097,6.827193446658785,17.553592657803087,0.8966704258168656,3.669085292191931,0.2586668792230553,0.976035954372604,1.6121582229723532,0.06682782427459426
I01450.jpg,7.13482471543317,7.064442996635716,18.09970513517809,0.9080352884224518,3.692840443932372,0.2551967337455617,0.9749911280531256,1.6068917361839268,0.0656321500362671
I01451.jpg,7.158270297003856,7.139697876124899,18.200671566337498,0.9308917459349092,3.708941951725448,0.2525569544696739,0.9762164060704253,1.6033024776730989,0.0635848870971347
I01452.jpg,7.1433188274870805,7.050213319432254,17.821654854142924,0.9390746594798332,3.727229291600893,0.2551818879249549,0.9766525269489895,1.6010100790117772,0.06260645569543212
I01453.jpg,7.183213901479473,7.207076491446109,18.153355102310655,0.9434705876382954,3.7408988700581935,0.25211454450978454,0.9766825186344097,1.595131717635551,0.06282247199216766
I01454.jpg,7.19799451987304,7.27587923843041,18.21705199684851,0.9286521984076939,3.771555517095134,0.2500776039542414,0.9765658583788562,1.5875444845513074,0.06478681880507074
I01455.jpg,7.240014152801563,7.503947150173196,18.805074343868768,0.9390349463310554,3.786495973955427,0.2448066660409865,0.9758244144593432,1.5854612586631216,0.06448230037772579
I01456.jpg,7.241580087213064,7.548222440249331,18.859150435453312,0.9255669520620289,3.8001758814079505,0.24327194373042244,0.9770271105007685,1.5731380205926793,0.06612324458460742
I01457.jpg,7.211155183813008,7.472818882797994,18.632151295200856,0.8889399829782975,3.788470488554555,0.24589949794133786,0.9767857730534953,1.5572364779037782,0.06538797303411566
I01458.jpg,7.179979761680758,7.433788805859939,18.504601640206825,0.8607151160166749,3.764518524835817,0.24884363988774152,0.9774246133710353,1.5366104182351288,0.06783826031042832
I01459.jpg,7.18673913024446,7.575355718287627,18.827460909897688,0.8506974600289583,3.767286435102107,0.245398084366284,0.9780570901488267,1.5159753158663989,0.06840068022837202
I01460.jpg,7.15543496391586,7.566982242995886,18.749153167151153,0.8425175400252105,3.7510953459305476,0.2511339063669921,0.9775214727984629,1.4876931375162181,0.0641794017301577
I01461.jpg,7.121124540545876,7.579309367711658,18.735229067475647,0.8696621543061399,3.7486733326638437,0.25118804844946585,0.978485636426261,1.4614103115914439,0.06459514754783963
I01462.jpg,7.169185349025385,7.914726818533869,19.6432723727439,0.8928494641966529,3.7511725447999615,0.24481954602126052,0.977620792572146,1.4431385377045487,0.06442065102089946
I01463.jpg,7.138777679966955,7.829619198277762,19.4125789899028,0.911122999866373,3.743792075690284,0.24381459283376541,0.9783138858062083,1.4374654740854302,0.07717799158289068
I01464.jpg,7.128171210162154,7.863216270693724,19.443580396301783,0.9035878912283218,3.7221944294508473,0.24256645909163996,0.9775818140253111,1.420122782421236,0.0728785223967643
I01465.jpg,7.175544097804872,8.048721130225468,19.84912145534456,0.8867002596704991,3.7399396626101944,0.23939238370180432,0.9777441058267194,1.4093969466444665,0.0683526181172131
I01466.jpg,7.15200520840073,7.850683316191046,19.27541731383653,0.8748099285518472,3.751114021944192,0.24291946913118187,0.977466535054931,1.4052068346188213,0.06753177880441379
I01467.jpg,7.203027244072288,8.039369097824812,19.621170164581187,0.8784126776284917,3.7693838553088397,0.238276501102084,0.977930456794094,1.4068075510083515,0.06461625510883179
I01468.jpg,7.238739090580857,8.299917937706551,20.30792972717607,0.8627047121268611,3.7595331656334645,0.23643007761050913,0.9777135923543337,1.4033740687498353,0.07201550653113431
I01469.jpg,7.217080690450883,8.205777206645497,20.029140841362548,0.8536941700519649,3.743405375686053,0.23734781450249884,0.9785464863120704,1.3987410717817255,0.07571843182077545
I01470.jpg,7.217832257514343,8.163959790074047,19.992622337168946,0.8104897106139592,3.735955639053949,0.24164417729208504,0.9779172741289917,1.3953057219693537,0.06804713833913675
I01471.jpg,7.238574892166495,8.230769098348325,20.134131636109764,0.8116635344762867,3.7495594222175863,0.23983285893047107,0.9780537484753941,1.4028844611234599,0.07176633955622339
I01472.jpg,7.280723991372727,8.389909592684846,20.505531519974472,0.7652585948271282,3.760950209642896,0.23951624017677617,0.9772930778279644,1.4101377590170843,0.0719109264453766
I01473.jpg,7.289043552903449,8.395143470391371,20.49487882888758,0.7219776151708206,3.757754831114967,0.24465570158119537,0.9763007627272068,1.417259909015594,0.071422712890788
I01474.jpg,7.296845041384771,8.460920569070462,20.706990182109056,0.6830165956854005,3.751616515959903,0.24279173032145077,0.9758591015088368,1.4254653341588543,0.07190526633600043
I01475.jpg,7.283296262462257,8.363595193152078,20.62297969903153,0.6825860719260195,3.737901462165256,0.2501424715554238,0.9757553666805654,1.4135270661032924,0.07367693371696478
I01476.jpg,7.285462044597955,8.268075652422837,20.43410019992053,0.6522049656590208,3.720374552805321,0.2575054189491524,0.9748609945644906,1.4070504614178416,0.06461882101465088
I01477.jpg,7.321627535998691,8.510982843383408,21.042487365086,0.6457570046864121,3.722665409788389,0.2542080136063397,0.9714684420536713,1.4262283848584179,0.05633265381523602
I01478.jpg,7.296412235333519,8.347396073309568,20.667937703047656,0.6721876696785264,3.7145476781736257,0.2551778084851159,0.9750549374803761,1.4429724008707892,0.05888111393119888
I01479.jpg,7.257278308874481,8.151872411437735,20.30924747715275,0.6884107323320555,3.679688460133787,0.2649661207753254,0.9738624454219313,1.4526302752690219,0.05768360979624121
I01480.jpg,7.250153657326192,8.071963162361607,20.28811620909456,0.7229092070212393,3.6703035987930095,0.2708988109872641,0.9735109957264587,1.4440043050421356,0.056762292523566134
I01481.jpg,7.229862581612727,7.865652569049769,19.91571355603606,0.7374154644348335,3.6577699507173076,0.28052479274563774,0.9728321414084021,1.4258058259245852,0.05385506970481171
I01482.jpg,7.231137646497036,7.839659167985598,19.917521030366657,0.7694578496491545,3.6472339780987495,0.28137046370324365,0.9723130940490663,1.4083579625753815,0.05446904439263547
I01483.jpg,7.222839711072078,7.7888139179812095,19.92100322487033,0.7987470993651773,3.627783340912118,0.28544579065715336,0.9718290761187155,1.3951348699289294,0.05618640457803067
I01484.jpg,7.2237780291648575,7.725979633896383,19.870563076087812,0.8105698044134585,3.610109841209277,0.28606102948649925,0.9714992099199664,1.3927122399590184,0.05590126648232785
I01485.jpg,7.215955827753662,7.704068583069234,19.86337949532985,0.7956723781184167,3.5813376070795937,0.28827227031036445,0.9682857449052108,1.3949750697561252,0.0595019749602346
I01486.jpg,7.174865348686757,7.503732643481612,19.361281512692425,0.8003443658727509,3.55246452173885,0.29130391145284307,0.9711346317213804,1.3968112180588608,0.0604074510092979
I01487.jpg,7.168226793517892,7.4397921320110125,19.242696602841807,0.78689184110879,3.5395330571257118,0.2947296746000026,0.9709297819755295,1.3982760758657211,0.06456686052831805
I01488.jpg,7.193328529853051,7.531310119964661,19.551176795608423,0.7730452360364911,3.5195253933110893,0.29397707655694805,0.9693413521306441,1.4125524630380397,0.06612269484117095
I01489.jpg,7.209172682305411,7.617669301741375,19.731760471978404,0.7464202704623688,3.5546143342917667,0.2907460794098261,0.9706905533379099,1.4334528894811944,0.06144153194790903
I01490.jpg,7.209854817628257,7.591498053843678,19.584028200020946,0.7444207117325997,3.584040404808384,0.2903389598580228,0.971738946110893,1.4582006402975687,0.05890784247958118
I01491.jpg,7.206955444630436,7.643093846302416,19.735616970489733,0.7313183304420264,3.598116269392153,0.2919384458501947,0.9718507351411467,1.4713790414571264,0.05466303535331615
I01492.jpg,7.216298939471734,7.739221002762524,20.00741858428675,0.7475176450083103,3.580484532413261,0.2949100789672106,0.9704218124041754,1.4800774699510386,0.05357696864575364
I01493.jpg,7.223004597137806,7.8599438665764305,20.324139199266877,0.7785193112897505,3.5754198813337648,0.2956948908678543,0.9704404290489697,1.47866005071961,0.055447969104671584
I01494.jpg,7.223930375872126,7.868158545321179,20.31094036244661,0.8100375858457793,3.576143003687655,0.2919034952526058,0.9677938443988318,1.4887909768853553,0.05909326217911641
I01495.jpg,7.243011992275644,7.919336240658362,20.451745200353834,0.8393136697493935,3.5876321027221625,0.28888545169442426,0.96631495761785,1.4863908264986208,0.05843915832031177
I01496.jpg,7.24489237717821,7.869707014816996,20.210650008708523,0.8445070230794178,3.602954020092635,0.28960737678059034,0.9672553940827414,1.4761713277446675,0.055498259148202944
I01497.jpg,7.240469209067481,7.846798343956475,20.11830816767185,0.8701769457503251,3.608445371176323,0.2874678936525888,0.9702702702596099,1.4692555770856397,0.05518750802035166
I01498.jpg,7.232234182405717,7.744721554136816,19.7958452761199,0.8837800503379285,3.634524873077478,0.2867563404570736,0.9706064776738131,1.4629641030727285,0.05824429059796871
I01499.jpg,7.272087044846543,7.944590885029921,20.175262256234568,0.8917286211736509,3.6947679305119125,0.27854996540800847,0.9691036743810104,1.455770274319415,0.058622736090235175
I01500.jpg,7.265882676007746,7.945961578138247,20.08606291454009,0.8988072374106472,3.7119486736070204,0.27366336266684854,0.9722540988433342,1.4469659605875682,0.05803457947094016
I01501.jpg,7.263946362295016,8.026266836366107,20.22530758206697,0.8892129148548965,3.730304252451769,0.26900798089094924,0.974087535799633,1.4307677089669344,0.055790726656806136
I01502.jpg,7.253708601987864,8.03416021650708,20.230483363178525,0.9205687711957019,3.721224694615006,0.2680587212178852,0.973183353974133,1.4353168809288013,0.06126524767268438
I01503.jpg,7.242412303206738,8.028977829415284,20.16892129067422,0.9219266766028849,3.7253470227726826,0.2630409548964848,0.9735911205319767,1.4267741891922507,0.0646136435011809
I01504.jpg,7.2410368790604265,8.081929138007215,20.274305719961674,0.9337091781841422,3.7079849801064215,0.259466152374503,0.9728218399079663,1.4218339251436602,0.06453917818246074
I01505.jpg,7.232864722679467,8.072763237252367,20.213338272478573,0.9394044200042568,3.7130931028066176,0.25625852324743514,0.9718337741365579,1.414854651972098,0.06695921847256633
I01506.jpg,7.232671243641833,8.0937095115186,20.262722189755642,0.9321451899250272,3.709437143910885,0.2565429716166551,0.9724450723960426,1.4060746907297146,0.06772443241326999
I01507.jpg,7.2294166573864445,8.119825356172752,20.303601746304743,0.9227219401551108,3.7004237333869456,0.2509399513118956,0.9735015904026718,1.4030238270211868,0.0682677485278689
I01508.jpg,7.219336066196527,8.122398682551829,20.273311367386917,0.9191315329109921,3.7008999392774835,0.2487884463476012,0.9738050359646677,1.402651654616729,0.06736094378663675
I01509.jpg,7.205636421931613,8.127330517979576,20.28448520602703,0.9094234814538629,3.6900333500220723,0.24787644990849825,0.9727110297930106,1.4037014430964636,0.07159693183021952
I01510.jpg,7.193006202592556,8.072691625471641,20.148080404720893,0.9156150426126108,3.6809843019935227,0.24517959006903858,0.9726445466683661,1.4121406754242547,0.07807413304293101
I01511.jpg,7.1936906372223115,8.108248084726068,20.22697530587581,0.9039494341621337,3.6720821722528845,0.24539805690565128,0.9707696879690144,1.4148308891581183,0.08104000508805737
I01512.jpg,7.182052919231753,8.109415195397608,20.20578225761519,0.8758235928290314,3.638112234672203,0.24709276720082277,0.9709027077282815,1.4126220322565526,0.07544053751283
I01513.jpg,7.175090661113798,8.097988439654872,20.2118077415498,0.8750834824268929,3.6192834887678513,0.25077299404240233,0.9706281454134882,1.4122577739702984,0.07871562571020348
I01514.jpg,7.190630258051982,8.192134827129548,20.385591346802368,0.8662815679282005,3.61009041924429,0.24748380775615023,0.9698171426402604,1.4093445264800488,0.07855493481961617
I01515.jpg,7.172481021604893,8.06864712483461,20.145343131290936,0.8500090225539634,3.600171324171201,0.2487076458022216,0.9689063383910541,1.4128586304008393,0.0791009387592019
I01516.jpg,7.174519866932415,8.067537874563731,20.126753288016094,0.8341595155200727,3.601930662937357,0.24671537094801693,0.9693876953825762,1.4119382049192155,0.07528937418253849
I01517.jpg,7.189230797266325,8.129129585124774,20.32353998627034,0.8328419665909229,3.623724702783071,0.24418803579122975,0.9684050311767279,1.4132785085543607,0.07674413680724014
I01518.jpg,7.1945660936463876,8.123590141541577,20.238909302501998,0.8142077711914151,3.5970462770318448,0.24358772484887734,0.968101769568496,1.4124536329913353,0.07827953172178047
I01519.jpg,7.225699651279229,8.301778546184643,20.711335196873595,0.810627527902499,3.6148214576645685,0.23908007806340625,0.9671528776656056,1.41179389323073,0.08057152287694806
I01520.jpg,7.258275459593051,8.401285940188142,20.98468892115504,0.8170176746215239,3.6384292018821744,0.23378161176897835,0.9670964191565752,1.4083205289254952,0.0810293890545264
I01521.jpg,7.23410218253562,8.207895565334532,20.52068801580875,0.8151821269897969,3.631234968838628,0.23455821380219194,0.9676370571671233,1.4063025617446179,0.07575046899825967
I01522.jpg,7.257765859971625,8.260236533438347,20.671476526586478,0.8015474323092007,3.6363714651045473,0.228886067974885,0.9691408654381116,1.4031807207691727,0.06545684592718062
I01523.jpg,7.266411153849983,8.264088738755332,20.668618464127842,0.7974755421576833,3.673865276283848,0.22437440407197798,0.9706285919532794,1.402270837523085,0.06155513465603816
I01524.jpg,7.2678709614509165,8.188728500613133,20.443620163565864,0.7998634517407408,3.6974117085178637,0.2223871536958087,0.9718090680015343,1.4048265110141132,0.06102777600516749
I01525.jpg,7.2831182125870875,8.259985224247528,20.646248709736927,0.8103122829786302,3.71041721623749,0.21812423281566665,0.9719145376915578,1.4099224251862523,0.07038164249659697
I01526.jpg,7.275156248435927,8.236010909444747,20.72738587286272,0.8032146935466143,3.715368618012142,0.21681180621242113,0.9704907222751042,1.4079366327376484,0.06687185627595862
I01527.jpg,7.284694481038209,8.405322092154126,21.09073498786686,0.7855293320170907,3.7181343606013257,0.21221828615726962,0.9706723265132277,1.3997312923927285,0.06302914603059774
I01528.jpg,7.274027724376209,8.405790801015495,21.117373391264323,0.7921643135504346,3.715399048367459,0.2123852604247046,0.969002822222467,1.384688848785289,0.06475598977868476
I01529.jpg,7.270631111154916,8.494783040449189,21.41486543028134,0.7922178877771393,3.7149636620564506,0.2072987606673682,0.9688198188822797,1.3706043682315248,0.06654800450643954
I01530.jpg,7.2316454489060416,8.31596625855768,20.949846740044965,0.7943634623984674,3.6976063088051507,0.20737139767297103,0.97009764731904,1.3589044809056205,0.06862182309191879
I01531.jpg,7.2004750556075825,8.177195584454472,20.569876947190252,0.8003244313081637,3.6977667595566643,0.20981660156594623,0.9671025403856428,1.3463686804022457,0.07009249059033608
I01532.jpg,7.197904429537792,8.21200212970007,20.715748810373952,0.7945877582553011,3.7037480935646125,0.20970535927799352,0.9663931554486664,1.3340150039655505,0.06804890487185959
I01533.jpg,7.210708462417206,8.253212860296784,20.89455758719734,0.8129503435082559,3.7278557224189006,0.2038817399063054,0.9690861647884711,1.3332190735277518,0.07238187618172698
I01534.jpg,7.212272854229148,8.318307155729578,21.01826863520325,0.8182541167836601,3.730865821245732,0.19980203411313485,0.9690868722635304,1.3235982985502375,0.07568841878131385
I01535.jpg,7.203499956197572,8.280222273929187,20.930488290375106,0.8161600578017185,3.75051947137035,0.19731183705827648,0.9713397786389607,1.3140768124917552,0.07693391537395836
I01536.jpg,7.225689824779358,8.321785594281806,21.069947627241646,0.8194840512378203,3.766314122861472,0.1960446841737718,0.9687662071131681,1.308853297510431,0.07816578127338909
I01537.jpg,7.188350419441387,8.08236661558213,20.41801703717558,0.7988618909566743,3.747853767675787,0.19733122243351967,0.970905404780359,1.3029421101436391,0.07354180989007958
I01538.jpg,7.204906267265987,8.155514263358794,20.622441166284432,0.7873887201979978,3.7452614017896733,0.19621825257358125,0.9696629798311334,1.3014320962341768,0.07374777176923569
I01539.jpg,7.202919869617131,8.096118309645108,20.526018430227506,0.7736421016726777,3.756660276540482,0.1930708132031633,0.9715480182449563,1.3032125716334912,0.07537000152123716
I01540.jpg,7.1970355177704075,8.055098456600598,20.483150057413283,0.7729735380033935,3.757759161042877,0.19219484786455437,0.9725226247321721,1.3043817713501833,0.08125746275218189
I01541.jpg,7.198563454777491,8.004853944837738,20.391288373815854,0.782186717323425,3.75863144430939,0.18758647721952812,0.9729887926851828,1.3103106387646346,0.08276916250995102
I01542.jpg,7.189001949803494,7.859070851568827,19.97224023243163,0.7821158457052122,3.756900053592023,0.18812091504666145,0.9736430096993044,1.2995432507712132,0.08306934032570312
I01543.jpg,7.1730630277493015,7.700125819639554,19.626390530854312,0.7738251536377876,3.7581891185500806,0.1878725957429577,0.9738500570897038,1.2955095513781316,0.0835273788294132
I01544.jpg,7.166282384227878,7.612313457418042,19.33813182612296,0.7674412131011289,3.775532026198066,0.18503899764574197,0.9749654183385216,1.2941331798754359,0.08324411961358863
I01545.jpg,7.157865589929775,7.53980558554229,19.14609083122837,0.7635545279740953,3.806025060999552,0.1788829361330808,0.9764341239047564,1.2903963358172195,0.08202475860780897
I01546.jpg,7.167398925983537,7.558101386662611,19.259732626852408,0.7690799785408372,3.810440381436322,0.16914406977972682,0.9780794735539209,1.2829156352359337,0.08608429801659535
I01547.jpg,7.141888703694678,7.37610480633145,18.8679638878844,0.7787007923635367,3.8050601309723975,0.17157669025982028,0.9781914627128245,1.2673376910249297,0.08622452778942453
I01548.jpg,7.102711970517005,7.102486560521349,18.45346517156697,0.8198746234681282,3.769550412370414,0.17925864665602878,0.9765019718015447,1.2717293597895531,0.08934485197339613
I01549.jpg,7.089372745716888,7.065606183329211,18.426795247362882,0.8455748662999055,3.74394312573584,0.17690302217334739,0.9754408310587586,1.283351425639289,0.09396074414385693
I01550.jpg,7.074500054555713,6.98520974874068,18.295637772966753,0.8328643025618323,3.701396790110541,0.17818799003839586,0.9750789309376189,1.2846742691789748,0.09138109384033564
I01551.jpg,7.028169077878659,6.718987243336149,17.54308814859048,0.8281407677319351,3.689485431371341,0.18079599244431271,0.9762950296781205,1.2799686460586492,0.09247305091118473
I01552.jpg,7.0322473308968645,6.728665319971427,17.67534224992435,0.8302688934652431,3.698754449600581,0.18157785720304234,0.9770391336902547,1.278691605052828,0.09679991439754941
I01553.jpg,7.008084279620937,6.542236177933087,17.22850811980868,0.823252920811793,3.681172830447959,0.1870767579525137,0.9751099128649815,1.2763791074518873,0.09058305900828069
I01554.jpg,6.986571599056845,6.44857530492758,17.00124842229731,0.8207469061437148,3.6506636073570022,0.18801620790290488,0.9754224188177264,1.2821558416304495,0.09481081678065649
I01555.jpg,6.984660220677089,6.490546534171728,17.172363209843432,0.8108627627344728,3.633550234984373,0.18812566515033738,0.9752440426183162,1.2924738590874842,0.09624243729955888
I01556.jpg,6.971928922875318,6.450070824289242,17.122351573509484,0.8108402736402214,3.5741040712513836,0.19201984659506177,0.9742650941470244,1.3034560935618957,0.09424462403443506
I01557.jpg,6.965946270610482,6.450917267889075,17.185650524378715,0.8026141892900435,3.5764800098924967,0.19137170327758043,0.9733380356323993,1.3123147671790627,0.08825066814747619
I01558.jpg,6.926810449592349,6.256185938164281,16.857031555634197,0.8060160964052574,3.556320285448515,0.19557249018919434,0.9736205456277728,1.3208863079272186,0.08689410870702327
I01559.jpg,6.930461362955163,6.318543954703566,17.048350270224816,0.8109229854098426,3.5538654730713732,0.19666404846096017,0.9694200430818988,1.324653822395547,0.08872139899295345
I01560.jpg,6.916789470711277,6.284728603140074,16.98925915013919,0.8126917768604511,3.523265251955457,0.20204476550312095,0.9718579959254121,1.3261938612026407,0.09498331914856376
I01561.jpg,6.915011638102049,6.28579424004325,16.947818107442068,0.8156434062315415,3.518011408097978,0.2053330747954282,0.9700440823167503,1.3246583087860002,0.09069598139150103
I01562.jpg,6.916037312999196,6.241088729605931,16.917948704197062,0.7933290474310215,3.468661910876344,0.20809569424216268,0.9678542757840678,1.3208346558696529,0.08157060863482071
I01563.jpg,6.889608481824429,6.123301465655063,16.541775324382595,0.8042808985927531,3.44246966108506,0.21522909733958798,0.969173433013023,1.3209410086228646,0.0903284691926843
I01564.jpg,6.882466708118588,6.088090782782802,16.54519489956845,0.7993340697767173,3.4184681426117702,0.21992922562622827,0.968245453994136,1.318498253806471,0.09165506345670404
I01565.jpg,6.879374771613706,6.025376136388068,16.419856985716184,0.8062105649559699,3.3835630909643664,0.227065501002631,0.9661452557248172,1.319510522415365,0.09438344740591391
I01566.jpg,6.859236669869355,5.891077652879346,16.145198912266974,0.8024081407362373,3.3320493489793286,0.23336413909301992,0.9649160552995067,1.3173073822283083,0.08841143536269408
I01567.jpg,6.847535527335718,5.791980390188694,15.912373984837503,0.7975456711579056,3.2983783943565728,0.23948398663986084,0.9635460313998553,1.3155249962795827,0.08397858739614274
I01568.jpg,6.834204384342001,5.720175432805355,15.729359822213576,0.7955340600233843,3.254255725517239,0.25046303340381415,0.9623481794922184,1.3184757002460115,0.0892510777273601
I01569.jpg,6.807248208247686,5.563872001408106,15.462950363565112,0.7888974941211018,3.196428547392874,0.2659484996869283,0.9604932378669857,1.3196592338617175,0.10224882287964276
I01570.jpg,6.791039517614646,5.465181836563588,15.248621261204145,0.7839193723555942,3.1640528908521386,0.2691994503624437,0.96120764165008,1.3188565432782602,0.09136707986563324
I01571.jpg,6.788439564865399,5.4174440409629865,15.186443419230526,0.8009507616850441,3.130300196887685,0.27096449527429334,0.9589146161719079,1.318442852159095,0.10398760093296208
I01572.jpg,6.796873228497752,5.456211395521708,15.271702353359558,0.7865491465753903,3.117258292499772,0.2751850352403592,0.9562953036263633,1.318012011426366,0.08342444701571797
I01573.jpg,6.763054267590137,5.379313481900026,14.963186545423312,0.7886104268998342,3.054039373580939,0.27981812600424505,0.955293318246804,1.3255161688910215,0.09654957514080303
I01574.jpg,6.7441359601588555,5.389633048531924,15.024713607756324,0.756218133800832,2.9991161551680077,0.27968789707591374,0.9549600194057449,1.3342404698210673,0.08619389205289701
I01575.jpg,6.72305218850973,5.337033865011678,14.827360275689601,0.7463110062491409,2.946597292567563,0.28476872815213006,0.9533275697687497,1.3424955941710819,0.09217731756560579
I01576.jpg,6.725514496385709,5.372872465378082,14.94040141236992,0.7587846774166782,2.921320998014131,0.2897937553161044,0.9512969699842181,1.3447523494294766,0.10750888552762738
I01577.jpg,6.727783315478974,5.362847383166351,14.824621705155932,0.7353430459450161,2.9075734994754066,0.2929713397634133,0.950488635230615,1.3486585563305247,0.09219493868917335
I01578.jpg,6.718290131454856,5.437625200762412,14.987122740513461,0.7243411723664809,2.862047552090141,0.29862463275324413,0.9495740971468838,1.3538776256664746,0.09719130297515448
I01579.jpg,6.723118219166089,5.504499083864125,15.246584316932541,0.728727426040187,2.830928923879185,0.30547360287039077,0.9476220980893059,1.353654339537361,0.1021253141846303
I01580.jpg,6.697541947682461,5.397571135229685,14.931899126353882,0.7117400378211591,2.8158859742332734,0.312078504894553,0.9488488179643036,1.3577799587040833,0.10265584521777314
I01581.jpg,6.719241985670256,5.425036854986284,15.060417539716097,0.7305151040675029,2.783139216420909,0.31828780473980983,0.945425178703619,1.3667689308242483,0.09889513230228635
I01582.jpg,6.728961685269043,5.449900957266536,15.080648187491875,0.7422212975844034,2.779675253498235,0.3246955111341922,0.9426972811536509,1.3766298244482567,0.10188722854866995
I01583.jpg,6.744091873175979,5.508950810213769,15.208111568353589,0.7762434388912558,2.782228887130371,0.32911427481080197,0.9413179342525518,1.3888371743173096,0.10573742223555366
I01584.jpg,6.737361119567924,5.481374731691583,15.101707879652318,0.8046225842291677,2.778681827906939,0.3314536880506356,0.9417506448258742,1.3983670333282738,0.10526518898937479
I01585.jpg,6.7614944815012725,5.5387639412589476,15.193881798857296,0.8349767281986831,2.813386702538433,0.3331346695077911,0.9410420708613836,1.4061417961860636,0.10124113252513088
I01586.jpg,6.775403859557253,5.5453787741096265,15.166227638549863,0.8393899991004319,2.8344546764230136,0.3386381447122962,0.9403123387866804,1.415535499220903,0.10142252325006784
I01587.jpg,6.776998170575923,5.479450601072106,14.96930529794022,0.831870184294617,2.8640648705515575,0.3443445248128181,0.9390828448057481,1.425574461112627,0.0989221708431395
I01588.jpg,6.817783295924303,5.541624359115193,15.03067941010691,0.8477863959320491,2.9002203397036466,0.3490684920436659,0.93994853922486,1.4408756125387767,0.09903955429700761
I01589.jpg,6.8289274520304835,5.523634427444419,14.938590082466309,0.8619875149952041,2.929097824793803,0.3539819802625241,0.9394372609564549,1.4590085413813692,0.09655771632304326
I01590.jpg,6.837541253050503,5.544852822929928,14.950492749601343,0.8939045664848255,2.945730740064322,0.3607570915650187,0.9368926026598438,1.4824707753348485,0.09846608877684847
I01591.jpg,6.83140821740321,5.5192175354895685,14.894566139710015,0.9316335964424901,2.9697744751105755,0.36636373543730294,0.9367952142595091,1.5040854640908732,0.09784769061058958
I01592.jpg,6.7994624391621015,5.497222779421512,14.798754688102221,0.9609933257182239,2.9702875621330413,0.37490700625914974,0.9354719150246713,1.5172631689815865,0.10116359539917305
I01593.jpg,6.765306168799233,5.54123287444826,14.90657589461647,1.0059258058026277,2.9192472904177906,0.38431459309832233,0.9341754809962395,1.528302217012976,0.10187517888530734
I01594.jpg,6.721794895175428,5.449079582217013,14.65649940734318,1.0323264101368013,2.87713518329494,0.397193270476339,0.9305542810764706,1.531022302666379,0.10570325154990341
I01595.jpg,6.7089534583969535,5.409797276732668,14.571939526659703,1.0746793659610925,2.8584060171855414,0.4085689762407713,0.9293173661619807,1.5362283603378188,0.10786450455496174
I01596.jpg,6.71721043287346,5.451947201939219,14.693718437468707,1.092814243427864,2.836765499418126,0.4174246772876706,0.9264530666342922,1.5372852298024848,0.1145898339753758
I01597.jpg,6.723548395256477,5.470411095707197,14.713551156078841,1.112686452023131,2.83005188527976,0.42398482375190943,0.9268386267091226,1.5396470870156191,0.11957167762770199
I01598.jpg,6.700288828046987,5.313428696059092,14.351041949088916,1.141743466232114,2.813066434179988,0.436171617223613,0.9275124490840756,1.5395529289618772,0.1222627411716289
I01599.jpg,6.707009641147206,5.278414455263649,14.256205649113088,1.156069069666729,2.8087123298367036,0.44540939689782627,0.9267124492678749,1.5398971020948933,0.12560646951082083
I01600.jpg,6.719890208591935,5.250273610511274,14.182245615073604,1.1681407366099439,2.806853653633242,0.4508836448494203,0.925967510530495,1.5423178440404302,0.13024645127629322
I01601.jpg,6.703095422965741,5.137958291570745,13.824619826882877,1.156675517621447,2.827027003033178,0.45431470238508376,0.9283802473567507,1.5426929056150769,0.12828635313437103
I01602.jpg,6.71207015843759,5.147945245829982,13.88691581164817,1.1446609473568155,2.8290298809063565,0.45561821244936274,0.9294432796297407,1.541321210658181,0.12715495211179895
I01603.jpg,6.704665868040962,5.118979175763778,13.828012316755903,1.1393733754186806,2.8217397281986427,0.45818064373010603,0.929073990552418,1.5429714789705145,0.126824661408952
I01604.jpg,6.702220621038755,5.109060969032553,13.800865697306747,1.1393229964929796,2.8182681853826876,0.4603510171932827,0.929596830811186,1.5465743732791646,0.1286839278387002
I01605.jpg,6.704133884436674,5.104091628660973,13.775674003118542,1.1289368472889358,2.799424921583246,0.46283080225816,0.928208046193346,1.5478263670585575,0.13035711102497188
I01606.jpg,6.71394482526879,5.09538623768792,13.773969192953473,1.1226064762307342,2.7998037816877215,0.46328925844601593,0.9298818351543998,1.5458701735551799,0.12835177097017733
I01607.jpg,6.727417731998947,5.1326304803829625,13.806354546289297,1.1081702455313573,2.8025415114780596,0.46305216675749183,0.9313388592920145,1.5410890016678243,0.12756040039652078
I01608.jpg,6.721535543665698,5.166533813359764,13.86899379805861,1.0778861412922982,2.807507486906395,0.4600144791672955,0.9321455985677012,1.5404357579251058,0.12381730947553539
I01609.jpg,6.692290366599178,5.145351606660139,13.706579168413977,1.0332565013796207,2.7833457626110523,0.4573656654558524,0.9333837938772303,1.5381824972294202,0.11780489302738274
I01610.jpg,6.663644186764982,5.1287977945221375,13.539706494632162,1.0131739238235085,2.754614539107254,0.45396429713163,0.9335294539520672,1.5373262573409194,0.11262026367591658
I01611.jpg,6.660943794417461,5.143135298351298,13.551310103259606,1.0036799717498792,2.741727552617479,0.4502264608262441,0.932987037945952,1.5277891444909035,0.11174249503339954
I01612.jpg,6.645786305355453,5.087231701956732,13.428704371715881,0.9976487409624366,2.7365340396610085,0.4501727486952251,0.9318743352698868,1.5217182663373512,0.11531112297592616
I01613.jpg,6.660229688466718,5.142373559360231,13.51275892625261,0.9823646351149778,2.7261536310616425,0.4484138505333568,0.9313410373285697,1.5091444267940513,0.11442546913471996
I01614.jpg,6.661375403441973,5.082084234803657,13.27382015361773,0.9598759397284374,2.742067939747081,0.44581243451497865,0.933037228143048,1.4989253836187744,0.11505162989565536
I01615.jpg,6.68751379445003,5.178639538139605,13.525401053276045,0.9414474694782583,2.7692865809769787,0.44435865358797055,0.9324421680008995,1.4884746664510131,0.11952097237385224
I01616.jpg,6.6708298522714005,4.994900525770028,13.06605871403567,0.9365034827344838,2.7429192743908573,0.4499297954099938,0.9280023778392563,1.4755109056000557,0.12474635263711653
I01617.jpg,6.665048625123944,4.972989917589728,12.934881803843888,0.9383592426199274,2.7300647316771016,0.44776551548660704,0.9281561629633712,1.4650940649855564,0.12780884772768586
I01618.jpg,6.6678119898670385,4.931362756039856,12.771327318277777,0.917849070677227,2.6870509087760315,0.44797558491727096,0.9292527800784577,1.4538786798100016,0.12309678192020419
I01619.jpg,6.6388895094449785,4.901043157857404,12.693612697290853,0.9069193110179693,2.658052406536826,0.4491047822298003,0.9299884627395633,1.438360523613472,0.12225368877871326
I01620.jpg,6.617271519928119,4.865380273021077,12.707352501526003,0.9009666053476,2.64957835624972,0.44119884958408656,0.9289034696271087,1.4288448047949789,0.12529536543618217
I01621.jpg,6.605752474593038,4.91796275562467,12.893995957041248,0.8858878438458836,2.6174489870392312,0.4393944639617651,0.9302994958191941,1.4146126769830283,0.127426262901276
I01622.jpg,6.584417058026252,4.978560206733086,13.15793952520757,0.8581173884470412,2.6000799336350977,0.4325129611742174,0.9313759278765013,1.400478911776631,0.12552733469593025
I01623.jpg,6.561875142799299,5.022055286848486,13.338143854940915,0.8313385744600017,2.553121191267649,0.433931600386815,0.9333151314370144,1.3851993401704359,0.1253142528347974
I01624.jpg,6.530769286306149,4.944077436420159,13.213851332382763,0.8288300345323396,2.5142603310310747,0.43545580777559606,0.9333343039478718,1.3684499718764946,0.12646703340886944
I01625.jpg,6.523245875051742,4.903521567250296,13.078903060639597,0.8299084024093908,2.5225404696151164,0.42576511213799645,0.9343557498590489,1.354289997102007,0.12822597715879214
I01626.jpg,6.500084863459643,4.796361678537807,12.687624963163215,0.8170409455561809,2.54561869974161,0.4165213361568452,0.9344630116253893,1.3390266471651604,0.1333280326050764
I01627.jpg,6.534558992452148,4.871395050964665,12.935049379533902,0.8230004456165583,2.6553057497364674,0.40463432023168244,0.9389983011630127,1.3292544213629602,0.13634727452390766
I01628.jpg,6.547423033138779,4.90666627503794,13.047326185400413,0.8270939404803608,2.6938354402528217,0.3991237578291522,0.9388377314898606,1.327023529538694,0.13445253188081407
I01629.jpg,6.568576647586904,4.9401900836960255,13.103633401974177,0.8180344687404495,2.751097408845539,0.39611158631367194,0.9389735722138683,1.3271564093412123,0.1384320244342597
I01630.jpg,6.575793284545573,4.889699412208984,12.917908107640763,0.8166085443774855,2.780831197076809,0.3970921225729962,0.938602009947898,1.3241107982963132,0.1414981103335349
I01631.jpg,6.616953763074111,4.9738832941542785,13.168336485080935,0.826577846510002,2.81573118510702,0.393752100002719,0.939696876060533,1.3217253471373156,0.1416078933107112
I01632.jpg,6.634056624253082,5.003710119236267,13.250432382882202,0.8284826412232061,2.853536926371504,0.3954870088330599,0.938826441088953,1.3171117855750902,0.1453805907579309
I01633.jpg,6.645873328737228,4.990188094995845,13.16481589126792,0.8229335668671665,2.8836241666900406,0.3939911412057721,0.9379688801039316,1.3146257039657399,0.1440855166803745
I01634.jpg,6.688096853956444,5.014931752904925,13.174864427996155,0.8202525422518202,2.9286893906960163,0.39185720774694044,0.938958969641263,1.3126085218542212,0.14526507481215153
I01635.jpg,6.705276275489043,4.998230591514068,13.218037429224967,0.8152550431269182,2.957065560533089,0.39136962747475745,0.9402636211960989,1.3067016075318212,0.14550729977738003
I01636.jpg,6.709546406491388,4.943624806498502,13.029303911440039,0.8224555743211674,2.9744203109773557,0.39180005332796686,0.9389517948887371,1.3039600254600965,0.14880516068063726
I01637.jpg,6.713497233363505,4.879278060712192,12.842818623498443,0.8259890323561623,3.0277099560169134,0.3921151355509334,0.9424087137934414,1.307051621093351,0.14448532642880932
I01638.jpg,6.782294447250149,5.0642967274114286,13.21591527918769,0.8242258434867403,3.074719171995113,0.38525608524113164,0.942693779044655,1.3162041518463778,0.14335159795953253
I01639.jpg,6.791476638513968,5.050405125890173,13.114882888774664,0.8239596042844544,3.100921641600921,0.3863028356353243,0.9425878530037822,1.3248325011577107,0.1453831548122553
I01640.jpg,6.82233300143436,5.065587641948958,13.14592286567193,0.8165255677426446,3.119517735849133,0.38396228165391405,0.9426552504566744,1.3321904249612027,0.1480348845122407
I01641.jpg,6.797566825145266,4.9031511657129565,12.68316053964901,0.8212730595529416,3.131077310553164,0.3949709490566764,0.9419321119271671,1.3428718901188004,0.14628034141703308
I01642.jpg,6.801636089600912,4.837340298745416,12.474068076904778,0.8243565696547184,3.149180643332425,0.3998900148128853,0.9417558351251747,1.3526255050221838,0.1456664915684106
I01643.jpg,6.883887825786583,5.057444739133518,12.96710641014258,0.8550387490732105,3.181099144300416,0.38856904290976935,0.9404060158777235,1.3591643119589505,0.14447430982401793
I01644.jpg,6.885691263985262,5.108092037102673,13.273597420458108,0.8929295957394536,3.1717311046593553,0.3931649142319762,0.9391823884010233,1.355528174634398,0.1491727592509238
I01645.jpg,6.8398716204077425,5.0174750098281145,13.092872092568266,0.8787844521387151,3.1217576345794393,0.4047825867422986,0.9399453611260886,1.3600598307390324,0.14844979443573209
I01646.jpg,6.834521285257375,4.952452789607553,12.904460749306503,0.87438626917029,3.1179900576402177,0.413698346802116,0.9401425067931056,1.3647573180575245,0.14899193845150954
I01647.jpg,6.86285728519943,5.024719380375882,13.048018288230592,0.8844557902510388,3.1428446665536143,0.41138034647829314,0.937973413405814,1.3741978588397465,0.1515224646043505
I01648.jpg,6.870230422184137,5.004523260103517,12.841717046064224,0.8905415192331361,3.1580580728203533,0.41061117480008397,0.9364500208572543,1.3906402891640621,0.1467040743484806
I01649.jpg,6.901232568439279,5.09336432920331,12.933151443093829,0.8747782739487535,3.185943401976612,0.40726854437419147,0.9381564891780564,1.4005753499482956,0.14120148835853763
I01650.jpg,6.90303746096917,5.022753469429674,12.624371465620012,0.8712363703964813,3.2061382288702234,0.4059823439403104,0.9380098593313528,1.4109260170563582,0.13798267973268832
I01651.jpg,6.9184020283709105,5.0318372557950735,12.614852260293008,0.8944627696311604,3.2193121412214154,0.406079307561521,0.9389891065225665,1.421287189440143,0.13966185864437888
I01652.jpg,6.936731355811158,5.081087775392922,12.648904156014433,0.8916172027805476,3.241608173513207,0.40534901124737105,0.9400972826405212,1.437591205668894,0.1343314831629569
I01653.jpg,6.916236805844169,5.023010898124483,12.41845891953887,0.8949552315682894,3.251970721639655,0.4098914030165248,0.9399516655669556,1.45906238562897,0.13144701595324562
I01654.jpg,6.932904142892463,5.124237066452152,12.62124592312347,0.8912150852525276,3.2810208440875037,0.4115845313209019,0.9405493854754552,1.4769549329119485,0.1277146918207303
I01655.jpg,6.925173876979863,5.141687317252194,12.59329035676554,0.8845134062590752,3.2801232641956526,0.4169985595064445,0.9397812651453169,1.496334293848022,0.12524592490580277
I01656.jpg,6.950829097850676,5.258730560030376,12.827872771934604,0.8762033780025451,3.3055619587641676,0.41428120867828994,0.9409179548178539,1.518407595039109,0.12355374079119028
I01657.jpg,6.984910025749804,5.401732102965253,13.092977391918696,0.8729755058089393,3.3206442069080806,0.40862166117696397,0.9419002138456146,1.5463807127851976,0.12484180224472785
I01658.jpg,7.011259824677567,5.606285843509797,13.489407268515631,0.8703844461942493,3.331172391565809,0.4002910308544931,0.9418269406088904,1.5754548614760397,0.1265658497533143
I01659.jpg,7.02340207868178,5.720815602037063,13.764593970814126,0.868506364434463,3.330187439070161,0.395119456815347,0.9422503209305385,1.5908547088687257,0.12431166551280673
I01660.jpg,7.0380824791190815,5.920757869995871,14.353203317228049,0.8859104392734157,3.3023319504130377,0.3875406705251203,0.9414699436681475,1.6091064778191306,0.1269043455346914
I01661.jpg,7.0414104643780435,6.007763701073685,14.579846396854885,0.8935076790917962,3.3026078203796465,0.38343941177560675,0.9415225925647113,1.6110292566427291,0.12307551606489053
I01662.jpg,6.977542851857096,5.757221939744004,13.90329102139095,0.9010471943700873,3.2948227726960013,0.4028588022952476,0.9432714296829332,1.6104079191911458,0.11958971031377831
I01663.jpg,7.0669859604934855,6.119437046348061,14.723509778448834,0.9059229111770015,3.334853289419532,0.38889381157966324,0.9447346043944281,1.6095354404903564,0.12082568619889261
I01664.jpg,7.103185196038663,6.281843743189764,15.064294905666909,0.9001088569888324,3.3665130833213417,0.383792565412988,0.9471850392485434,1.6059375886973235,0.11834547530546555
I01665.jpg,7.118665158396619,6.350166851904212,15.187573630096672,0.892707332722314,3.367303236963462,0.3840052675447645,0.9479000715923628,1.597147362777847,0.12059200499338889
I01666.jpg,7.0941706161530105,6.229819025077288,14.925700894141372,0.8803930502911727,3.3850697321530308,0.39237436467775716,0.9501169306641005,1.5863004496630246,0.12027349738058869
I01667.jpg,7.1558855997177595,6.465220084424882,15.50189099391603,0.8788252864646937,3.41323898424764,0.3833564421385323,0.9507073185447272,1.5799138399726775,0.12271476772555934
I01668.jpg,7.199461770522435,6.611457350645135,15.867526610511613,0.8705137378286498,3.4308861341580514,0.37370172460699913,0.9531611730682403,1.5723197291207975,0.12115226178160957
I01669.jpg,7.203849057985663,6.665384630352978,15.893516297349612,0.8636519938435635,3.44297292383728,0.3788143843524424,0.9542764777820946,1.5624874673334581,0.11789098667657043
I01670.jpg,7.204619008626383,6.610236127134493,15.822565191529348,0.8608421051480374,3.45764947826721,0.38676861943395996,0.9543809444515724,1.5542553316373149,0.11540468267137836
I01671.jpg,7.2174974259291504,6.735325833820229,16.07002713310788,0.8482592570565592,3.472566047800417,0.3839750724618011,0.9576882119234289,1.5435621079440094,0.11425882066480578
I01672.jpg,7.216977366937289,6.790032043359904,16.265951823532806,0.8420288506900033,3.451995122789352,0.38475416036652005,0.9561546776833552,1.5385500405953985,0.11609111283917518
I01673.jpg,7.236176217223223,6.962989340488567,16.590393640657258,0.8207835954809529,3.452911811463334,0.3768511436099715,0.9568469598610242,1.5278217576227484,0.11268472185422482
I01674.jpg,7.221121339281521,6.937156677788911,16.47016576401457,0.802149335431668,3.4542066788704044,0.3806689806542175,0.9579528559642907,1.5145034063522975,0.10962382075469748
I01675.jpg,7.215660188836799,6.97944640634324,16.573715218742016,0.7923802009463345,3.4486491715194303,0.3789041021295302,0.9585054393840438,1.5016264242272936,0.11009552183630873
I01676.jpg,7.216863887087374,7.094546146492867,16.833574334568727,0.7719570355842132,3.4482630942861574,0.37636251838191886,0.9603334752488625,1.485131773038558,0.11083837242066785
I01677.jpg,7.233159700960012,7.217649668694274,17.039080206666547,0.7601646119634264,3.4469338291494904,0.3728708877546563,0.9608756185255287,1.4690153465273472,0.11042625688030294
I01678.jpg,7.26196616408419,7.3814084808228975,17.450330861659115,0.7580953861696034,3.4734704625934096,0.36651445979880376,0.9629783906501369,1.4554232335024846,0.11007846281826135
I01679.jpg,7.2597008815481665,7.404390316287329,17.532038249903476,0.7471128604374998,3.4696543503746766,0.36704320557588593,0.962075316621216,1.4404254417322995,0.10337552148047746
I01680.jpg,7.26867952631113,7.466740736330288,17.64441506442439,0.7565274846885314,3.4735382618413757,0.3597268240738772,0.9633915936889653,1.4337011572609095,0.11116109126484684
I01681.jpg,7.261529124824485,7.47176713441324,17.667347609888346,0.7479206029117788,3.4808220098139304,0.3623645392306461,0.9642773731262336,1.4213269895719307,0.11208785209363283
I01682.jpg,7.3019128456776325,7.811975850395485,18.523789437438253,0.7417920924292658,3.490399893867722,0.35292253459849765,0.965125602370556,1.414301608523783,0.1110257254914571
I01683.jpg,7.332350422116207,8.11868170640763,19.212024468836606,0.7281788441100516,3.496895158368059,0.3423315283758241,0.9636855915086827,1.4078521925349547,0.11228448657897282
I01684.jpg,7.321349119942773,8.113529600477456,19.20799505784393,0.7205509216608766,3.498679018027965,0.34818305067337196,0.9639767633914401,1.3975031242581895,0.1104881459936917
I01685.jpg,7.344618335452891,8.381563737007191,19.76221583305761,0.711057073267797,3.492470825868066,0.3397181005179131,0.9628084069121634,1.39073045677864,0.10949672935594984
I01686.jpg,7.280337532829881,8.220420030805682,19.410257689013857,0.6994293182148835,3.4602654937268253,0.34856853017431677,0.9628608843560402,1.3842589098668237,0.10555512849630132
I01687.jpg,7.245322894511962,8.237281638891929,19.4324559214026,0.7015759732165817,3.436478565755106,0.3485279808222582,0.96528389335848,1.3752093952692899,0.10352398860933151
I01688.jpg,7.25768400206424,8.329479505230735,19.54430063982848,0.7236301931155569,3.4421980391790985,0.34028648498640945,0.9654345265410627,1.3650523774818746,0.11834367336635403
I01689.jpg,7.255845915787958,8.369224027555761,19.601634257472654,0.7103758145240322,3.4378116625922566,0.3386360409077494,0.9669622509948347,1.3562129627219517,0.10922478794751485
I01690.jpg,7.256041445976149,8.384602986594487,19.561926399533977,0.7027737924055724,3.4748508407522514,0.33005340299645475,0.9683377552761007,1.352394073703278,0.1077571360621055
I01691.jpg,7.285359240186426,8.568373852574048,19.883516103107844,0.6956086103445638,3.515876673281338,0.3201552808531586,0.9695665206150436,1.3399651067260216,0.10757905952643654
I01692.jpg,7.318886705504993,8.729349268015753,20.171421843568105,0.6923683784167587,3.555179806427656,0.31023857369235625,0.9699473684186887,1.34404063703941,0.10798587341011244
I01693.jpg,7.343308473912248,8.848848773780352,20.42152190668693,0.6628048421240919,3.62037849917528,0.30723236327384146,0.9715453396064394,1.3339764558277363,0.10345538111802795
I01694.jpg,7.361824065359181,8.951389493255242,20.549420716633733,0.6401865973440365,3.6589196914746513,0.3014786991246177,0.9710699929592682,1.3180676031701601,0.09496029834871163
I01695.jpg,7.371499077273739,8.978612331476615,20.51538048384818,0.6452729553311458,3.673164670315481,0.2969613860053207,0.9731477850884146,1.3159331293419294,0.10513701843083341
I01696.jpg,7.44344016194969,9.388914301803505,21.378577630307824,0.6363603499895224,3.7228833513497097,0.2795062467539958,0.9742948491487005,1.319372805135765,0.10018619027281508
I01697.jpg,7.482316079523527,9.627216454559072,21.812119357317005,0.6216128024397602,3.7511273490573473,0.27049352170969104,0.9715850135476196,1.3239773862988944,0.09754228787961632
I01698.jpg,7.514788174832346,9.869806209228695,22.23433575069221,0.6117879965006617,3.803976885336028,0.2609697931717593,0.9707823237026387,1.336469277845452,0.0941084561233729
I01699.jpg,7.505728901538757,9.862946013407784,22.182135501719994,0.5873534934295345,3.8168386790508277,0.26676239107466354,0.974140109471782,1.3425296025472386,0.08953016213900628
I01700.jpg,7.489875850850237,9.807537142751787,22.108688390052254,0.5681892151177848,3.828940786662091,0.26778192212749796,0.9746069107377403,1.3494792973200025,0.08953551674892676
I01701.jpg,7.50849924610367,10.01916963159112,22.663229739611083,0.5540057252909432,3.818128896897149,0.26584769961830024,0.9738757450142178,1.354930614169529,0.09068626538618785
I01702.jpg,7.478549449080247,9.874879209125934,22.402674513719273,0.5317113559578768,3.8075664204537847,0.2709641019221949,0.9733485351070723,1.3620784379195485,0.08958874132877269
I01703.jpg,7.480090199649144,10.043000938444733,22.762745231313517,0.5368900820484912,3.801902299267434,0.26314943720403045,0.9752088488942656,1.3808310041564937,0.0955182087408056
I01704.jpg,7.455242217226162,10.120634039528406,22.8788686726463,0.5246189976074022,3.767193857363623,0.2606278996678885,0.97392387821561,1.3933736387874858,0.0973190247697463
I01705.jpg,7.431472244201873,10.184366609970432,23.096073256669648,0.5322727110114983,3.7365799098973254,0.2668348813354108,0.9725688921502833,1.4040319942867405,0.095262540418096
I01706.jpg,7.421639612115964,10.073629306166728,22.76847753452558,0.5319158808738766,3.7123786371290253,0.2699085707839964,0.9710799325577695,1.4090698712793477,0.09656006586775749
I01707.jpg,7.4182576914880185,9.970406816598448,22.46236094700923,0.5382998235871017,3.7069435779019035,0.2704296179758592,0.9709599410904886,1.4068341857875841,0.0965330321955689
I01708.jpg,7.408418884847875,9.906020821383052,22.321148842785057,0.5447822354559639,3.696358782586839,0.27490257780620986,0.9713037285010052,1.4060238017309672,0.09900375670589731
I01709.jpg,7.413392637913681,9.842169406712193,22.133092986454894,0.5361869175134487,3.6901758027695055,0.27694709141678175,0.9706921000364532,1.4012959428042855,0.1039464016772131
I01710.jpg,7.445450265028853,9.95512163075719,22.402200987149172,0.5375012994950372,3.715940282240064,0.2733183781414796,0.9698476572366244,1.3920667104316908,0.09910004710004684
I01711.jpg,7.451902486068894,10.02214155027683,22.5197897719439,0.5414161156733259,3.7359756886755147,0.26984236714711957,0.9722326134787493,1.3911916720004096,0.10645968240212872
I01712.jpg,7.457254267259314,9.961109013745025,22.25083545192907,0.5367760442117847,3.7840124555987176,0.26648262460881833,0.9747628560300173,1.383086890993439,0.10807020982115083
I01713.jpg,7.496324519998397,10.123950444073994,22.68850062612699,0.5519970399452487,3.8078477016966046,0.2584472826885586,0.97439657243942,1.3756820890917412,0.10908890003494917
I01714.jpg,7.5032390916845175,10.078743362627657,22.52603137396342,0.5550602360337578,3.832712910854781,0.2592295415483374,0.9729194781510699,1.3615725695660958,0.11393069058245504
I01715.jpg,7.501648521830157,10.0566747607927,22.597870271528322,0.5385384308923655,3.835224482173729,0.2622881061844418,0.9754333988646373,1.3588108723547045,0.1106126703588963
I01716.jpg,7.514665061365144,10.169950065730735,22.95292797386707,0.5427350227176251,3.8551421665609173,0.2611947047156057,0.9764193737527781,1.3465877705419385,0.11197884232132715
I01717.jpg,7.517409474856133,10.13681208538216,22.85106899395883,0.5347142370158163,3.854572802920423,0.25951450427321143,0.9773526287476256,1.337093011655795,0.11062272956403679
I01718.jpg,7.521336195598866,10.206223346021888,23.057678238176848,0.51580450784065,3.8661992734721076,0.25466370008603784,0.9785611526571095,1.317300366734202,0.11200794666808583
I01719.jpg,7.536492870922631,10.315736168626442,23.292833264656704,0.5334379374233258,3.8648496880654086,0.24886108546755142,0.9780477084626041,1.3251966094762253,0.11750527465909277
I01720.jpg,7.547863960073257,10.362169303670909,23.402192359486154,0.5246761592259822,3.8792971353576564,0.25046357850510415,0.977445055045091,1.3152292050959435,0.11125907194177707
I01721.jpg,7.553170700109204,10.394898009621809,23.558674339660048,0.5250417402560923,3.904614211622488,0.2510831292313737,0.9779897360616934,1.3084995894811589,0.11135886706453389
I01722.jpg,7.55769849361702,10.380737102790155,23.554426634777954,0.5167072758712281,3.9036419018416364,0.2524377869452246,0.9791440172428691,1.298771446124761,0.10903081318489108
I01723.jpg,7.544830962567637,10.26977295948585,23.193331410909355,0.5148885616389915,3.8786218439061866,0.2515336808506644,0.9790869080896427,1.2949226251543084,0.1114186198017562
I01724.jpg,7.523951294282124,10.21867539880954,23.134844883727176,0.5083573942368997,3.8791862502053425,0.25684444008789203,0.9784852036649435,1.285545747200997,0.10816150389699286
I01725.jpg,7.536835485523619,10.417885181535434,23.492753497871735,0.4943635099864381,3.897614991857546,0.25197453515824986,0.9782294938619247,1.2700750381422012,0.10091605591744937
I01726.jpg,7.5603925074905804,10.675425769946147,24.120816778942903,0.4939250187549027,3.9124961068231237,0.2486257533702713,0.9773304561084805,1.2583533431870868,0.10039504361182516
I01727.jpg,7.5696296611034875,10.809203756796938,24.396693149731522,0.5018649220644038,3.926881927071558,0.24516485575682836,0.9744236161236747,1.2671505479068688,0.11221357749378803
I01728.jpg,7.604505335628837,10.974828785674207,24.804981697923377,0.5042588784318627,3.9490674417247993,0.24036819149432953,0.9740467161384458,1.2617091203689936,0.11237057274954007
I01729.jpg,7.609296270082583,10.903332575384956,24.64447355074028,0.5073609557787859,3.9287984161873224,0.2407404494312965,0.9725859489761265,1.2582557503442557,0.11102363525347897
I01730.jpg,7.597416656553615,10.814053956165077,24.424121569890378,0.4959476369146723,3.9094639466690104,0.24298117382504988,0.9771525192952045,1.2399608477908008,0.10231446386235979
I01731.jpg,7.57739966313191,10.72512256667177,24.25043618214959,0.48921345940785643,3.903077918121947,0.24374786252877048,0.9786420391378889,1.227714500042468,0.10225876539852725
I01732.jpg,7.570850326663307,10.728900664555976,24.307546183656388,0.4857242178011556,3.8902915515582666,0.2459822442869062,0.9795073126582915,1.2169683624090655,0.10222914175392919
I01733.jpg,7.559091608547197,10.636595841631229,24.15265578047267,0.4910298957946072,3.8692982416265056,0.24891189665997612,0.9800865595442361,1.2111130108734576,0.10266505168415964
I01734.jpg,7.534554807217206,10.451366726185018,23.750952960757548,0.5135089126024207,3.8572799072603785,0.2502989556754898,0.9802909372422709,1.2278257697636898,0.1129932275332227
I01735.jpg,7.56579541626702,10.589258259822877,24.15244140574288,0.5121626083119708,3.8517278770026433,0.24717268168649967,0.98024295798774,1.2192906295015147,0.10632855359910869
I01736.jpg,7.565740376518944,10.677183072680979,24.412087483839382,0.521779443284105,3.856733467245602,0.24683081126337816,0.9802041582197671,1.2342852412420648,0.10448320897360681
I01737.jpg,7.564541510627749,10.658312923846601,24.408312769021787,0.5451566958538357,3.8511121617977646,0.2510601991847174,0.9788261004702237,1.2476884142629536,0.10178083130214326
I01738.jpg,7.58398618400379,10.731480016802761,24.629196168806825,0.553894144696796,3.8452755962965566,0.2482226582569952,0.9776541506361016,1.2597994632913438,0.0990690365794169
I01739.jpg,7.535428652580751,10.411396886937839,23.845294822492104,0.5604923394624893,3.8297257985176723,0.25381007664470534,0.9806288857564406,1.272687177801703,0.10099429563540203
I01740.jpg,7.535190594168747,10.466184281725816,23.956851403443373,0.5740127701410737,3.814263507213439,0.256774550825178,0.9777485673598852,1.2762531453085786,0.09949219663723655
I01741.jpg,7.543181633612143,10.585758472745601,24.14544559315808,0.561656430248201,3.7981830048044127,0.2554301352973474,0.9799529206121892,1.2664487424344117,0.091075201926925
I01742.jpg,7.56048275916566,10.767359152056361,24.619068721834143,0.58413529193863,3.8089456270804356,0.2470722681696524,0.9795709796819277,1.276362648673019,0.09836427078669482
I01743.jpg,7.540476046533457,10.708632477700068,24.37261489084926,0.5844028315783629,3.8016310274109064,0.24889229244410735,0.9786697842032084,1.269348772668573,0.09647926932226855
I01744.jpg,7.51330048088439,10.567176912427485,23.98959575851295,0.5783637370008072,3.815832143670821,0.2501095236883695,0.9793517949026089,1.2714063239407183,0.09107541664048782
I01745.jpg,7.534356741672509,10.897154137277871,24.708191254592663,0.5865520374748437,3.80658097391762,0.24165536348530828,0.9787204407890202,1.2732911429037306,0.0897643706759754
I01746.jpg,7.495958994731556,10.77099678988213,24.529603026391456,0.5680019411986861,3.779992329159755,0.24240441578439867,0.9803805777149023,1.261787776373295,0.08796658069211
I01747.jpg,7.499645454985617,11.013331067739095,25.104697435606212,0.567672194520948,3.780795841412086,0.23839552971369926,0.9762333012802279,1.2584775134038249,0.08386392622538427
I01748.jpg,7.459595648690634,10.874807853624315,24.744523681127554,0.5657311625023036,3.7537417054651208,0.2376334739474535,0.9808820112389026,1.2580684738134567,0.08025247514811173
I01749.jpg,7.448557939073072,10.961378336229442,24.937480035866006,0.5585392169775288,3.743833344559299,0.234178432059248,0.9781240189796051,1.2387365403623916,0.08161626701492107
I01750.jpg,7.43622538485739,10.896872764123652,24.83145266927947,0.5754376809204935,3.743563437762525,0.23146580217225238,0.9798752904461808,1.2469598613767352,0.0868018727541018
I01751.jpg,7.40786771106268,10.909433330990973,24.95503769281866,0.5702253662584978,3.7354951454107224,0.23743965955248164,0.9774743138751415,1.2307784017284717,0.08395005984559929
I01752.jpg,7.374953189347241,10.735471078012372,24.559517169081957,0.5769791916832336,3.6936562480426076,0.23785603262289445,0.9778393899054686,1.2193072823577655,0.07866867244256637
I01753.jpg,7.364947348058617,10.729558129863669,24.605519753267384,0.5817988758614521,3.6885998128479196,0.2340152848714421,0.9798539794517059,1.2006239277480313,0.07809183231983399
I01754.jpg,7.351373688410399,10.565953343326939,24.26592046128342,0.579029436691448,3.6838654591648394,0.22986629996566782,0.9827934883952452,1.1887229512714188,0.07562314223121262
I01755.jpg,7.367304520637736,10.568032500194562,24.24214295597729,0.5889895628096571,3.722012547663175,0.22675256708277983,0.9831814685191326,1.1832995234832169,0.0786521627922352
I01756.jpg,7.3793634113665405,10.592341062790881,24.249295964613317,0.5849515020896664,3.7629729148486213,0.2236039619151542,0.9828250959248632,1.1638253745495069,0.07678489884674995
I01757.jpg,7.394848304780547,10.624842465276219,24.3461918122692,0.5981654399104371,3.7947179611823123,0.22014176770575042,0.9824158315664929,1.1622101336790343,0.07738789224961415
I01758.jpg,7.399048955380795,10.645333259730439,24.419786657384147,0.6154544374589099,3.795829643980863,0.21294738304015523,0.9839492073484994,1.1681930359384736,0.08052315830780607
I01759.jpg,7.415607827452405,10.612262056826854,24.277130063449572,0.6287943713727906,3.8338917578053655,0.209916892418571,0.9804987643586488,1.1703530087406455,0.08036246011355842
I01760.jpg,7.427886681808794,10.534804728648961,24.047082213653198,0.6468639954928387,3.8660064913749146,0.2049293420834071,0.9790213442561915,1.173864972619274,0.07932899255452346
I01761.jpg,7.43674329412223,10.550030358910483,24.037508985651865,0.6573913081179711,3.906363348854504,0.20052105535466688,0.9792855324373662,1.1731354048093496,0.07875930841380763
I01762.jpg,7.445667294960156,10.579426402742268,24.084750026179,0.6578199391212118,3.941191582494556,0.19560235879038715,0.9799289641123324,1.1835602076369889,0.07915621160532643
I01763.jpg,7.4594550730363345,10.526862561959174,23.914727687507693,0.6609222820002282,3.95902022088659,0.19139994015288933,0.9835509549854788,1.1841330692570398,0.08153204356669957
I01764.jpg,7.482275455677456,10.636583064395225,24.126659116982168,0.6583439948319245,3.982514255522423,0.18876767739849765,0.98060696291793,1.1778678768778656,0.08108112751659763
I01765.jpg,7.512612899589136,10.699986691407132,24.248943781323835,0.6533174753102668,4.0035932414567785,0.18648559069541856,0.9791449622681241,1.1754768573057064,0.08383839127232437
I01766.jpg,7.500435490537842,10.623165931702475,24.039016105971086,0.6487937524057314,4.018296124878339,0.1840226778436633,0.9834500608660115,1.180399008835197,0.08280471949793122
I01767.jpg,7.505525880819515,10.478831437504144,23.72937765662193,0.6395423926895851,4.04452081234124,0.18452317272415045,0.9844923143113989,1.1862625761624839,0.08356807507802644
I01768.jpg,7.523871193790982,10.46253172108391,23.67633667831453,0.6374814586996748,4.06452513157192,0.18255133567937895,0.9841445798232171,1.203775037182377,0.08616855786371055
I01769.jpg,7.567423206067675,10.660780767750065,24.0855669930656,0.6256374135601472,4.102291780212393,0.17841033885042692,0.9816126155172905,1.214301648705027,0.0841195179105131
I01770.jpg,7.578678041249121,10.68610107443698,23.946524050332172,0.6199021331056045,4.097148004413085,0.1780765945265488,0.9813153728722742,1.221377842117842,0.08654420329768661
I01771.jpg,7.610986841063968,10.839375367512046,24.28231088542181,0.5953739148820189,4.133397126555402,0.1755588024974541,0.9807326746237187,1.223010482240218,0.08829769032249966
I01772.jpg,7.614727806994599,10.747263036611448,24.15166443996331,0.596899215922639,4.146090762012541,0.17713010243612504,0.9825426377809314,1.2405167348366428,0.08902984130797602
I01773.jpg,7.622887162293591,10.791536441067056,24.231279728471044,0.6076391434668691,4.173718277819106,0.17248649466373,0.9804736715193619,1.260557279772793,0.08574984497814625
I01774.jpg,7.613528033182539,10.673935787750587,24.063851502661763,0.6016540178648861,4.18081551063191,0.17424159806593137,0.9849270132450947,1.276925242624013,0.08786491090966993
I01775.jpg,7.635326557743992,10.67264529394784,24.12815368496102,0.6219870662871381,4.187809251055381,0.1790214900001047,0.9817162820322688,1.2915676153146667,0.08834164973047069
I01776.jpg,7.628607884946853,10.538866000419704,23.87998934110676,0.6380784739550711,4.1942421173870414,0.18149451941719327,0.9815485927870147,1.309725691992334,0.09436586749501699
I01777.jpg,7.650444035243487,10.57149044439701,24.10123124295667,0.6349798925830794,4.197177388653649,0.17947739947011923,0.9824303788149918,1.309298434537745,0.08931149294502297
I01778.jpg,7.664569507164265,10.583167197814292,24.160316842427186,0.6514509982036913,4.206900765355224,0.1793934567091659,0.9811902775946787,1.3486758793312699,0.07912284447336661
I01779.jpg,7.6542073973969345,10.472743373360943,24.006207709224533,0.7079838004850483,4.224334565668025,0.18293660801846393,0.980206873678993,1.3827111016701352,0.06836061964392261
I01780.jpg,7.625137123267942,10.295688097789652,23.75210387998272,0.7297027331783744,4.206077883884123,0.18573476063879663,0.9810236789210292,1.3909526441193591,0.06664987720710595
I01781.jpg,7.634205704642935,10.419634372361456,24.030864102947145,0.7548087876280252,4.205654879586472,0.18324653203563754,0.9809640470369847,1.4052833556694968,0.06991942654105227
I01782.jpg,7.6368470304424845,10.510579813420101,24.32128319345981,0.7550948685537546,4.203711453940583,0.18397972309142624,0.9806301849556234,1.39319469080731,0.06665666398362476
I01783.jpg,7.637275905147415,10.475456404298866,24.18013707155151,0.7613985318647714,4.20106151496981,0.18621165112688468,0.979385545168392,1.3901955911901116,0.06715326954053745
I01784.jpg,7.623200258809115,10.412833350202053,24.081663492045507,0.7711731251412135,4.191077843585357,0.18949749499024418,0.978290616578085,1.3790508435280666,0.06735209414303786
I01785.jpg,7.60523283725904,10.252582588930595,23.755808758173274,0.7696740009669665,4.158824044895372,0.19121026293566795,0.9787780713526357,1.36656097415857,0.06629678298236004
I01786.jpg,7.586267091752907,10.314344962542894,23.918142226634775,0.7729884697033083,4.143835616831164,0.19273161670802866,0.9785421959447519,1.3485429520467256,0.07082693538283406
I01787.jpg,7.560337176711342,10.22988809985411,23.897006975811028,0.7660784426001811,4.104092981873507,0.19750236214592076,0.978919682360779,1.3302753646249996,0.07051774812114328
I01788.jpg,7.529626621122724,10.147460382679393,23.59802641091403,0.761264292526587,4.062611261899908,0.19956189085749812,0.9781259241583257,1.3185424961701242,0.07171535049563336
I01789.jpg,7.481921834608559,9.864325191308218,23.047731934052027,0.7703224416165007,4.034675067526097,0.19858524242861103,0.9827439650406339,1.323942922621553,0.0778641195138284
I01790.jpg,7.443330158235233,9.785093422856606,22.989843505595353,0.7721310120858562,3.994605504211758,0.20227583130591864,0.9827570630407992,1.3118553713695345,0.07646852003212386
I01791.jpg,7.438990128960056,9.89424079924612,23.218200832050943,0.7678627149067101,3.9632133506636906,0.20353630171030715,0.9809355435928682,1.3047525514710026,0.07610764135047603
I01792.jpg,7.443498010528681,9.85995651916578,23.15401300022754,0.7637878632796181,3.931646352646811,0.20921156806494645,0.978594681657885,1.2943889696226285,0.07179119666841303
I01793.jpg,7.427627022892231,9.878422211125061,23.193658343983834,0.7607714344386065,3.9199640274723597,0.20963905958120863,0.9782509204059056,1.2916151472424247,0.07398483828531234
I01794.jpg,7.410534695412589,9.70952376705711,22.862286861537182,0.7473431157567374,3.898939484115394,0.21212978571062113,0.9788849956494443,1.2854187237654042,0.07668372202347651
I01795.jpg,7.382351784065839,9.54974280738377,22.53575012510079,0.7320175237719314,3.8609811432282974,0.2162209228367177,0.9805891690773274,1.2824656705603767,0.07886609869870354
I01796.jpg,7.376647301263885,9.422717037522869,22.357111303964185,0.7401776562570466,3.8413341759876523,0.22334294306170566,0.9776821310397025,1.2847785673736472,0.08211956301034667
I01797.jpg,7.365059746939214,9.307225984729143,22.08772477609031,0.738967729308748,3.834065362859257,0.22226285403876495,0.9793364477707044,1.2937571036171518,0.08363077445368537
I01798.jpg,7.362961022834381,9.288276390073001,22.02914631522182,0.7379878255264842,3.8202239785624887,0.2261384974648821,0.9776215027389298,1.2941959346756027,0.08582211559555715
I01799.jpg,7.370390705041533,9.249996972610775,21.945428291939685,0.7321394488304261,3.7952143023006557,0.2284022562980075,0.9756388538109405,1.2857496784754998,0.08538770147591979
I01800.jpg,7.351470993471655,9.103879799346496,21.732578031993043,0.7255718342725737,3.750319575516393,0.23270281246186827,0.9749063683003509,1.2828746231982846,0.08820358422843663
I01801.jpg,7.372998049785352,9.10817896391935,21.70904944530339,0.7374584980013077,3.7551678393758916,0.23308913528581618,0.9757467088550464,1.2775210766855045,0.08624450549673175
I01802.jpg,7.359224390632854,8.914376726718162,21.157124750213068,0.7301414662268653,3.7546901179615015,0.23534690800456057,0.977079101798501,1.2664428299047656,0.08153074781565445
I01803.jpg,7.383979419554981,9.005455368805425,21.2376066801323,0.7220097356785189,3.7580720230379767,0.2367431452444196,0.9770700882119601,1.2574910955752783,0.07151229103443135
I01804.jpg,7.372026214006561,8.897150075401113,21.03699654541876,0.7388297407822818,3.7948970189898716,0.2355601162957399,0.9771104010740079,1.2610766584989328,0.06913560627432774
I01805.jpg,7.3644041684374,8.78807888089768,20.88301514846878,0.7663212780221276,3.819452219409092,0.2287743507221154,0.9775107096758757,1.2791451290058125,0.07721227100086973
I01806.jpg,7.362014649248214,8.710407853697765,20.74555638399155,0.7714463257663368,3.8079147017170563,0.2261123159276734,0.9773300266151189,1.289299020450494,0.07272317250535972
I01807.jpg,7.36471888157894,8.649458139117906,20.549157197306364,0.7712403605346834,3.826072287422625,0.22766177003595425,0.9767911972454122,1.2996502856902499,0.07061373971469498
I01808.jpg,7.3873821248384095,8.756188875535,20.783748836200715,0.7693106385296028,3.82460815453797,0.22479353610901665,0.9763539625204672,1.3147308931448205,0.06843858418435532
I01809.jpg,7.384824217449527,8.725902072122535,20.744540682725535,0.7845515567483841,3.806907875815247,0.22642095872025783,0.9762129519350727,1.3232096332690655,0.06940255165009034
I01810.jpg,7.387771068443828,8.729091548537221,20.846459957738816,0.8008385819616997,3.8048892682595548,0.22761763280297054,0.9760370724345586,1.3283631579054722,0.0674400225496321
I01811.jpg,7.338358011819607,8.372902561959695,20.055906084556465,0.8049793026492102,3.785957637622379,0.23902953580185726,0.9758546643304514,1.3243774648712188,0.06887082481798854
I01812.jpg,7.331012850240848,8.340199869038697,20.002861314929767,0.8060290668953269,3.802883543535833,0.23554169216553414,0.9763910700523045,1.3246540354149687,0.06768685047453046
I01813.jpg,7.353733910472207,8.452649849077229,20.268279165203626,0.8066445904191255,3.798610986379032,0.23560192682447575,0.9757428319659731,1.3173454002000646,0.06657670727652863
I01814.jpg,7.3917827372195335,8.693932853611622,20.938187726486927,0.8265319544200368,3.8456940238339574,0.23138223529655097,0.9709569535980679,1.3169215135757772,0.06754415466941417
I01815.jpg,7.33933917810738,8.303095738219577,19.980970573248428,0.8315377821605876,3.8554021049037495,0.233132357787521,0.9778369049527413,1.3140952866844513,0.07013533110336657
I01816.jpg,7.328231796328352,8.197512179984638,19.68048388832021,0.828255492526461,3.876111390064332,0.23200778030766875,0.9783671338913584,1.320201626611757,0.06917791721560239
I01817.jpg,7.3157132440930575,8.118243996438423,19.541033530025185,0.8129887955477844,3.8953151181680945,0.22965032312133055,0.9796697272752937,1.3284876510769532,0.06932040136879697
I01818.jpg,7.335216845717776,8.209295270348937,19.668299460717762,0.8174602987397039,3.894361328687168,0.2314128424986261,0.9773733789981058,1.340999618743982,0.06942498368365271
I01819.jpg,7.354331836554315,8.390065910488524,20.1091682034174,0.8154298409812408,3.9170361907785507,0.22666951275289524,0.976733249029332,1.352631032804315,0.068778841026954
I01820.jpg,7.369153296851451,8.499363887170572,20.425763779609127,0.8458034141579392,3.9232264402332104,0.22210946189322953,0.9762409418763803,1.373121483941535,0.0687691441130297
I01821.jpg,7.317200343806516,8.20803916083771,19.7504847607423,0.8611082441242284,3.8992047748366168,0.23164384607926236,0.9749240533147804,1.3809679719990577,0.06760575943996358
I01822.jpg,7.309551699862948,8.150159473463123,19.66745828624473,0.8662266762439391,3.8796560393356936,0.234119283048556,0.9753731877896825,1.388638795706801,0.06516251198853973
I01823.jpg,7.333348710822273,8.283481097197138,20.082919789697208,0.8774338373845794,3.8523811287373726,0.23365809615713776,0.9727706334528611,1.3840505539866796,0.06275584570737268
I01824.jpg,7.282994809933954,7.9970169792972925,19.514698771368593,0.8843783794116602,3.8170862748490118,0.24009770049584092,0.9761715192180879,1.3871380222312268,0.061368136422427694
I01825.jpg,7.283315816996717,7.978694218992442,19.534105575563345,0.8931903101381544,3.8142397306795073,0.24556611758112756,0.9744950544312904,1.392043997265502,0.060940778208673795
I01826.jpg,7.273213090868431,7.892227479037222,19.344015785021902,0.8847747430484055,3.7922452963928035,0.25137887525883773,0.9735835484709111,1.389909789830973,0.0632012337469438
I01827.jpg,7.2675589310539115,7.877140285789128,19.31334751297306,0.8759202780343839,3.7714936421228096,0.2528968483324251,0.9735367270881218,1.3902667614680153,0.061885792901539886
I01828.jpg,7.249572077081498,7.7976809711270425,19.201287200264957,0.8756987811648314,3.748654001640868,0.2557236631479495,0.9743472139191053,1.3917798564942463,0.06337680939972436
I01829.jpg,7.209706408745434,7.648878161345285,18.790873342021182,0.8655528220198423,3.7063614040635793,0.2620164504002672,0.9728743923574129,1.3893264075919942,0.06516815618875064
I01830.jpg,7.1834986190552925,7.604616424109978,18.773692139377317,0.8696648511048966,3.6729202940707646,0.2647563174107446,0.9707035453046061,1.3885293061486492,0.06415341696644271
I01831.jpg,7.159187557561724,7.513753179586436,18.47872675604328,0.8591070617237594,3.670830999232791,0.2602846663292867,0.9759914780882768,1.3843468725664523,0.0649833494728804
I01832.jpg,7.16869570944675,7.548610842181005,18.571630750959915,0.8543537320661065,3.6694000616185125,0.26332392632413365,0.9735686964637883,1.3886666918812272,0.06511695542511364
I01833.jpg,7.140042388163444,7.314536715216462,17.924903344968715,0.8358717603370243,3.659708135088933,0.262924574057696,0.9753196161981916,1.3858979094621822,0.06586776311889031
I01834.jpg,7.152638839489332,7.489822740254537,18.386870915379365,0.8332088153342478,3.6388515586451593,0.2658323199997733,0.9736924330745887,1.3853302578105546,0.06815747494300914
I01835.jpg,7.159986656395889,7.5039098996417035,18.43770355487502,0.8285105568047506,3.6257035093211245,0.2656459153528969,0.9736671174917904,1.3888154793289167,0.06859569877849056
I01836.jpg,7.144298521976696,7.386926105382799,18.1940815023921,0.8344871432485774,3.6137188535814486,0.2634885958533784,0.973932366523904,1.3964875989826688,0.06775489412581256
I01837.jpg,7.173952483887857,7.469908582749233,18.46764318952178,0.8296132721161877,3.614016604125323,0.2630715457533065,0.9716781839396178,1.400075217428948,0.06835510310867354
I01838.jpg,7.163308472818071,7.303138859087395,18.11265806978482,0.7951107979668959,3.5950849705523975,0.27465874923873435,0.9697002838748088,1.3969135763325629,0.07420127409938417
I01839.jpg,7.172206148139225,7.2572129455557,18.067846416830008,0.7969754775512123,3.592345082070006,0.2755106379660531,0.9696627009737426,1.4013278035434138,0.07656173297742414
I01840.jpg,7.165730826066362,7.147425046063919,17.83828414190813,0.7840386405085368,3.5797931675649584,0.27493166462167634,0.9714155505916164,1.4053599349174462,0.07641638402319557
I01841.jpg,7.161210666304,7.072242966950882,17.612851726960127,0.7932981984535561,3.5796927522817157,0.2724278880525739,0.9702363025891148,1.4141389771358994,0.07477284164720324
I01842.jpg,7.216213928763018,7.255156542589916,18.032818750359947,0.8013790878090143,3.618631087099123,0.26778675494687115,0.9696782587614015,1.4190043550394484,0.0780389675702598
I01843.jpg,7.202354639073777,7.096000669434473,17.538311966724645,0.7816852683790522,3.6537781187190683,0.26952577544574,0.9702006779475071,1.4272122359127248,0.08028597854022748
I01844.jpg,7.2685140373318005,7.293166558208805,18.069013429723537,0.7931804163732437,3.7002358961450756,0.2632104211386637,0.9674271135259678,1.444388671128605,0.08161014541608134
I01845.jpg,7.298785795502223,7.225384685029237,17.90698239185913,0.7911078021743334,3.765816613701436,0.262653940698312,0.9677112561923918,1.4692682047342658,0.08265535238384801
I01846.jpg,7.31802999923866,7.134936414807526,17.682149904496853,0.8144747295254456,3.7842552333706685,0.2624508741496649,0.966599713766612,1.4909234965137554,0.08010718307899739
I01847.jpg,7.3205988438481215,7.0384775144834055,17.493744505214586,0.8124452452593769,3.7930140403984347,0.26629002421865067,0.9656549412645016,1.5043527704220792,0.0807554414019466
I01848.jpg,7.348835546417125,7.030414393789566,17.437120049975423,0.8246816124422334,3.8254674125580257,0.2662507246792409,0.9665556490791526,1.5299850614692865,0.0797972289287111
I01849.jpg,7.328938646958609,6.723402601334843,16.582232511004648,0.8307211073390341,3.8038079661132906,0.2753633366869752,0.963324490767118,1.5513249413989665,0.08057513826517484
I01850.jpg,7.337194103161315,6.715480095594653,16.568655441442885,0.8429635335897036,3.8005621540374914,0.2752148104331219,0.9640014381873496,1.5641915238905062,0.08412071646674531
I01851.jpg,7.3517977404459645,6.64821453730497,16.27473607508661,0.8556174433533663,3.8184207646279735,0.2761142030303327,0.9626471339219221,1.5858277565364889,0.08736731503492365
I01852.jpg,7.382165940403726,6.612898400722731,16.31451982086185,0.8714286762108725,3.7986838308478283,0.2785649535890005,0.9617399285302628,1.598786577971508,0.09182746816613767
I01853.jpg,7.350505517822336,6.354617023448417,15.87104030437631,0.8645798384337617,3.7530151535156655,0.2895623190092693,0.9597405848875766,1.5991731841679244,0.09438246150100972
I01854.jpg,7.328512730480486,6.278681432342471,15.843840521650367,0.8536950648459437,3.7204195762159618,0.29734788630325204,0.9593450369255124,1.5906295279129523,0.09698984557398257
I01855.jpg,7.312535243575657,6.257078176806539,15.879018520257057,0.8455427631085517,3.67949855043737,0.30434824755096845,0.9578685718413911,1.5762006078635848,0.10234393564855082
I01856.jpg,7.315389819128945,6.1757104367251126,15.77942512745446,0.8374972055628398,3.616133672394221,0.30905847731121583,0.9560154172275938,1.5633888685865158,0.10970267893411371
I01857.jpg,7.231809855870145,5.850282105722778,15.058059104516028,0.8182579028800346,3.542323310441347,0.3208609919942675,0.9562191503003514,1.5497738263826624,0.11129156662367545
I01858.jpg,7.214968996516811,5.761313530415051,14.848142667898719,0.82114366779457,3.5231851091963926,0.3241424304855994,0.9560442299893114,1.5452122334111746,0.11435950360278292
I01859.jpg,7.211718205627461,5.833478734327546,15.14061643168377,0.8092769506736959,3.4782712265676334,0.32456388857071156,0.9549691804115956,1.533133701403501,0.11778074734511876
I01860.jpg,7.150090682418891,5.633310769922058,14.810809037261784,0.7863367929566949,3.430310877311978,0.3332589409954703,0.9544205776602356,1.5183094750931576,0.11974417248024306
I01861.jpg,7.133581275603181,5.618546363897194,14.844640711150177,0.7767951633081649,3.388055214187636,0.33953926718678323,0.9532251002313147,1.5056274826261018,0.12256908312552993
I01862.jpg,7.113427958456308,5.554794017908319,14.78769640862056,0.7768295331542698,3.3529244516872287,0.34484886000429693,0.9521992863589355,1.4947226438267074,0.12405171549850535
I01863.jpg,7.051798760999362,5.404273372363006,14.432706529601711,0.7624296666300565,3.3145190861085867,0.3518531299268655,0.951723068309053,1.4786946725141923,0.12686148169472203
I01864.jpg,7.0172214669014785,5.374173664929116,14.441227979771163,0.7550935392625768,3.292174003415008,0.35729793323780606,0.951244665298069,1.464537669901623,0.13079375169405696
I01865.jpg,6.967269306837274,5.288974928111157,14.30919293499743,0.7578310337356792,3.2501890031887974,0.3628231752777571,0.9514933970522963,1.448549494766426,0.13323320952475123
I01866.jpg,6.958186049993572,5.332438665667333,14.435669606405314,0.7737657333113475,3.2147449039439646,0.36565427689820323,0.9503369256777862,1.446205095138601,0.13247122887565982
I01867.jpg,6.930870307834153,5.409309771698367,14.749251705013483,0.8075614969313051,3.19423087944704,0.3720774389225628,0.950998133887899,1.4245888797449575,0.14087055205034152
I01868.jpg,6.868282887560644,5.180061833828584,14.306206874886817,0.8353796285385225,3.155587562171721,0.3839325644216515,0.9489057662639533,1.4066260135344706,0.13799527304738682
I01869.jpg,6.881468450275397,5.157801408376534,14.271005974338594,0.8510169873292219,3.179032174923444,0.38723424735954926,0.9482894295341451,1.4235213411834933,0.12988649256593918
I01870.jpg,6.880623693280799,5.125997354042231,14.1895448556599,0.8670325967485519,3.208589195307633,0.39230865216077626,0.9485558655618681,1.453797639711762,0.12546577552451374
I01871.jpg,6.914650042196703,5.273964728471307,14.518704657319487,0.8861839063481444,3.223486493668325,0.39093292383498596,0.9481059118904788,1.477256786876021,0.12466352312260369
I01872.jpg,6.903296134590664,5.205937461463489,14.359576124335574,0.9038251627344105,3.2405322479525376,0.39397632988394377,0.9483258649850461,1.4989831998476073,0.1251316653643725
I01873.jpg,6.941076490957209,5.324382493243482,14.69631827476982,0.9081523962001267,3.2342165287809865,0.39301542149028373,0.9470586201034461,1.5090600861523171,0.12688095394972715
I01874.jpg,6.940522584692156,5.252005300041875,14.543489337426665,0.9120960169626461,3.231260934398783,0.39344878291935437,0.9486472041408847,1.526843487692623,0.12733951535279003
I01875.jpg,6.934359978314468,5.1942426489517395,14.390949165783223,0.9196052057332863,3.2081077143202696,0.39508378152383244,0.9458758125615974,1.536291948214636,0.12590704382519258
I01876.jpg,6.910028878550383,5.104948604685677,14.14843351597209,0.9005672723950949,3.185865309676322,0.4059601046163136,0.9445168657966224,1.5355404817108802,0.11876524062768513
I01877.jpg,6.9102816389662065,5.061727811219965,14.114727632935777,0.8842890561034604,3.1751439622465294,0.41422987752015333,0.9439013396781861,1.5341724191898516,0.11141220092012696
I01878.jpg,6.900406528880474,5.001015592423381,14.041028269947006,0.8612892868376587,3.152102402952315,0.4244763503428786,0.9431831721505444,1.526164738382249,0.1042720586270709
I01879.jpg,6.876901277831606,5.002667921456536,14.004721170859828,0.81803082714429,3.0972739694204403,0.435678636114824,0.939879918750166,1.5035916893710484,0.09688941263115747
I01880.jpg,6.845591755821901,4.941491133210213,13.80838817335602,0.8111768761351924,3.078270288407358,0.4432951703480406,0.9427897378661758,1.4909740295659242,0.09527379294598244
I01881.jpg,6.837475754563776,4.9672414193304,13.905640408538137,0.8063665668688993,3.0527904120672877,0.44613733863647503,0.9412174607995314,1.473259467280982,0.0959435093394449
I01882.jpg,6.796941399684325,4.859948272345103,13.645618730538226,0.8386614553518903,3.0394245519346375,0.4505944663263115,0.9439316125619792,1.4717758978248732,0.10243252252377048
I01883.jpg,6.781817608078407,4.839092015822453,13.60425149359495,0.8258171089014988,3.0494418698757606,0.45223376232718815,0.9479653883761051,1.4577923822092016,0.10318126335339954
I01884.jpg,6.801301262980115,4.960119311038882,13.862002612233509,0.8185010286602231,3.0552409446223656,0.44728663102933863,0.9448241316981396,1.4346513945590735,0.1026479758804497
I01885.jpg,6.784736667280935,4.93885698491678,13.669700912573605,0.8391817638168135,3.0699150918375198,0.4507150628027354,0.9448203536519153,1.418844752798804,0.10655735529404009
I01886.jpg,6.79983233113128,4.986691338598521,13.817739224613112,0.8674241496227955,3.1021865519898966,0.44883166088374377,0.9475493336015991,1.4121362961505923,0.11790638040505143
I01887.jpg,6.845101229530929,5.1146703350587135,14.080295385298381,0.8918520405789592,3.1693329142945803,0.43601188943901753,0.9495459797966008,1.4184496446934676,0.13132664002007813
I01888.jpg,6.882233395870728,5.25622002921829,14.373849591648485,0.9105484927621419,3.2175501397640076,0.43152090060376375,0.9508244704520901,1.4228909562004273,0.13541741083699696
I01889.jpg,6.878884025444889,5.243533347721979,14.29779244752661,0.9058146487065589,3.234749480789614,0.4339888765514504,0.9528175043541842,1.4296741305444165,0.13230142794062427
I01890.jpg,6.909342011923334,5.318643899956739,14.525678222328466,0.9037682153731299,3.2750691463248685,0.4312242781280894,0.9520803297886724,1.437357214242384,0.12939500367742343
I01891.jpg,6.947780241169372,5.45658994802707,14.936027288136588,0.9022428195709226,3.3113490358414586,0.4290867304120537,0.9546251346966766,1.4556426455891043,0.1281713298772357
I01892.jpg,6.956877524793253,5.422804730594747,14.843195939091908,0.9359192502937547,3.335089555525858,0.4294108658423585,0.9533005328702893,1.4762480201584538,0.12740183195583854
I01893.jpg,6.966068805154027,5.453466883666181,14.867880669844814,0.9508352552620037,3.3347816283138316,0.42779808626657556,0.9524864500544445,1.4992168417053369,0.12743287831830857
I01894.jpg,6.958544393535631,5.424816819542031,14.853730777643236,0.9500602189982237,3.323640389987719,0.43107884014933173,0.9518792178655059,1.5057018405648406,0.1267520896833694
I01895.jpg,6.949668095282143,5.400976221234318,14.832328810445663,0.9581561407203609,3.3258709153244976,0.4331756484957488,0.9519077190320995,1.5180602977290634,0.1301827157193537
I01896.jpg,6.994282190804336,5.513647330975257,15.204087004557586,0.986288141164036,3.3317602789182956,0.4321732858611779,0.9486093087475084,1.5198250759059913,0.1276479603317199
I01897.jpg,6.991693989041595,5.535828930384092,15.299798653839835,1.0220674920527435,3.355582118779817,0.4272434167987659,0.9512707703017033,1.5475059104379543,0.13502135647856656
I01898.jpg,6.977667218870011,5.463650116480661,15.055012478749198,1.0339685348724827,3.342954233223328,0.4278223280183382,0.9534353934753965,1.566997955129183,0.13707650701594332
I01899.jpg,6.999037586278663,5.532099046523258,15.127824440544039,1.0415789107718045,3.3372310495762716,0.4260957082746188,0.9537746602695794,1.5713491114121,0.13741100122792063
I01900.jpg,6.958674021377757,5.376230406347489,14.660968422926201,1.0303619238885702,3.3068753760764196,0.4341124466981569,0.9514131647149044,1.5676706700820113,0.13770151962988444
I01901.jpg,6.995265383745291,5.539957854717355,15.134232921673004,1.0009878098836456,3.299947336185954,0.43677406620537235,0.952978223242722,1.556776590384157,0.13336652311976832
I01902.jpg,6.979566526264236,5.549354660709092,15.196394555140051,0.9845959603778854,3.2597815878189467,0.4467083936576173,0.9516338309590873,1.5399580582744963,0.12826299556040216
I01903.jpg,6.939418078810375,5.398550054066838,14.790715241425655,0.9895657599405778,3.2530583274591427,0.4547946733466179,0.9522808917977952,1.536904240312028,0.13186664226521227
I01904.jpg,6.964601360368433,5.518879376178228,15.137922388498234,0.9877423479708348,3.2534811345176466,0.45439250502745177,0.9528799100949883,1.5295673997188772,0.13900504144836018
I01905.jpg,6.980692970102889,5.586273271996342,15.291132049745208,1.0394575085678404,3.2575125551376365,0.44722508154997487,0.953221126811718,1.5424105159602843,0.14904809844518727
I01906.jpg,6.984989447963553,5.609320658215311,15.387643753011954,1.046300510962046,3.258173772987694,0.4486027389211635,0.951885362792067,1.5394264256734158,0.150075246606205
I01907.jpg,6.996043263547812,5.686710052709184,15.582377651045551,1.0437993315592018,3.2585283155003957,0.44720508323892066,0.9522740081127354,1.5389501961879244,0.14782109660548526
I01908.jpg,7.020718277547813,5.772078994881483,15.737426412013159,1.0474872694361277,3.2541160890415544,0.44436964489912906,0.9512405996000505,1.5388767774268821,0.1476584471815205
I01909.jpg,7.011722339256706,5.709666512668412,15.55333959473076,1.0498435354669273,3.252525735336657,0.4459387207715649,0.9519806429532313,1.537636424965422,0.1464296274580026
I01910.jpg,7.0236585267194895,5.7836989425027525,15.773744453779427,1.0606244314010853,3.2510000067608846,0.44728663545433484,0.9516542738350964,1.5372148380418165,0.14697873740599457
I01911.jpg,7.006183099456304,5.757413131934632,15.744578217907392,1.0542609683235502,3.2540630091094034,0.4495919184367373,0.9531713042303012,1.5314880886385094,0.14629023574419958
I01912.jpg,7.023221327568036,5.897875275712184,16.07018918345882,1.0482354954697006,3.245995516196831,0.4448887241124871,0.95394827713379,1.5238020139392092,0.14631965532043453
I01913.jpg,7.001533388717253,5.817645030136117,15.842433691501057,1.0711691711332465,3.2390588360981725,0.4444446237372011,0.9541711137997922,1.524456853213924,0.14733127614405075
I01914.jpg,7.009710776695736,5.874231002419114,15.944769103524388,1.0699504047627575,3.236433014413276,0.44311757385888584,0.9537352624977278,1.519507391406719,0.14695195143746753
I01915.jpg,6.997752037978707,5.855503285261365,15.946028571587421,1.0831363836779908,3.237913632928942,0.44587380898230916,0.9535308534281327,1.5109324343739274,0.1454745774806304
I01916.jpg,7.011323287025721,5.940511240130249,16.164712554985137,1.0828367520896784,3.234192933878684,0.4436463324729349,0.9534564123276745,1.5057294235317318,0.14296413355792167
I01917.jpg,6.978607278720433,5.807261427760479,15.807521207187618,1.0896309445831411,3.225650598811889,0.44941900757890046,0.9522141389211248,1.50097952980843,0.14253707166175694
I01918.jpg,6.992742452207498,5.928279764987652,16.08935298300602,1.085409843700901,3.235636435348486,0.44593294777819364,0.9520128477821559,1.4965680497812723,0.1420069631300366
I01919.jpg,7.002676223951469,5.93857325715611,16.122810118817718,1.0761567940476484,3.2367225750069855,0.445952920794754,0.9515615511326039,1.4905105913057493,0.13992629214466853
I01920.jpg,7.021691681493573,6.053028797793274,16.437119301488707,1.0778746656602545,3.2342096355646897,0.44350301966329203,0.9523047041153373,1.48744074207356,0.14116819785504311
I01921.jpg,7.016116808826872,6.085022935521748,16.570230345441203,1.0782036505167842,3.231471758610409,0.44223061085209237,0.9521958448981823,1.4893282823960095,0.1423830933826942
I01922.jpg,7.001000824983297,6.075915578586234,16.48648575720578,1.0713623852407612,3.2226571409706466,0.4437402494313159,0.9519189551850948,1.4853654835635777,0.13956647179757223
I01923.jpg,7.0231584509719305,6.188826334614835,16.837743458652994,1.0627177241094297,3.223746677614379,0.43764391044921613,0.950317271626801,1.4846303472825724,0.13653375782475177
I01924.jpg,7.000281780999596,6.138045726156774,16.729456783312063,1.0452056143989648,3.2083491162535984,0.44113049665474646,0.9486980295918002,1.4788075861097492,0.1346613863571872
I01925.jpg,7.012246443799541,6.218277463129822,16.907003512438504,1.0411424939467198,3.1927446422990733,0.4410191457884109,0.9486613862381231,1.4722607668622525,0.1362589066643294
I01926.jpg,7.006637651550506,6.236906705538142,16.885559513917187,1.026154680969959,3.1772551083268707,0.4439394804529831,0.9486892452370889,1.464805076084014,0.13600538947716773
I01927.jpg,6.989919768794536,6.174151302836368,16.79914550887727,1.0164475144047156,3.1570025018156134,0.4487794365063495,0.9483382823228813,1.459391627927843,0.13588842805280188
I01928.jpg,6.97044931347172,6.110904201942788,16.67796002184308,1.0146984257319858,3.132956973119921,0.4540826616773865,0.9480162746889279,1.4557683636081036,0.1400109069013832
I01929.jpg,6.940411906102237,6.027325655604582,16.405325720929895,1.009836604198339,3.126322793613771,0.45248982074246685,0.9480263965053758,1.4569700518931799,0.13851526722446605
I01930.jpg,6.948546682894899,6.044367415856068,16.501973199750815,1.0112064729766814,3.110025839127572,0.44944342053000275,0.9473643513214914,1.4536630923365699,0.13898972836208992
I01931.jpg,6.940171510085867,6.044692440673248,16.608089309571582,1.0036524505109474,3.092958447082942,0.4510543376590181,0.9483168729952306,1.452326344894467,0.14051392897305368
I01932.jpg,6.891071208978001,5.830104514558876,16.13268265834613,1.0206310034892883,3.10077977609434,0.45844433650794525,0.949162280279531,1.449825373851444,0.13811622720486616
I01933.jpg,6.89711262445372,5.870408268971271,16.284507572759296,1.0217902782882955,3.1010874674808266,0.45568079845157244,0.9492321523043943,1.4448825861248036,0.1386899280934816
I01934.jpg,6.909511295549274,5.906211207064381,16.411151812076437,1.027882268432617,3.0962870065401433,0.4527676268818748,0.9484660961351243,1.4431345928442334,0.1383932297715755
I01935.jpg,6.9089744945263005,5.910100053037543,16.46473364631562,1.0135048929043888,3.1062733831252416,0.4541945337757925,0.947351887606269,1.4398425862091548,0.13592678121315274
I01936.jpg,6.918502896418987,5.91697947723119,16.57298548962183,1.040853839009987,3.0985899217254937,0.4501054016815051,0.9476519098929584,1.4502031260898054,0.14100928222203712
I01937.jpg,6.912433931291758,5.930257373888688,16.69737718998136,1.0464980288757328,3.0959045947315387,0.4529711175183239,0.9492050762998606,1.4522165042394415,0.14136279505605945
I01938.jpg,6.8914924101350765,5.834444117065353,16.506203806240162,1.0422518732511055,3.1002386224961986,0.45874733489061814,0.9476332039118339,1.452319283755474,0.13942422501390278
I01939.jpg,6.927461818707094,5.9856061421428555,16.979138548033976,1.0572061371993327,3.1306566834476452,0.4450053584867882,0.9457789643919734,1.456419749141058,0.1389498482672633
I01940.jpg,6.919411929089951,5.912658453796154,16.763297235066148,1.0499428230206929,3.131216825539015,0.45080239630963703,0.9481999878604289,1.456696167292724,0.1359498712516867
I01941.jpg,6.886648252852706,5.747130819560305,16.26961485859634,1.0585357755057518,3.138153765538141,0.45169455233835515,0.9481728309089108,1.4627564391785617,0.13542609706699674
I01942.jpg,6.885975855220565,5.742324550490899,16.375542106727817,1.056544372034663,3.1538981886575908,0.4501229405325519,0.9509941190759608,1.47025276561034,0.1357494659790841
I01943.jpg,6.890008969884139,5.751344738484789,16.4565348669892,1.0594707492486894,3.152913067250646,0.4444467234797275,0.9507425801887966,1.4788422989281136,0.1351914050489742
I01944.jpg,6.900123001855917,5.795612379094701,16.600640047901766,1.0759417258812607,3.1581226927767467,0.4381695409160948,0.9510708344556533,1.4932104028669473,0.13901465377922873
I01945.jpg,6.856914995827829,5.566446603175145,15.950929559089014,1.0666170464560047,3.1408092685592925,0.4443062055720517,0.9493247847455396,1.496347537458865,0.13717093868657224
I01946.jpg,6.8533424122673425,5.4868857330773215,15.772885936308674,1.07190397338096,3.1469695780807485,0.4399007161520377,0.9479971579191171,1.5033404854365822,0.13602132839588402
I01947.jpg,6.858296608784112,5.481734988343879,15.799857380995688,1.084785697625933,3.170600368898631,0.44155783024113815,0.9503173208631992,1.510094290675232,0.141937764620529
I01948.jpg,6.8463717412719705,5.399822366040256,15.619919762353229,1.0948683600444196,3.175632317669785,0.43969325442942264,0.9478165407080462,1.5110041358720223,0.1420145190602382
I01949.jpg,6.874168026524416,5.457140178026378,15.884599344129816,1.1040115893873523,3.194461313344709,0.43889126195504596,0.9508703099043807,1.5155017726977886,0.14289079540110627
I01950.jpg,6.855225255701069,5.421488902199785,15.727302837241792,1.1015895674196226,3.190021702302053,0.4405766855412915,0.9497793520418303,1.5144195656702213,0.13965886440881067
I01951.jpg,6.8530044480900285,5.372310077166225,15.660649527636169,1.1096160337454495,3.1921961537560053,0.4412828647496482,0.948976843737094,1.5171722816746178,0.13992134546254054
I01952.jpg,6.836457191195331,5.316338046193727,15.551088914335505,1.1240098256050728,3.196560005768081,0.4423644096461127,0.950763916593338,1.524675533168899,0.14268339177877948
I01953.jpg,6.849352734545124,5.3613691604131,15.72395040762876,1.1346096342948453,3.18862371714777,0.4409049017020114,0.950408347891412,1.5274251299934336,0.14100730325715777
I01954.jpg,6.8409248124608295,5.283098250079128,15.486091364036767,1.1371356857170978,3.182745340231864,0.4420130532939524,0.9500966492098298,1.5327248287201969,0.14076647858818564
I01955.jpg,6.827909882536706,5.191655158649668,15.212328410265298,1.1267103863111732,3.16414643153602,0.4451061207448654,0.947292162341536,1.534119018414403,0.13954499158061515
I01956.jpg,6.832072125777697,5.150124946709097,15.137635501571285,1.1396761713867056,3.1619330398726566,0.44568927745486564,0.9462991737658221,1.537398877390512,0.1440109907382603
I01957.jpg,6.819268082018983,5.050111654948126,14.900408251250084,1.1464418293079555,3.1576185506464003,0.45008512256542094,0.9448364809670821,1.5371730355475843,0.14562256294033185
I01958.jpg,6.8210191880784175,4.984557243261537,14.850428193305062,1.1476905760836529,3.1730979150524123,0.4515931938412587,0.9452721880503846,1.5386725657747902,0.14749497415329021
I01959.jpg,6.8235081791113315,4.943808219104757,14.591663762163629,1.150071216187857,3.1798631029828384,0.4511135041306695,0.945786466093993,1.5423431420479519,0.14759127022340712
I01960.jpg,6.815025601862258,4.908309472993771,14.510465712584088,1.145722905086328,3.1767856658675697,0.4532943805372184,0.9453042832255533,1.5439055184650934,0.14952948467724167
I01961.jpg,6.831230834312116,4.869442658866428,14.39248350685517,1.1479685058515563,3.1846509232686557,0.4505441842536308,0.9443850537745635,1.5521310970335107,0.14957303591369225
I01962.jpg,6.827962722684609,4.771887615198655,14.110446584662991,1.1627057938377732,3.202748422647751,0.4492848562376862,0.9441716142529231,1.5497555994566812,0.15099272302903852
I01963.jpg,6.817181751008032,4.704895487816938,14.000315669585426,1.1818391242068738,3.212541433738708,0.4484940598261673,0.9419273885322299,1.554282639138569,0.15037416932553646
I01964.jpg,6.834380433860613,4.702188033103832,13.969415778975238,1.1645483378418542,3.210303179811643,0.44454701496662824,0.9420999022322459,1.5555030139720607,0.15127276335045503
I01965.jpg,6.844816234889916,4.701683904720812,13.91135935549244,1.1652738629674506,3.193553247275908,0.4472421380504678,0.9407645001562165,1.5559643375416499,0.15190788300995847
I01966.jpg,6.831678956785851,4.587576745278053,13.525015403564858,1.1389981933024824,3.1812692583224402,0.4502672570646736,0.9396930000408116,1.5614102286890417,0.15182662211328712
I01967.jpg,6.8608826421724665,4.608182218804425,13.556840668886268,1.136543897822195,3.1729371894186365,0.4500204602992267,0.9404501510045472,1.5653332088805094,0.1629693809453366
I01968.jpg,6.879976949896905,4.575602973769022,13.43775763546909,1.1348475557877207,3.1674733066508107,0.4531357327807415,0.9391504212316687,1.5667026346842272,0.16944719617999823
I01969.jpg,6.895506235789786,4.543751297865085,13.212955174232391,1.1402647263136054,3.1668451845573937,0.45783382524155564,0.9360808440404541,1.5693725797168305,0.17149862956231557
I01970.jpg,6.902725580796668,4.547161163357708,13.250568800221814,1.1307413997338012,3.155336338800054,0.46232250576616657,0.9361977121108152,1.5713305951596128,0.17446467197816584
I01971.jpg,6.8930354728170835,4.503532930331036,13.137568678576478,1.1266715659273332,3.1465646155994635,0.47087288072579786,0.936079579813386,1.568696436225126,0.1757553845281766
I01972.jpg,6.895236574559387,4.497465594461043,13.15733528544916,1.144204187641245,3.135576641101987,0.47245886683996813,0.9336076066701285,1.5692373229701464,0.1827292155110986
I01973.jpg,6.900720706014137,4.482974500829212,13.103975340727414,1.1615266872736725,3.132627962194616,0.47856798077521506,0.931656021022472,1.566785638093606,0.18306307854099924
I01974.jpg,6.873887389069759,4.4129067300696585,12.801680032017549,1.1556896947022013,3.1180645626271297,0.48683813423763056,0.9291116928873894,1.5633473360034575,0.1828236756395741
I01975.jpg,6.878259458156716,4.454074602146412,12.890885878227694,1.1466489954779115,3.1028190438407934,0.4899169784718169,0.9325924111287728,1.5601977845706567,0.1858891624598197
I01976.jpg,6.895193056807753,4.495086233634225,12.967982347939504,1.1452594062713293,3.0933305587306545,0.4900978316896148,0.9324891749845098,1.5624971092067506,0.18760786365439625
I01977.jpg,6.8597816537611225,4.389170843326963,12.64445392547774,1.143621667372717,3.075880847481543,0.49710720707299916,0.9305879087755784,1.567961678312636,0.18524479823809767
I01978.jpg,6.912783211602497,4.554779993965102,13.078591505196723,1.1495721975619348,3.091389538926238,0.49121193938616886,0.9323218264047617,1.5737698712940307,0.1916832412287615
I01979.jpg,6.867837764650095,4.412773859881399,12.671675875167189,1.1621219804824283,3.0704015249104573,0.500069105448681,0.9323099009466126,1.5818506341703769,0.18949186665319215
I01980.jpg,6.87111146724197,4.431030504878851,12.697315820444794,1.1735850667320027,3.0831737659946175,0.500321278460527,0.9324225284942298,1.5886434411679466,0.18775612062456096
I01981.jpg,6.879993902069603,4.513822899861726,12.884969607617073,1.1543145965333048,3.081572014557813,0.49909984328041906,0.9337178036835546,1.595480215957446,0.18371683768103683
I01982.jpg,6.84990464303349,4.503979367026415,12.950765790439712,1.160428845860943,3.0831673716808456,0.5036897482543884,0.935495686459558,1.6041701008364173,0.1796521760613896
I01983.jpg,6.862091900170167,4.5954536764413465,13.286106810920062,1.1680344998613332,3.0950957922327986,0.504837810821973,0.9352692662139104,1.6059739742187582,0.18073589028453124
I01984.jpg,6.823046574559287,4.4961891666486675,12.915164365513716,1.168512011143381,3.085198345775186,0.5117633096600218,0.9324379255607554,1.6102671241374529,0.17819948268230681
I01985.jpg,6.840328983075079,4.601552303716239,13.255778775910615,1.1774049481449125,3.09600124863627,0.5088260504508196,0.9368366346715608,1.6135832834843327,0.17946351821935239
I01986.jpg,6.86809123638777,4.727505961071634,13.607799112684477,1.1793726527886377,3.097623683420425,0.5084218366208834,0.9365700813692114,1.6135975598442407,0.18287413336875244
I01987.jpg,6.832205881045237,4.655065469115382,13.441229532600032,1.182918649801254,3.0829804144868245,0.5138247594669562,0.934566068239426,1.6147871128198363,0.17836927222912885
I01988.jpg,6.8134229985450725,4.6395740564119485,13.414286264292713,1.1904703117536322,3.0897752030386263,0.5131960953258737,0.936710073308128,1.6191552098469717,0.17831010631967115
I01989.jpg,6.831779473828175,4.699017723284612,13.623473111062506,1.205423411821227,3.1106665032315366,0.512696263924668,0.9344276822883312,1.6193163673208029,0.18144235708586576
I01990.jpg,6.801904712603931,4.669937508229735,13.654226389082384,1.2207145480591648,3.098321605074916,0.5183058229275582,0.9368619698544436,1.6184275523827854,0.17772384313008646
I01991.jpg,6.79058074313218,4.644205001466149,13.570871975539028,1.2206702219510182,3.085544859227923,0.5201971646179557,0.9327116180084062,1.615463103570061,0.17544816265918864
I01992.jpg,6.78871210116199,4.606086834265179,13.463152668651267,1.2187256718156199,3.0870246508164523,0.5205688379513936,0.9351702932591536,1.6174395688784524,0.17327071549556328
I01993.jpg,6.789721920627449,4.600280197219526,13.479460818986352,1.2293178894417807,3.1054425840804303,0.5189008428920261,0.9324754427878422,1.6201956251366836,0.17191045994906254
I01994.jpg,6.818130355595122,4.685406920497237,13.740147985617428,1.2186445369871712,3.1240578992850163,0.5156225938583975,0.9394546782604986,1.6206361642140732,0.1713571499805056
I01995.jpg,6.826540831334373,4.6842919407896435,13.741471285427746,1.2281397464302328,3.1449696080942626,0.51230794047394,0.9413047118696233,1.623351283237565,0.16814098988436463
I01996.jpg,6.80686639947707,4.630353570512078,13.59281817293062,1.2113122444739233,3.1427967965581107,0.5165144915912427,0.940857337673489,1.6216832200232614,0.16496769205498626
I01997.jpg,6.862923743260367,4.812938197309027,14.028592563536995,1.2251953724714424,3.1701524101501466,0.5054266446750244,0.9429126631181712,1.6249863885419886,0.1699454804543529
I01998.jpg,6.82245880379812,4.688119663267046,13.62127804893045,1.229146455623213,3.1771848680841464,0.512645179872212,0.9363983860006462,1.6234989751447175,0.1708016335239362
I01999.jpg,6.829158212758609,4.735069903719027,13.66508315192482,1.2213418925333759,3.1717607234789926,0.5073398046474111,0.942555447102642,1.627599849543241,0.1681624044604409
I02000.jpg,6.836619223314861,4.82181477105212,13.95719065413532,1.2256653307547118,3.1698198036328282,0.5054802380488584,0.9406376318353632,1.6290832892508056,0.1713045839504577
I02001.jpg,6.8153199443399295,4.75308501911391,13.783717016081395,1.2330866458080711,3.183041048710705,0.5061600959352811,0.937347236314385,1.6295580319740366,0.1733428764959231
I02002.jpg,6.810313078826167,4.7566891858635065,13.772409879794415,1.2391925884985497,3.162175596453232,0.5080364574634056,0.9393128489737997,1.6322976955695019,0.17522422757942366
I02003.jpg,6.818412397863348,4.820297601276145,13.985326913324158,1.2416028515429485,3.161787048401869,0.5047552555775945,0.9415049108390438,1.6328466651271323,0.17271871813656434
I02004.jpg,6.797093036300073,4.784978415258466,13.871056342042506,1.2358061723727962,3.144115561481274,0.5064848703323906,0.9386149319918882,1.633901255715904,0.1695179043108507
I02005.jpg,6.806843017257683,4.806817776394632,13.849424958862967,1.2261937039268882,3.145225200724978,0.5077995807765586,0.9380894213047057,1.631557427207821,0.16776595769138117
I02006.jpg,6.800495287948617,4.797734872591435,13.77146998024055,1.2153595136852158,3.1272136858228725,0.5109083766584224,0.9396849117487884,1.6304401065325276,0.16338406894991783
I02007.jpg,6.814749543356767,4.865130491789309,13.902981412519502,1.2170747067422547,3.1188159377848885,0.5107076533522976,0.9412389006765418,1.6324961684065764,0.1644496800649974
I02008.jpg,6.8504107630344055,5.038067214618391,14.416540575216466,1.2143435923675632,3.096868647893131,0.504280499420234,0.9422001863855266,1.634408045034328,0.16904062187347
I02009.jpg,6.813760466130786,4.9505874437108295,14.19507766021066,1.2035865642705053,3.0912180555914954,0.5095754224022062,0.9413744335891552,1.6349434108192349,0.16731890583766712
I02010.jpg,6.799685743850762,4.936961012202663,14.114742284395488,1.2080544794734065,3.0816611167673096,0.5124256752798436,0.941521146006042,1.6334679579493696,0.17077586792412516
I02011.jpg,6.80904934282982,5.029443414694492,14.330451538560101,1.1941201778595287,3.0683555142515866,0.5110945338267446,0.9398917513981716,1.6284126646927883,0.16775625531031582
I02012.jpg,6.779035681755772,4.936093801411115,14.05974264906165,1.1828951087266018,3.060485012419628,0.5166143539696929,0.9381878514972818,1.6241930838076524,0.16831099070032704
I02013.jpg,6.809116122009846,5.066488633001539,14.457719162521899,1.1918029144480826,3.052896515394546,0.5138497094056222,0.9398253852265792,1.6242013570260019,0.17445312780035593
I02014.jpg,6.780444389664468,5.047954923237114,14.368928278666122,1.1880279812955918,3.0302625601057804,0.5162248922193201,0.938955424746428,1.621999793403762,0.17271572720114037
I02015.jpg,6.7820131323497925,5.05993946213422,14.362204983403284,1.1791287120847915,3.0386360719253043,0.5171043801375372,0.937571354504308,1.6220389720909094,0.17171844511871662
I02016.jpg,6.767053826394271,5.028077219898796,14.306125496293056,1.1590965077267623,3.036504557499141,0.5198990237284307,0.9395500015957684,1.6177729647822092,0.1690842565191002
I02017.jpg,6.798162988172869,5.144591615288512,14.575203265995917,1.1686477047526833,3.0399598193212194,0.5161422794567109,0.9389146806126376,1.6131356036249396,0.17198661344279775
I02018.jpg,6.817972654996006,5.307222527838421,15.024522438660203,1.1555497357323583,3.0329974369698363,0.5079007290428305,0.9410888069667684,1.6108623533791646,0.1722783555958112
I02019.jpg,6.793163849179103,5.220579189034348,14.777704332647113,1.1477270353726745,3.0193516538761758,0.5148773248735369,0.938462523523622,1.6085900259489674,0.16921694503855036
I02020.jpg,6.770474150063278,5.1649983100181265,14.56081998219611,1.1469091609143782,3.013328398044215,0.5192496491282225,0.9404963291122623,1.606166106533263,0.1707321719362544
I02021.jpg,6.777565863750702,5.2376891328660165,14.795639137935206,1.1130348011461682,2.999451684594784,0.5154952172342318,0.9410605496787322,1.5959495262165806,0.16680692765927105
I02022.jpg,6.763998105239411,5.205880637289999,14.688673294813412,1.1138598270099687,2.9870576257809804,0.5194223031114197,0.9386362706154285,1.5896550517946797,0.16381416600723692
I02023.jpg,6.748730579407006,5.208160267419695,14.731703403597585,1.1054118995622302,2.9873837612717002,0.5196310184471611,0.938625400169678,1.5846863448934316,0.15998121987479813
I02024.jpg,6.731597181092228,5.169075060354104,14.583659310082261,1.1105024102895522,2.981916064090746,0.5206466760098442,0.9390278556560007,1.5860095319502636,0.16337096294135028
I02025.jpg,6.735260982201199,5.225420988611782,14.75794121969991,1.109444102636428,2.963509619285993,0.5217767527131647,0.9385650419823159,1.5797450210455959,0.16391859591206043
I02026.jpg,6.732208251804697,5.220634470403055,14.754662876295656,1.1000025980089512,2.9668497332339205,0.5229444679318901,0.9385990996831782,1.573070536645408,0.1636252741352601
I02027.jpg,6.763272884177475,5.346670335586815,15.085353564198048,1.0916517729071922,2.9747845493397733,0.5140009724693652,0.9415686449246304,1.571109615832547,0.1633097117924004
I02028.jpg,6.701522621471231,5.120014609943071,14.404955999687786,1.08718075456023,2.9648818438329823,0.5217901932224542,0.940078865941267,1.5697848900688989,0.16196526113886936
I02029.jpg,6.699965246634873,5.131964359738205,14.40009106044193,1.0821734682260638,2.9463123244690843,0.5194405854064034,0.9395586922814224,1.566463687575266,0.1606896141924315
I02030.jpg,6.760235076591707,5.3920296520733295,15.176258649388433,1.070924777233448,2.9683086196567254,0.5084142401512545,0.9444518059233922,1.562798435436569,0.16260656627884962
I02031.jpg,6.731813197922048,5.294702895014697,14.88776022146262,1.0495790263409537,2.9732060709400496,0.5109560582160544,0.9408019156002541,1.5610203900097075,0.15554659259476114
I02032.jpg,6.756312472761873,5.366913123428424,15.111412224268276,1.0643094475400732,2.9846701381123757,0.5058382808919653,0.9437940493770525,1.5612685371445445,0.15611940554305404
I02033.jpg,6.717093518910071,5.226997922433582,14.685305947930187,1.0429127287842612,2.983880993682967,0.5077653154132961,0.9408375967430359,1.5592895624727647,0.1546126245622455
I02034.jpg,6.775298202880997,5.433545102161106,15.294791681272727,1.0442661834689562,3.0156137369990352,0.4940872157948144,0.948735733640389,1.5615270968871413,0.15483817451148837
I02035.jpg,6.756497958997092,5.35127875255388,15.129019782634078,1.0313889898683382,3.016081130514716,0.49408589012032916,0.9473770840754655,1.563450238673635,0.14834163064262054
I02036.jpg,6.745215658195839,5.28565662881387,14.906967421178543,1.0333877358699586,3.0372422669905363,0.4922369745171765,0.9506615267388873,1.5646440170110933,0.14654295178018895
I02037.jpg,6.774942371304547,5.437137137874115,15.401483149709456,1.020315403721248,3.0423179795533093,0.4857812979189595,0.951746176611681,1.5638958899107285,0.14299444130140868
I02038.jpg,6.78526211873837,5.455211601694881,15.442153680562749,1.0233435274443785,3.0486600431103366,0.480968344806386,0.9519543550394352,1.5666792091106456,0.1397440009795239
I02039.jpg,6.772073767989172,5.420126071439306,15.261070094087984,1.023200534161734,3.072916027712761,0.4811432845244071,0.9501564469177105,1.56825027820862,0.13748515118114144
I02040.jpg,6.775839052652157,5.454858003441647,15.385821853028757,1.0352500574890977,3.0831408746558004,0.47631975961489437,0.9511275976966874,1.5717137694653953,0.1382456529410708
I02041.jpg,6.807498287835164,5.606101760294203,15.71757721329475,1.0444671268653791,3.09430398816965,0.4679711123910207,0.9539056748103225,1.5721893271457712,0.13507799025163386
I02042.jpg,6.81924377970847,5.643916453392688,15.861394606025009,1.0337440660348067,3.106737677458071,0.4667032349929051,0.9538785383993366,1.572096224028484,0.13427867177856243
I02043.jpg,6.817009573590649,5.6455965697642,15.775008836733486,1.037716619934515,3.126119925461544,0.463173502266867,0.9543956114766986,1.572233335031223,0.13248187857460417
I02044.jpg,6.784854048463945,5.538723397117412,15.446454892628276,1.040833545774091,3.1504651907564964,0.4623668664378994,0.9508520156259869,1.572577769536454,0.12604526693780058
I02045.jpg,6.827333471533633,5.688039863507725,15.823961203243792,1.0363949512738886,3.200803044109991,0.4519312139562661,0.9559677646293666,1.572490792012204,0.12488434650086135
I02046.jpg,6.8625177524667835,5.834424180498119,16.20560820001375,1.0440258752742846,3.2381467386951135,0.44383277795785536,0.9579367237977241,1.5703393962739929,0.12324108253875003
I02047.jpg,6.902812192961135,5.998330529747083,16.62691874892439,1.0454082202914436,3.2701531334288187,0.4350176633007487,0.9602442549101756,1.5658376656410196,0.12062355319194207
I02048.jpg,6.911350190485982,6.049826098220231,16.751983987710524,1.0633141945760745,3.290002836360128,0.4301800714596427,0.9606379972505658,1.5709259501256565,0.12237816669040512
I02049.jpg,6.9140564432606935,6.0268160722357,16.634847536828506,1.0719597370795135,3.2975819873555947,0.42714943317990883,0.9600828055275653,1.5695225285552061,0.11712407059204702
I02050.jpg,6.950638573312321,6.1475926728943,16.896943793444528,1.094134231703231,3.3222142048026395,0.42005061233011254,0.9604935025570231,1.566282212279023,0.11782829385004355
I02051.jpg,6.932669472291162,6.0165117294377435,16.532057668657096,1.1043841293259073,3.3365285195792094,0.4250521120279113,0.9610378865431448,1.5640165312625594,0.11851270171905796
I02052.jpg,6.96529382263701,6.164915397082115,16.870154533097445,1.1004005551411788,3.3357416966301914,0.41964994221620255,0.9617118982718174,1.560660609637655,0.11902161985507469
I02053.jpg,6.969632724778928,6.1793202723148255,16.85081782212691,1.0978150689274124,3.338398172340293,0.41696184085715965,0.9616511193346161,1.5602849008205824,0.11759722926435019
I02054.jpg,6.964622956572074,6.140469484496782,16.747758300388604,1.0960262666577458,3.3410829861200235,0.41736179481509517,0.9611037641038234,1.5589173680332105,0.11842020604150502
I02055.jpg,6.957540837089543,6.099394286967814,16.649911308130967,1.0926738154539097,3.359288840471074,0.41725579806270713,0.9615570146158908,1.5542931046973134,0.11738923786058839
I02056.jpg,6.977341332186171,6.181591634947795,16.904305979890587,1.1093034875354006,3.349308036010215,0.41007917498066065,0.9600760850136112,1.5572928341292778,0.11953961767784448
I02057.jpg,6.94204915984023,6.0424665026580735,16.465063001165618,1.094947197565423,3.332899566680492,0.4208334189402419,0.960296199005748,1.5526123084195613,0.11958184126649106
I02058.jpg,6.979891109993071,6.247189775857606,17.03301382753562,1.0890034173334622,3.3439920607584535,0.41067033805711667,0.9605991797613829,1.5526661067739624,0.12314346516606654
I02059.jpg,6.969897016987857,6.208440642390723,16.926185534260107,1.078128704191073,3.3518736866572896,0.4143076223090039,0.9605870887559232,1.5522804660171365,0.12670885850992888
I02060.jpg,6.9914507137582795,6.303106453466741,17.18813590623988,1.0758729023631604,3.3793169127657396,0.4133733417111368,0.962010867985797,1.5497126151452667,0.12549141199946243
I02061.jpg,6.980456350092433,6.241597863170218,17.03865136443103,1.074206158468142,3.3733284734693516,0.4165291608462007,0.9615403605278001,1.5496836279104986,0.12547548110326903
I02062.jpg,6.980083977836725,6.296804286151783,17.20862738912221,1.0599215295307212,3.3604203058612576,0.4162446676469704,0.9600033912851881,1.5484932666843771,0.12011715523346457
I02063.jpg,6.988846410097863,6.340290869790629,17.290649922860098,1.0684539715826975,3.34999445398236,0.40962761986908003,0.961275105380048,1.5517483141034956,0.12472429991978588
I02064.jpg,6.992130067105128,6.440191362537725,17.548182968335954,1.0660293844275424,3.3386444472418892,0.404735903866291,0.9595894793084091,1.5533120259416977,0.12263005863878026
I02065.jpg,6.986596729354776,6.440440073171403,17.58250857651255,1.0600928850672542,3.3374380491877442,0.4092575541136089,0.9598480154553061,1.5536225791774199,0.1230582662535222
I02066.jpg,6.990855509393199,6.465754052553161,17.532583898609033,1.0403960923702886,3.3328089792952453,0.4119293989721106,0.9596560243044039,1.5523899528770886,0.12065353900441006
I02067.jpg,6.9788486173347355,6.438996322749577,17.47013426677138,1.0230123039556243,3.3310140673906456,0.4162941720923626,0.9583262237156711,1.549622963280151,0.12101031538223439
I02068.jpg,6.9910406368338265,6.531951294504085,17.7587182572999,1.0028523375716438,3.332054820867388,0.4130575046206917,0.9587975325830868,1.5428331933897466,0.11758247100564838
I02069.jpg,6.993973816635596,6.539259821017326,17.73001282513388,0.9928959646287971,3.3446208448041292,0.4158435884868948,0.9589883186012232,1.5372603963535447,0.11670458462822444
I02070.jpg,7.006187505018914,6.614648442966199,17.921335033619982,0.9877450663249184,3.3409133443477197,0.41513149096355606,0.9589328971398194,1.5322972808470618,0.11673397759147183
I02071.jpg,7.0159238156792565,6.664189903950507,18.038808331065052,0.9996197087916705,3.3427126368569517,0.4107515899737845,0.9586718135334334,1.5304137163322713,0.11819107708218266
I02072.jpg,7.031021326379656,6.783555733048019,18.32864634829273,0.9986835096113046,3.346198397819565,0.40891824473179045,0.9571419191343898,1.523215437401819,0.12225659848035096
I02073.jpg,7.028281601392635,6.785737616399971,18.339326532661133,0.9878211221466016,3.3520958895367805,0.4167023146180263,0.9565698769275398,1.5152649292836757,0.11809103680758139
I02074.jpg,7.01541130292226,6.7677883120257585,18.24751821360599,0.9793260536300598,3.336390807389388,0.4203805688168231,0.9556367737180239,1.5147316058703575,0.11754304671586015
I02075.jpg,7.026123372119057,6.8302606440491855,18.3464985873781,0.9773193832606741,3.3554542115783557,0.4177818002738612,0.9576104478059763,1.5126043349231018,0.12050727745362991
I02076.jpg,7.026719143257954,6.871454394954335,18.432836731645246,0.9787412720010356,3.357425353421716,0.41866128415975407,0.95684558925487,1.5134361398195066,0.1197255614778182
I02077.jpg,7.044864822699583,6.948759481878009,18.671755860437035,0.9779282441568675,3.358561591375171,0.4171706308236617,0.9560683388505415,1.510278559954275,0.1194550641619151
I02078.jpg,7.0301285987649615,6.849603285232757,18.35616615157734,0.9627455629983703,3.3745572449716352,0.42129305436415704,0.9542563946724547,1.5059611079836785,0.11576681277716583
I02079.jpg,7.044427810196352,6.922615167271444,18.508708866951487,0.9516499493739663,3.3873388176466457,0.41282278709222187,0.9575631623948139,1.5103359703749208,0.11566901284679747
I02080.jpg,7.023063906048148,6.840552616126238,18.299205925394684,0.9445238929160484,3.3876437579404697,0.4160926790461954,0.9518979842847031,1.5106909779573718,0.11545025002610164
I02081.jpg,7.053593851324771,6.993577315580161,18.733840667411496,0.9424633760100731,3.384714169165883,0.41036045261820875,0.958302316260303,1.5097180241192785,0.11418072952350344
I02082.jpg,7.045602305717365,7.000881592259502,18.777629153267647,0.9353881083590904,3.3801896466535983,0.4128989042823834,0.9547110204938367,1.5076945118486296,0.11095790524126735
I02083.jpg,7.076525885294917,7.109359145395229,19.02334938151472,0.927174009191122,3.4047754936406163,0.4053327953538407,0.9599515854608212,1.4996980224712089,0.10819598709025834
I02084.jpg,7.101814299833083,7.1878693416591775,19.204964667818498,0.932349401073256,3.4220195141985545,0.40484688293055204,0.9605670356062389,1.4979062312287077,0.10768866641661196
I02085.jpg,7.1236524724556975,7.246390001979841,19.33131182911066,0.9325963380206554,3.437868760972882,0.40275637456160435,0.9610084417937388,1.4938027569073462,0.10899758670109612
I02086.jpg,7.118553719811573,7.153974896962457,19.07053270164496,0.9399945671175447,3.4514887742135123,0.40475782902072566,0.9612685662161682,1.4930852844467004,0.10843505654236801
I02087.jpg,7.151624821586594,7.291659114042129,19.43763791641381,0.9397678441456689,3.468263772655389,0.39014392359766803,0.9629089017358076,1.501067555483469,0.10972753957281434
I02088.jpg,7.169182681752232,7.322156654900779,19.38899715777775,0.9267340498732878,3.481625345374754,0.38614940806549725,0.9610928161561445,1.4967967714327486,0.10846776294652488
I02089.jpg,7.175811975007499,7.29487136093717,19.283778773220508,0.9180432623380737,3.502553648323254,0.3896752248642914,0.9625513947027989,1.49359695656274,0.10712881601753696
I02090.jpg,7.182893820082408,7.264452366860392,19.197008964582857,0.9192368445845511,3.527142232054528,0.38825329757830446,0.9620998629538677,1.4929919995570466,0.10330910918114242
I02091.jpg,7.20365256184493,7.333560906838419,19.332103446132308,0.9108537633858833,3.5576856147740115,0.3842640374282428,0.963254574336184,1.492403849487401,0.10352282184595818
I02092.jpg,7.243373719103069,7.492393205510161,19.671986573800925,0.9046786958511226,3.593647113008314,0.3718353806309958,0.964726339105931,1.4936081236913408,0.1024258932135355
I02093.jpg,7.254149402709317,7.555218305004652,19.79915505909082,0.8885044314800101,3.604552201136608,0.3702420488326375,0.9646643121796631,1.490440021955919,0.10127926637422993
I02094.jpg,7.241860998255248,7.446055697914318,19.550439886480866,0.8834986780791726,3.6286144261705555,0.3730323132182474,0.9623608052545614,1.4958023213585558,0.10227964314748528
I02095.jpg,7.288290830781265,7.680337091023859,20.112012463777393,0.9018637582688894,3.645398328536964,0.35665983832023707,0.9643659899432299,1.5052950024678515,0.10072378692892214
I02096.jpg,7.264589800313132,7.544160920151894,19.739530918498364,0.8990769633353757,3.6400934549133117,0.36630939762003634,0.9624023375251065,1.5130562512896262,0.1015856856830607
I02097.jpg,7.275319437365404,7.591481919048287,19.85363994322195,0.9008342063423828,3.6435308550311247,0.3603650073552901,0.9634729970647966,1.5214021924740688,0.10004272937982889
I02098.jpg,7.262249047932448,7.49845485157554,19.61125564667433,0.8996603096213156,3.6424806559480682,0.3664251102545913,0.9612508968793474,1.5230907353483931,0.1018422828462157
I02099.jpg,7.270715566104691,7.488158504343025,19.622886501031214,0.915482672039518,3.6510033577734804,0.3620107111212516,0.9631995394050507,1.534791725937378,0.10244132574966229
I02100.jpg,7.287757050702306,7.549106808539745,19.83273615532821,0.9143120142708466,3.682054992471353,0.35543539542117997,0.9636100305891896,1.541117082678667,0.10201095128953007
I02101.jpg,7.26507153589353,7.357853077948491,19.382799663467548,0.9230238958067722,3.677911936732191,0.36292754588242343,0.9592128197377054,1.5485390016482494,0.09979441535201863
I02102.jpg,7.291939233090967,7.498918697932508,19.78704293255326,0.9287326667356267,3.696571213207156,0.34838392181022915,0.9634049233410792,1.5530366187411222,0.10064583100026554
I02103.jpg,7.255010933396634,7.263163583924119,19.20528092904984,0.9422459574139175,3.6889767980426083,0.36060599003073956,0.9570576070797171,1.5547915498383547,0.09865588988754788
I02104.jpg,7.2822390356928155,7.32637119301864,19.29242960525007,0.9576235037912307,3.6998687272512756,0.3555561630905437,0.9612559481322339,1.554482215124486,0.09973057835844278
I02105.jpg,7.292774299052574,7.324098727139522,19.262531730706392,0.9799786740251464,3.719317290566017,0.3521172348207535,0.9621740818352533,1.5587588186798988,0.10019036441928596
I02106.jpg,7.294617100842196,7.266481366680817,19.11562550586279,0.990849635029966,3.720046035961322,0.3518257191537965,0.961364517977184,1.561606097028855,0.10326073978525396
I02107.jpg,7.299024496768972,7.215388650362445,19.02664178005332,1.02975828561734,3.734086691956343,0.34968233568537427,0.9589693493293051,1.5758953995792782,0.09893938461363944
I02108.jpg,7.315475538244506,7.194049960215215,19.008721553487998,1.0344702569492241,3.7534867453512684,0.34940388049020477,0.9599927149792209,1.569488341501347,0.10126040460438142
I02109.jpg,7.345351966407535,7.2877505083727625,19.276793725825858,1.0560910947661797,3.759631365815597,0.34289832889752897,0.9616989652631511,1.570779494323923,0.10184231853644328
I02110.jpg,7.358517184909425,7.281723258547341,19.355743909855843,1.0767033849757515,3.7700726094618986,0.3430267894393178,0.9612784188100182,1.5730379570325095,0.10632422721778906
I02111.jpg,7.362152652569164,7.209329874190384,19.306288264296626,1.115298536524559,3.7541074561727834,0.3424335741690137,0.9608255935614081,1.5786742428972533,0.10942921773114365
I02112.jpg,7.3812230555962755,7.245922141062948,19.43471348477497,1.1428330148561443,3.751915290788612,0.33740954748522334,0.9600663192189247,1.580799413305256,0.11288723939711529
I02113.jpg,7.385240934424538,7.145944269009448,19.205998778848688,1.140561483482168,3.730602354610281,0.3402458182463285,0.958648083921314,1.5751563408292792,0.1174162344568733
I02114.jpg,7.373851400916945,6.99298396853864,18.85804531656886,1.170036026506827,3.7143276289371716,0.3471566570934842,0.954077737607685,1.5815829969172936,0.11958406667401651
I02115.jpg,7.379522718862334,6.950871946350753,18.81912299546999,1.2198694313942384,3.7193329693601305,0.34339405890095814,0.953478101969034,1.59830711431688,0.11764578374922705
I02116.jpg,7.383872661456447,6.845501738684938,18.9578342425148,1.2612129796885085,3.685582227284379,0.3389863864338532,0.953349064221683,1.6105150742308703,0.11726214465339634
I02117.jpg,7.366422328873425,6.60083669420145,18.659394646623223,1.2863050267852252,3.6466963901182434,0.35132364795623633,0.9475445405509733,1.6171902143403853,0.1205762217618651
I02118.jpg,7.366670723364234,6.481833402920972,18.459467637656463,1.286978733314674,3.601332197566493,0.35950628736951346,0.9461859261265907,1.6194247980894787,0.12335109295765388
I02119.jpg,7.382312753184849,6.4378146166611865,18.32194304143874,1.3047427704580155,3.568605856595425,0.3520433939386305,0.9448440203067062,1.6202183363543021,0.12904254215534441
I02120.jpg,7.364473363079568,6.297805849167396,17.959525658748753,1.2932846399622702,3.531580922006132,0.36847504526198666,0.9421839108968237,1.6165721031807045,0.1321917809120681
I02121.jpg,7.3604523096703085,6.2094005041699125,17.71499975441771,1.2906328628196821,3.490693216140368,0.3731840493081288,0.9411890990248774,1.6106793101290844,0.1367994750489229
I02122.jpg,7.3525906725231,6.1048400407896555,17.455209662526116,1.2930245825607711,3.4507125861493577,0.38142804896809884,0.9400114015513176,1.599792514575512,0.14271428994349594
I02123.jpg,7.353852283241189,6.0722311268597355,17.37859763149072,1.3082975132855936,3.454683836040941,0.381283209231306,0.9391601610043615,1.5985714359156065,0.13715608071157798
I02124.jpg,7.340587957856365,6.061663676675239,17.30177430193499,1.2924844009733791,3.413033358987369,0.3889443928452732,0.9390077430792352,1.5832525467598313,0.14025383259299565
I02125.jpg,7.319540695768715,5.951002402851053,17.032585282248224,1.2865930961881757,3.3879670160801463,0.4013554627511182,0.9355003545326861,1.571640113592685,0.14038261010315584
I02126.jpg,7.288744935060162,5.890353078642552,16.89533179667117,1.2745338746628687,3.362177927807074,0.41028647593435263,0.9328223504317033,1.5596132806394092,0.140696994361154
I02127.jpg,7.283980199292111,5.986115794073725,17.16321635681332,1.2632331005313944,3.3456537743796617,0.41440360227898515,0.9309829594114034,1.5417856033292296,0.14031627237826827
I02128.jpg,7.241174505765368,5.933564874471501,17.012933013031066,1.2455559887147711,3.3153849169069325,0.4187121895698042,0.9344613680795769,1.5236779141993377,0.14206963661681496
I02129.jpg,7.221295534689738,6.010808473974662,17.265611719230098,1.2207277232883191,3.2804034303107423,0.4199667620531354,0.935168517102763,1.5015855049377793,0.14500445629425437
I02130.jpg,7.164531277080437,5.967738845043301,17.14155221967952,1.18699699128282,3.2264258805274357,0.4295728850487699,0.9306566824000384,1.4875529947496937,0.14517587476894522
I02131.jpg,7.131940537654395,5.964807079715188,17.22051641681412,1.184984053283047,3.206336345113041,0.43137637181904703,0.9355889517790702,1.4805505427125432,0.1476243652038188
I02132.jpg,7.033634830713825,5.81269170623386,16.844016127076575,1.1501118203987053,3.146587852530159,0.44286159670352204,0.9364857424026714,1.451553226664821,0.14364553669296984
I02133.jpg,7.008172076006117,5.813981557891569,16.790488269360406,1.101774706441435,3.0936323043446805,0.440107415724549,0.9403927547642061,1.449715735038713,0.1344095969548311
I02134.jpg,6.989909537208988,5.868179241622144,16.904803927680835,1.0769596982138054,3.1341481844748946,0.43934870560085315,0.9419809172224755,1.4540173817635877,0.12858816993401362
I02135.jpg,6.995879703721513,6.0503422918065715,17.39477600403041,1.0764697746977336,3.1782146897549133,0.4304880465089224,0.9392044389507709,1.4728541604286778,0.12199977535770146
I02136.jpg,6.956428955643618,6.063703119973757,17.36120687882083,1.0554088494042602,3.1915789241638857,0.4223036288885602,0.9448912912607368,1.4882406053428263,0.11500045674635544
I02137.jpg,6.941815222637518,6.21614196198996,17.78635249767553,1.0637650188367622,3.202975113435366,0.40636254856201814,0.9498707293360669,1.512643073671698,0.11036610878207083
I02138.jpg,6.893210502457224,6.136409844911647,17.53300065968039,1.0525462809859636,3.190836267342088,0.40240868868771745,0.9499083140975205,1.5324835921328739,0.11125463085684568
I02139.jpg,6.897367613051218,6.191199010270814,17.714679802771087,1.0547432416835758,3.1895916260790846,0.39435903663495503,0.9510137116810957,1.5405229513384153,0.11222188235760644
I02140.jpg,6.9191509177041,6.331559046240577,18.03442080983136,1.0374008177850307,3.189386527495235,0.3831161465228568,0.9518093242258812,1.5395065911933328,0.1078820962123451
I02141.jpg,6.911412609503655,6.348181829058282,18.086766638926385,0.9928264397536597,3.191559613499765,0.3905232628021847,0.9506144142431789,1.5256471310708009,0.09970252278766613
I02142.jpg,6.890260074752688,6.29589227604369,17.84441499310298,0.9580573682704429,3.181138089577205,0.39832722370977147,0.9497646184621485,1.5050615128548013,0.09447015355847514
I02143.jpg,6.933970734873886,6.506504400311491,18.32054338847567,0.9302203742619362,3.1731230358479134,0.39655477519851673,0.9498976184461492,1.477688567905858,0.09511170621543086
I02144.jpg,6.912182359312408,6.360045324060912,17.83258800210842,0.8699225755753932,3.154170867090898,0.4156465271565114,0.9424272601254738,1.4342512460954566,0.09067225614657477
I02145.jpg,6.905451599674097,6.391704772690274,17.845020193622208,0.8330019761168377,3.140916516879834,0.41096629545977353,0.9456593715983261,1.3960681792799599,0.09098346020059854
I02146.jpg,6.914754055520114,6.416984272613953,17.945111796181457,0.8642750092165947,3.1631810696969804,0.3986169889452647,0.952746944129819,1.405401259097959,0.09562569233723434
I02147.jpg,6.923310786492194,6.434678704607882,17.890054335234623,0.856734322123562,3.16139260950609,0.38665654910665026,0.9555453265004663,1.3766038864913974,0.10054944414895724
I02148.jpg,6.911861796675869,6.276653499697689,17.261796637713143,0.8453597594154081,3.180778191166368,0.3986954607291172,0.9519792289991177,1.3482916754488108,0.10050709115876033
I02149.jpg,6.946893951769213,6.308181716549754,17.216234002687525,0.8414137141384455,3.232771855698912,0.3869551854834748,0.9575240900271232,1.3348786376844246,0.10517316658918487
I02150.jpg,7.01578289515126,6.523924108276834,17.54873160672594,0.8676198385890934,3.2858007150326656,0.36686180691973574,0.9598657309329434,1.3369440615614456,0.11464517261707088
I02151.jpg,7.06361357360803,6.643748662047004,17.709674833846844,0.9086766050356474,3.3518431650805,0.3595209847016442,0.9614190825474015,1.340466899935781,0.13067972955831086
I02152.jpg,7.0950137864518155,6.674553841597277,17.688919866102953,0.8809973037453606,3.411131091833953,0.3699352220680439,0.9626747224716516,1.3168781363324427,0.10914941380450499
I02153.jpg,7.13755119478717,6.804780512154956,17.960643418591772,0.8613357992966937,3.453360560964489,0.3657771507632648,0.9629687395599653,1.312395647988876,0.10489411170933595
I02154.jpg,7.129795344421852,6.780862312513375,17.880806851942406,0.8642657103383923,3.4895536116536325,0.3644875240474254,0.9620080685983898,1.327454121324566,0.10915089644735351
I02155.jpg,7.1849504290281265,7.000530504433962,18.48295203508824,0.8725861731790736,3.5060219663652608,0.356115870079407,0.9651601126591974,1.322357896696073,0.10178790668977446
I02156.jpg,7.1923783267446,7.025615194656294,18.667318927898627,0.8969049297590564,3.530156040016287,0.35094039127033844,0.9662744318217441,1.3388129418138577,0.10666490097370351
I02157.jpg,7.209315523551255,7.110709613933252,18.92843810236592,0.9229067650288556,3.5350345018760123,0.3475828632052294,0.9664686204375805,1.3521890625998954,0.11144714449498402
I02158.jpg,7.210136460277677,7.159908389203816,19.035254557108544,0.9349737013449774,3.5391199502300736,0.3467263370759693,0.9658621800646371,1.3631562994925135,0.1157564877370852
I02159.jpg,7.202657821172123,7.218636178415273,19.15929938864481,0.9394662077896129,3.535335383465215,0.3378878348044313,0.9658883603857846,1.3708201611059536,0.11583459731306911
I02160.jpg,7.1935214594632235,7.197351219542373,19.258401925663307,0.9405115393598571,3.5253427690205337,0.3408589391130283,0.9643864385125795,1.3660165127718635,0.10474420444689025
I02161.jpg,7.169300661574419,7.140830740161384,19.048147119890178,0.9426830865458331,3.500175771309749,0.34225706790536536,0.9636341090606665,1.373147606645729,0.10467463848552964
I02162.jpg,7.177364805991653,7.202035803021975,19.237515049873714,0.9680612756746911,3.516120407267816,0.32622097184970184,0.9645928337180001,1.3921119021625905,0.1180724752490034
I02163.jpg,7.158629974001447,7.152834350523699,19.108391000229375,0.9744997066675494,3.522429412888883,0.3315354801118633,0.9624713111993796,1.3951556693314988,0.12230349078181335
I02164.jpg,7.171786903813914,7.230402730163322,19.410035527187134,0.9611362306702619,3.5495525301203137,0.3326159081839285,0.9587136838601963,1.3857268589274576,0.11673394952381579
I02165.jpg,7.183779009754408,7.291419731728557,19.487987281510467,0.9284946845217175,3.564604977770296,0.33209247383588897,0.9632684065341626,1.3677204371511977,0.10930511040704335
I02166.jpg,7.205843998921231,7.339211885147337,19.679517133503126,0.9296086489879679,3.5741339077487346,0.3273199979387971,0.9640224981706433,1.3577364680647306,0.11081133150502727
I02167.jpg,7.195150103218308,7.292127325313237,19.628243768390806,0.9378625417876154,3.58826764511277,0.3294472820383821,0.9643376917721487,1.3494672487130839,0.11830792409963309
I02168.jpg,7.252606176177732,7.45148812690134,20.096787861569847,0.9280715891711053,3.636279542421934,0.3188192888165442,0.9658942380886245,1.3420464274212338,0.12461680876473089
I02169.jpg,7.254091513831899,7.384873733454046,19.94039640280454,0.9075498581737823,3.6618353564398993,0.3186450629602885,0.9673170933316219,1.3346749577453565,0.12436113505118687
I02170.jpg,7.276009387925393,7.486155915296351,20.19241615912116,0.9140943569275249,3.6642289556881096,0.31026269477425417,0.9669191490412606,1.3326377285087396,0.12593578617906465
I02171.jpg,7.266633360612822,7.279465056383502,19.63739383216642,0.9056368795055005,3.6773674147505675,0.31151230597743257,0.9654551785765804,1.3289313414887962,0.12309976637943794
I02172.jpg,7.287544653333331,7.322685456045978,19.815200146926223,0.8969916494330362,3.689741616691885,0.3097884383632999,0.9671652065708259,1.33005931319454,0.12000796950744809
I02173.jpg,7.261926580510532,7.207072676260632,19.429751860302826,0.8822050738407343,3.685153821436882,0.31489951717443987,0.9680075393987393,1.3281870059711516,0.1237907534159483
I02174.jpg,7.2613070762426,7.166667338942283,19.291476357423235,0.8772112560314498,3.691418787061817,0.3134591071973647,0.9683733033888098,1.3269351685342996,0.12428161266404712
I02175.jpg,7.294565079831696,7.277820847666269,19.569325533554682,0.8590509881632331,3.6907729661925845,0.30612690633170936,0.9679402906645732,1.3267657044064518,0.11999872782154318
I02176.jpg,7.28511380012975,7.207549534756639,19.36131592982031,0.8513830373513542,3.701930375525762,0.3032454141732526,0.9690038026829457,1.332567120454325,0.12204622341271673
I02177.jpg,7.303076440878381,7.333979424495347,19.712599157993488,0.845521366331511,3.7200038752631825,0.3014990407891998,0.9705629710976227,1.3343786303771237,0.1206684060246573
I02178.jpg,7.301941393933852,7.280759279130795,19.591892033590895,0.8317711905310692,3.728465219259974,0.30075613931858536,0.9711244956152526,1.33313000999262,0.11742528462723065
I02179.jpg,7.308110402854242,7.319789457681366,19.827259919284426,0.832783527064235,3.7170306352262674,0.2975434452292278,0.9706855186342385,1.3291357657531533,0.1133250639994569
I02180.jpg,7.287969903948852,7.2044675917971395,19.65057851328715,0.8207452964950441,3.719525773697518,0.30079110549168103,0.9705989804681739,1.3231849336791754,0.10587450513112871
I02181.jpg,7.267866760722011,7.144368487017304,19.594038193302275,0.8264746998966624,3.695573049562013,0.30365047252797966,0.9701256883230434,1.3208857155168112,0.10770255476050469
I02182.jpg,7.263875640166918,7.091023195354376,19.57711780795801,0.8323121412707513,3.7028725133362657,0.2995395871355673,0.9703671179032044,1.3201545374721662,0.10866378207746226
I02183.jpg,7.2503095180614086,7.004163075558349,19.35244734231965,0.8453715943917633,3.6953639749322704,0.3012312575590813,0.9712388537545984,1.324991455696128,0.11189089242529145
I02184.jpg,7.199147499177239,6.810327974815833,19.150609215722962,0.8575976275319854,3.6623719933476453,0.30731723969891284,0.969828661625922,1.320492121856721,0.11186486316008165
I02185.jpg,7.180058915570222,6.743008339278312,19.05700901307731,0.8524026670532928,3.6362893598663555,0.30499451773226854,0.972153033029706,1.3155749973016717,0.11070410492017874
I02186.jpg,7.155772377463455,6.697434361541448,18.95482851141257,0.8487285953493936,3.609692242260641,0.3025012140064092,0.9715545483771757,1.3182483714295188,0.1097734166974332
I02187.jpg,7.1317858371913925,6.633320560624188,18.84340744900496,0.8583535562901085,3.570904834007736,0.3030417454012619,0.9724353566547034,1.322411313734886,0.11102296694028253
I02188.jpg,7.075419604200501,6.48168345285441,18.503500182265462,0.8549677042437609,3.557486683165661,0.30301481058333396,0.9730413660081274,1.3211723206271038,0.10878544535002425
I02189.jpg,7.047455143535757,6.447013561747724,18.453956597248656,0.8321231549999721,3.5161404395571494,0.3012580962428538,0.9727224236016547,1.3200394773591921,0.10861520969267088
I02190.jpg,7.053606553211801,6.482495808348033,18.696207558842872,0.8272443168422883,3.4938892451404233,0.29583841296939023,0.9737366163081144,1.3233059428766778,0.1057471012635522
I02191.jpg,7.004699981791551,6.356239366319928,18.325639400475897,0.814295724041278,3.4689329633653534,0.2960011376238066,0.9736684081907234,1.3219878107623169,0.10437892559777522
I02192.jpg,7.018258080565908,6.428384875997071,18.553570754577084,0.8250539672501821,3.466935235977888,0.2915845964449405,0.9752527989235525,1.3298000437259887,0.10845261289339476
I02193.jpg,6.982108695426019,6.2750918306215455,18.175872234781416,0.8358418850547968,3.4506230326400966,0.2911618272011281,0.974695004472282,1.3205287474075662,0.10513152519966441
I02194.jpg,6.945452262308893,6.129640541226833,17.913024310567447,0.8376410156408344,3.4296617704060166,0.29319537358953485,0.9757958348655024,1.3035020660371566,0.09757017547659183
I02195.jpg,6.913471799894851,5.975330006123976,17.587242270642506,0.8616187515974765,3.424656487626551,0.2945245837506049,0.9765710310715874,1.294622552856534,0.10366586459100831
I02196.jpg,6.917037232354547,5.963138100127192,17.65289216292011,0.882269859220365,3.4216465185580676,0.2859484385325523,0.9744771942591689,1.2922877091023521,0.10759541418949517
I02197.jpg,6.8876615817873,5.794427521041199,17.16287719334732,0.897368754873614,3.4133516188815527,0.2858584102193939,0.9757749621673492,1.288286706607213,0.10699189998346284
I02198.jpg,6.890671194265435,5.774697428097176,17.1281130883027,0.899744864220364,3.4448939932023204,0.2826262671083,0.9776944326292065,1.2800525998311483,0.10835757190512614
I02199.jpg,6.893663666860852,5.7439022840250695,17.08796849480393,0.8894691135672053,3.4444720209483317,0.2828618961164856,0.977011830159473,1.2713139549826105,0.10568400080943813
I02200.jpg,6.896364378418615,5.801355314984982,17.328393992457674,0.8881977168158138,3.48153849793318,0.27747708892052664,0.9773008314163475,1.2657801072532575,0.10462926720819979
I02201.jpg,6.903820543138163,5.71013213267468,17.212537022757683,0.9123853886036326,3.4945705556045588,0.27603594779408064,0.9760645947516947,1.2690557591853069,0.10819982451679176
I02202.jpg,6.888904956419067,5.685511554926982,17.160438589194897,0.9575065879871488,3.492299811386251,0.2700286485633642,0.9738617427044322,1.2757935243096488,0.11109893943064886
I02203.jpg,6.858051217416348,5.575625599797201,16.950958765324323,0.9725749651368389,3.484118966688486,0.2705828261432947,0.9746007674693685,1.2809961209390257,0.10639787588670578
I02204.jpg,6.864652992536856,5.541603585546152,16.880819167321352,0.9843997073272202,3.5038113039520473,0.2694268929838489,0.9760471835448282,1.2865522494531738,0.10622979720136597
I02205.jpg,6.849537342970368,5.436628551473812,16.62746047324172,1.0127429814212088,3.5096611603065138,0.26999335154101806,0.9766661305527883,1.2964712420596043,0.11792575385839645
I02206.jpg,6.860218895804528,5.441717779022199,16.736028614908005,1.0153664185765003,3.529826417897852,0.26705076344086276,0.9762304669705933,1.2955102122480764,0.11408337556869673
I02207.jpg,6.836699948963097,5.3423042885446606,16.52531990361054,1.0246533034503444,3.527758082458239,0.27163958493032236,0.9758270827047105,1.2928284378559418,0.12238126274080731
I02208.jpg,6.862848861872346,5.3914599229996325,16.741047413614893,1.0201423540804615,3.54552237140686,0.2701641320776774,0.9757704685693033,1.2840685767459281,0.12052721629791312
I02209.jpg,6.867379970951931,5.320086032278707,16.428018121847952,1.0294874850167899,3.581624715115425,0.26896098775502975,0.9759224863268793,1.271645900483925,0.12913170634812762
I02210.jpg,6.906490646585689,5.436244669152649,16.75861782624326,1.0296154690394983,3.617522134080654,0.2648397834865122,0.976453677547371,1.2703802189416664,0.13258873256760234
I02211.jpg,6.893866695242188,5.357762369730074,16.607863329978812,1.036051119999743,3.628799169475813,0.2648024332434655,0.9755618208034411,1.2727271100645483,0.13587039962599703
I02212.jpg,6.916464260114048,5.413979467119665,16.691189373321436,1.0384823371123972,3.6378005885210145,0.25915477965159783,0.9737272761782222,1.2667214757578447,0.13446311040198372
I02213.jpg,6.925053946777351,5.490524216064565,16.98615307967282,1.0467983218353516,3.661559591420389,0.25474595250839444,0.9728602812823848,1.2652819256418049,0.14092905114265458
I02214.jpg,6.935788778518366,5.467836828140183,16.93582131179064,1.0526782868574092,3.6825946221648467,0.25688317292344587,0.9739033746320255,1.2624003215836042,0.14702014651088316
I02215.jpg,6.916024111746727,5.313798770024246,16.513116351620518,1.0739532752483003,3.6923575725564275,0.26728400619427173,0.9708539637156713,1.255959711729607,0.1507009288158258
I02216.jpg,6.970366312139742,5.405518808324353,16.850376006743215,1.07276247795448,3.7169441360597943,0.25878157606873214,0.9739783733053893,1.2541533515491317,0.15381623073326436
I02217.jpg,6.98209931696903,5.300381272767662,16.492462906448758,1.0709224573957996,3.7572835046215953,0.2574719231020404,0.9739336863504476,1.2535127474138477,0.15283465260831655
I02218.jpg,7.019564052550319,5.259940917551484,16.321416408462575,1.085837363372157,3.802116510845586,0.25890431675153247,0.9741916088518519,1.2599748154518933,0.1454472123418888
I02219.jpg,7.003365645056887,5.140422902160184,15.98325324178956,1.0941294072085233,3.8272342324041366,0.25693165612767993,0.97418283284975,1.2706151176942697,0.14261268998677643
I02220.jpg,7.022636809804664,5.039779517802208,15.594727046093395,1.1011946795935617,3.8595816105798075,0.2556324282590351,0.9736395276577189,1.285380896756742,0.13661600200898463
I02221.jpg,7.023501070349212,4.932235737764224,15.251471019537883,1.1032674464217078,3.8949775136617313,0.25960140241613255,0.9728138632831423,1.3011982298034792,0.13082865018564752
I02222.jpg,7.0591042934952215,4.932189694492255,15.113565703029973,1.0955897869515325,3.9270056818955075,0.2517704007847657,0.972047736250892,1.319896793679516,0.1145336250093319
I02223.jpg,7.055018401742997,4.8553429387670235,14.924190579752871,1.1211732809619055,3.9384207053577485,0.25721330849507446,0.9726765977272142,1.3453689905108213,0.12566189493989124
I02224.jpg,7.059083143886702,4.819345310524907,14.830329717653406,1.1388690521283802,3.9593608798047146,0.2606456771837654,0.9725320191622493,1.3645218536335861,0.13859475945421207
I02225.jpg,7.051909083641206,4.69694569434476,14.48090728710888,1.1671393906208616,3.932177153650419,0.26886575812926805,0.9719719897174598,1.3737205821921763,0.15171030032979477
I02226.jpg,7.044206611404765,4.647066813950511,14.365608611691805,1.181216577303484,3.9153783928777415,0.27594658630093816,0.9678500817570312,1.3781625925852972,0.15543636369901498
I02227.jpg,7.054476883874069,4.672020794890215,14.377692629317725,1.1956474847317113,3.8978587775333806,0.2773406877204624,0.9684879885631182,1.3835286423587219,0.15223246876646368
I02228.jpg,7.048040277171919,4.671050749687459,14.30545838852717,1.209379728370436,3.8949014560820725,0.27946793537207393,0.9677976787134147,1.3856846696589051,0.15176631998687903
I02229.jpg,7.0379537880772025,4.648448596563348,14.23697052244131,1.230963064434704,3.860887231598646,0.2826555822445103,0.967075111034793,1.3908144787603889,0.15038171672870673
I02230.jpg,7.028856151919644,4.611968263337727,14.136088502897989,1.223396302824408,3.8406195266379592,0.2901888895160992,0.9652840315639669,1.392427915593462,0.152542911971099
I02231.jpg,7.016541843716879,4.550533507199579,14.032662244968792,1.2099595242491534,3.7923311110334144,0.29384780152845913,0.9631259659565586,1.3940931733139448,0.14938634537672368
I02232.jpg,7.006652896832203,4.521646887395688,13.932593328693159,1.2356769775560594,3.7590246621553915,0.29498686237736915,0.9627625729641774,1.4058955045272636,0.1510064628705979
I02233.jpg,6.997830205516861,4.475062550997702,13.866004635756601,1.250199879704446,3.7401492312476368,0.3020256511412129,0.9611189527135049,1.4178712590020583,0.15882389628616592
I02234.jpg,7.018223523616182,4.428581862029526,13.774476320959234,1.2224154699494005,3.702293648895814,0.30706346483393077,0.9579455050231432,1.425024948461836,0.14887287237217522
I02235.jpg,7.005593616928845,4.376161819883272,13.594421749235178,1.2408571653544036,3.6828346084632457,0.3120255633356787,0.9580631322409136,1.4373939388553882,0.1596060341591739
I02236.jpg,6.996094647184071,4.294947549938594,13.335288995670068,1.251542343794934,3.656658922752878,0.3227282963363696,0.9538629050256038,1.4453772016529487,0.1656770344267773
I02237.jpg,6.990975282644031,4.28843837277107,13.30100822693307,1.2480742404952339,3.636004078936942,0.32627125200850504,0.9536034597676384,1.4510098424115707,0.17035363379144827
I02238.jpg,6.9924109880897864,4.300399302254686,13.320492054666426,1.24385957625043,3.6051759573239304,0.3281359996175839,0.9527310155447657,1.4551539817262658,0.16675943024621737
I02239.jpg,6.984652760627198,4.320474903372755,13.367818646572337,1.2481732519608961,3.562824695327309,0.334394065835934,0.9496623247694822,1.4573414021458866,0.1667968420210652
I02240.jpg,6.975206954666247,4.278705903109624,13.279364773927238,1.2828900055269918,3.537473416375609,0.3343277306338237,0.9545245948765939,1.4607400853263515,0.17208122222518568
I02241.jpg,6.939277580761014,4.195621071147251,13.050939508664637,1.2942069378678083,3.5156082609775647,0.34603043151172275,0.9509930746373432,1.4566010200432227,0.17091114923798648
I02242.jpg,6.93912434223493,4.183377736030168,13.103060561503614,1.3245415477563525,3.5091560116809593,0.3497439402381636,0.9520805698273265,1.4555756609016137,0.17138539859426122
I02243.jpg,6.930214172489266,4.114974892856161,12.955204212071322,1.3384645552692276,3.511894442700176,0.3597047331875153,0.9444614907254021,1.45489778982034,0.17105479102526924
I02244.jpg,6.947537146953859,4.062537118123275,12.805925501156738,1.3544684148704342,3.5188577440839266,0.35546148591064497,0.9530359047229418,1.4561575074058952,0.1658784087102217
